CIK,Earnings_Year,Quarter,Word_Count,MyLex_Count,GPTLex_Count,MyLex_GenAI_Score,GPTLex_GenAI_Score,MyLex_GenAI_Sent,GPTLex_GenAI_Sent,MyLex_GenAI_Fog,GPTLex_GenAI_Fog
COMPANY_100231_T,2023,Q1,10859,62,170,0.00571,0.01566,0.40439,0.3194,18.89054,15.32765
COMPANY_100231_T,2023,Q2,10870,51,160,0.00469,0.01472,0.43017,0.26799,19.19626,11.97011
COMPANY_100231_T,2023,Q3,11480,81,172,0.00706,0.01498,0.3235,0.25238,19.36614,13.49142
COMPANY_100231_T,2023,Q4,11218,42,113,0.00374,0.01007,0.49252,0.37153,17.38881,13.5806
COMPANY_100231_T,2024,Q1,11811,64,178,0.00542,0.01507,0.35173,0.2337,18.3725,12.76249
COMPANY_100231_T,2024,Q2,11303,58,152,0.00513,0.01345,0.37999,0.30521,18.4097,13.40047
COMPANY_100231_T,2024,Q3,10718,58,150,0.00541,0.014,0.55544,0.30763,21.26286,12.86953
COMPANY_100231_T,2024,Q4,11142,57,154,0.00512,0.01382,0.37542,0.25305,18.33397,13.14418
COMPANY_100231_T,2025,Q1,11456,63,142,0.0055,0.0124,0.44568,0.33571,19.65705,14.56104
COMPANY_10081196_FIS,2023,Q1,10708,43,156,0.00402,0.01457,0.45669,0.34173,18.88845,12.48244
COMPANY_10081196_FIS,2023,Q2,11005,59,170,0.00536,0.01545,0.41727,0.36765,18.37304,12.7177
COMPANY_10081196_FIS,2023,Q3,10288,58,122,0.00564,0.01186,0.38672,0.41337,20.30049,13.35685
COMPANY_10081196_FIS,2023,Q4,10471,51,110,0.00487,0.01051,0.4922,0.37842,19.24412,12.28955
COMPANY_10081196_FIS,2024,Q1,2271,7,21,0.00308,0.00925,0.48144,0.37839,19.53249,15.12515
COMPANY_10081196_FIS,2024,Q2,9938,41,128,0.00413,0.01288,0.52525,0.41478,18.85224,11.8748
COMPANY_10081196_FIS,2024,Q3,9691,42,138,0.00433,0.01424,0.22408,0.3825,17.77307,11.89804
COMPANY_10081196_FIS,2024,Q4,10059,59,128,0.00587,0.01272,0.52577,0.32464,18.48751,11.80332
COMPANY_10081196_FIS,2025,Q1,8797,54,126,0.00614,0.01432,0.5332,0.36084,19.76012,13.62895
COMPANY_1027055_VRSK,2023,Q1,9936,73,186,0.00735,0.01872,0.42958,0.29741,19.69199,13.99764
COMPANY_1027055_VRSK,2023,Q2,10137,68,201,0.00671,0.01983,0.51936,0.29131,22.98336,13.5337
COMPANY_1027055_VRSK,2023,Q3,9334,93,155,0.00996,0.01661,0.43981,0.32086,21.24828,13.65575
COMPANY_1027055_VRSK,2023,Q4,10147,82,150,0.00808,0.01478,0.47537,0.35157,22.10369,13.76524
COMPANY_1027055_VRSK,2024,Q1,8941,78,132,0.00872,0.01476,0.37189,0.3081,21.0487,13.63417
COMPANY_1027055_VRSK,2024,Q2,9414,60,139,0.00637,0.01477,0.53655,0.31656,21.66711,13.39481
COMPANY_1027055_VRSK,2024,Q3,8888,61,149,0.00686,0.01676,0.56797,0.29552,21.50031,16.04196
COMPANY_1027055_VRSK,2024,Q4,9079,59,149,0.0065,0.01641,0.35221,0.2985,20.92326,13.83532
COMPANY_1027055_VRSK,2025,Q1,8799,82,149,0.00932,0.01693,0.41367,0.30086,20.45471,13.86717
COMPANY_1032802_BR,2023,Q1,8367,70,139,0.00837,0.01661,0.51497,0.3408,16.70237,13.87285
COMPANY_1032802_BR,2023,Q2,9071,54,139,0.00595,0.01532,0.41928,0.29946,17.60585,13.26357
COMPANY_1032802_BR,2023,Q3,10103,61,128,0.00604,0.01267,0.51706,0.36065,18.20349,13.30367
COMPANY_1032802_BR,2023,Q4,10237,71,135,0.00694,0.01319,0.46262,0.23876,18.25231,12.47162
COMPANY_1032802_BR,2024,Q1,8242,54,116,0.00655,0.01407,0.57416,0.33769,19.40176,11.86943
COMPANY_1032802_BR,2024,Q2,10357,52,120,0.00502,0.01159,0.52806,0.35512,17.7113,13.017
COMPANY_1032802_BR,2024,Q3,7928,55,107,0.00694,0.0135,0.52163,0.37402,19.45934,14.8254
COMPANY_1032802_BR,2024,Q4,8657,89,124,0.01028,0.01432,0.45096,0.32533,17.8059,11.98327
COMPANY_1032802_BR,2025,Q1,7515,42,105,0.00559,0.01397,0.71228,0.37949,19.11577,12.47585
COMPANY_1032802_BR,2025,Q2,9325,56,135,0.00601,0.01448,0.51366,0.31246,17.73576,10.42249
COMPANY_1032802_BR,2025,Q3,9156,75,152,0.00819,0.0166,0.52918,0.30493,17.44692,13.73983
COMPANY_103678_BDX,2023,Q1,12542,73,187,0.00582,0.01491,0.51883,0.34885,18.73809,12.72043
COMPANY_103678_BDX,2023,Q2,14452,100,177,0.00692,0.01225,0.51139,0.44798,18.9651,13.6637
COMPANY_103678_BDX,2023,Q3,12110,95,206,0.00784,0.01701,0.42291,0.35263,19.61075,12.56458
COMPANY_103678_BDX,2023,Q4,13782,107,230,0.00776,0.01669,0.56098,0.35487,21.2893,14.31824
COMPANY_103678_BDX,2024,Q1,10423,77,182,0.00739,0.01746,0.53586,0.41183,17.93908,11.92934
COMPANY_103678_BDX,2024,Q2,6817,50,100,0.00733,0.01467,0.52841,0.42606,21.3212,13.55156
COMPANY_103678_BDX,2024,Q3,10914,64,168,0.00586,0.01539,0.62042,0.37762,20.05948,13.50857
COMPANY_103678_BDX,2024,Q4,9544,50,133,0.00524,0.01394,0.47138,0.39601,20.9248,14.36983
COMPANY_103678_BDX,2025,Q1,9793,77,157,0.00786,0.01603,0.52054,0.4165,20.91983,12.14841
COMPANY_103678_BDX,2025,Q2,9213,40,183,0.00434,0.01986,0.48828,0.35546,15.82936,13.17531
COMPANY_1038328_PRU,2023,Q1,10363,35,206,0.00338,0.01988,0.46915,0.23943,21.95447,12.78918
COMPANY_1038328_PRU,2023,Q2,9310,74,150,0.00795,0.01611,0.61796,0.28922,20.86266,12.01895
COMPANY_1038328_PRU,2023,Q3,8843,69,174,0.0078,0.01968,0.51089,0.25421,21.70962,12.49971
COMPANY_1038328_PRU,2023,Q4,9678,51,154,0.00527,0.01591,0.54772,0.3235,21.61399,12.47277
COMPANY_1038328_PRU,2024,Q1,9521,62,164,0.00651,0.01723,0.56575,0.33053,21.56416,14.34377
COMPANY_1038328_PRU,2024,Q2,8260,50,148,0.00605,0.01792,0.57619,0.28726,21.19487,11.90545
COMPANY_1038328_PRU,2024,Q3,9938,54,153,0.00543,0.0154,0.55248,0.33644,19.94731,12.7063
COMPANY_1038328_PRU,2024,Q4,10158,39,179,0.00384,0.01762,0.5455,0.27837,22.167,12.3849
COMPANY_1038328_PRU,2025,Q1,10405,32,213,0.00308,0.02047,0.44133,0.28978,19.99093,11.40355
COMPANY_104673_UNH,2023,Q1,10835,77,163,0.00711,0.01504,0.58469,0.39933,19.44523,11.52443
COMPANY_104673_UNH,2023,Q2,8205,37,135,0.00451,0.01645,0.57623,0.39905,19.57405,10.92404
COMPANY_104673_UNH,2023,Q3,9635,61,149,0.00633,0.01546,0.55774,0.41488,21.31157,11.42932
COMPANY_1081952_ICE,2024,Q3,9706,88,169,0.00907,0.01741,0.38692,0.34071,19.37918,16.06439
COMPANY_1081952_ICE,2024,Q4,10751,93,188,0.00865,0.01749,0.50872,0.34821,22.10874,14.8281
COMPANY_1081952_ICE,2025,Q1,10260,90,154,0.00877,0.01501,0.39887,0.31272,20.26325,14.6568
COMPANY_108544_HOLX,2023,Q1,10125,25,138,0.00247,0.01363,0.47222,0.32706,17.12227,11.54344
COMPANY_108544_HOLX,2023,Q2,10441,20,150,0.00192,0.01437,0.44661,0.32246,16.2645,12.88501
COMPANY_108544_HOLX,2023,Q3,10971,28,193,0.00255,0.01759,0.43837,0.3188,17.83205,12.50508
COMPANY_108544_HOLX,2023,Q4,9839,16,152,0.00163,0.01545,0.37656,0.29934,15.56925,11.97719
COMPANY_108544_HOLX,2024,Q1,10505,22,163,0.00209,0.01552,0.4104,0.35306,17.59128,12.39744
COMPANY_108544_HOLX,2024,Q2,8216,15,125,0.00183,0.01521,0.36768,0.31932,18.6878,12.83323
COMPANY_108544_HOLX,2024,Q3,9717,16,186,0.00165,0.01914,0.39515,0.24044,17.48081,10.87012
COMPANY_108544_HOLX,2024,Q4,8776,42,147,0.00479,0.01675,0.48871,0.31957,17.83467,12.15469
COMPANY_108544_HOLX,2025,Q1,10056,30,148,0.00298,0.01472,0.4136,0.2479,17.53395,13.35526
COMPANY_108544_HOLX,2025,Q2,10080,31,192,0.00308,0.01905,0.34589,0.25493,17.34447,11.93857
COMPANY_108616_IPG,2023,Q1,9390,66,129,0.00703,0.01374,0.5312,0.32785,20.22774,14.09365
COMPANY_108616_IPG,2023,Q2,10324,69,133,0.00668,0.01288,0.62722,0.38522,21.07491,15.09658
COMPANY_108616_IPG,2023,Q3,9877,53,143,0.00537,0.01448,0.43961,0.3069,18.39339,14.39411
COMPANY_108616_IPG,2023,Q4,8875,80,114,0.00901,0.01285,0.51412,0.37412,20.15802,15.53848
COMPANY_108616_IPG,2024,Q1,8776,78,113,0.00889,0.01288,0.44275,0.30888,20.41565,15.01012
COMPANY_108616_IPG,2024,Q2,9458,90,136,0.00952,0.01438,0.48272,0.31905,20.67772,15.89599
COMPANY_108616_IPG,2024,Q3,9817,77,152,0.00784,0.01548,0.52774,0.36823,21.48522,15.75014
COMPANY_107405_DHI,2024,Q2,11428,15,278,0.00131,0.02433,0.3778,0.28491,16.2521,11.8729
COMPANY_107405_DHI,2024,Q3,11609,16,251,0.00138,0.02162,0.33818,0.30258,14.02803,12.62311
COMPANY_107405_DHI,2024,Q4,10771,15,229,0.00139,0.02126,0.34694,0.23063,16.30864,11.75577
COMPANY_107405_DHI,2025,Q1,11136,20,265,0.0018,0.0238,0.55053,0.26385,17.50933,11.86433
COMPANY_107405_DHI,2025,Q2,11780,15,268,0.00127,0.02275,0.41852,0.26611,18.28916,12.37946
COMPANY_107633_WY,2023,Q1,10206,21,172,0.00206,0.01685,0.47774,0.28587,17.80683,10.08845
COMPANY_107633_WY,2023,Q2,11095,11,168,0.00099,0.01514,0.29865,0.27457,14.93805,10.46815
COMPANY_107633_WY,2023,Q3,11451,24,190,0.0021,0.01659,0.38631,0.23296,16.08747,10.27925
COMPANY_107633_WY,2023,Q4,10585,27,137,0.00255,0.01294,0.4943,0.34511,17.5263,13.14266
COMPANY_107633_WY,2024,Q1,10359,19,164,0.00183,0.01583,0.43624,0.24322,14.79645,11.36642
COMPANY_107633_WY,2024,Q2,10908,24,159,0.0022,0.01458,0.48409,0.22224,17.26956,10.72247
COMPANY_107633_WY,2024,Q3,11698,18,201,0.00154,0.01718,0.22578,0.25683,15.20833,12.48883
COMPANY_107633_WY,2024,Q4,10849,29,161,0.00267,0.01484,0.4942,0.26184,19.08495,12.44728
COMPANY_107633_WY,2025,Q1,10647,13,177,0.00122,0.01662,0.39756,0.24963,17.83425,10.35457
COMPANY_1081952_ICE,2023,Q1,9540,89,142,0.00933,0.01488,0.45231,0.41138,18.72613,13.93482
COMPANY_1081952_ICE,2023,Q2,9921,88,147,0.00887,0.01482,0.3731,0.38212,19.68002,16.0723
COMPANY_1081952_ICE,2023,Q3,10453,134,177,0.01282,0.01693,0.35101,0.33652,19.25909,15.16194
COMPANY_1081952_ICE,2023,Q4,10054,136,144,0.01353,0.01432,0.4469,0.37377,20.24963,17.19486
COMPANY_1081952_ICE,2024,Q1,10391,117,173,0.01126,0.01665,0.43658,0.25748,21.87276,15.73268
COMPANY_1081952_ICE,2024,Q2,10595,137,153,0.01293,0.01444,0.42375,0.34211,19.97645,15.1728
COMPANY_108616_IPG,2024,Q4,8697,80,108,0.0092,0.01242,0.56306,0.29524,22.03626,16.44073
COMPANY_108616_IPG,2025,Q1,9120,87,146,0.00954,0.01601,0.4288,0.25752,20.28456,14.87345
COMPANY_108856_HPQ,2023,Q1,10635,42,203,0.00395,0.01909,0.43467,0.25643,19.25347,13.33942
COMPANY_108856_HPQ,2023,Q2,10120,40,212,0.00395,0.02095,0.48921,0.27498,17.46248,12.05198
COMPANY_108856_HPQ,2023,Q3,11025,37,211,0.00336,0.01914,0.43162,0.28066,17.06675,12.60108
COMPANY_108856_HPQ,2023,Q4,9307,46,174,0.00494,0.0187,0.40581,0.26414,16.44926,12.70076
COMPANY_108856_HPQ,2024,Q1,8131,27,148,0.00332,0.0182,0.4979,0.26748,19.89483,14.15024
COMPANY_108856_HPQ,2024,Q2,9555,44,184,0.0046,0.01926,0.43211,0.32981,19.88305,13.14469
COMPANY_108856_HPQ,2024,Q3,9292,39,165,0.0042,0.01776,0.46678,0.30051,18.01963,12.70315
COMPANY_108856_HPQ,2024,Q4,9409,45,145,0.00478,0.01541,0.42621,0.24446,18.41569,12.17664
COMPANY_108856_HPQ,2025,Q1,9054,41,183,0.00453,0.02021,0.44474,0.2833,17.34492,12.70193
COMPANY_109103_EMN,2023,Q1,9930,15,162,0.00151,0.01631,0.48432,0.27192,18.30057,13.1615
COMPANY_109103_EMN,2023,Q2,10212,17,182,0.00166,0.01782,0.37531,0.23633,16.76037,11.35647
COMPANY_109103_EMN,2023,Q3,10938,20,195,0.00183,0.01783,0.12625,0.28231,14.14567,11.67459
COMPANY_109103_EMN,2023,Q4,11262,29,176,0.00258,0.01563,0.25432,0.26936,16.45787,12.39376
COMPANY_109103_EMN,2024,Q1,11118,34,175,0.00306,0.01574,0.31079,0.16233,17.45491,12.11924
COMPANY_109103_EMN,2024,Q2,11347,25,174,0.0022,0.01533,0.36703,0.27575,15.41623,10.83132
COMPANY_109103_EMN,2024,Q3,11100,22,189,0.00198,0.01703,0.41726,0.29655,16.29585,11.72291
COMPANY_109103_EMN,2024,Q4,9593,15,155,0.00156,0.01616,0.48839,0.33127,17.51823,11.81674
COMPANY_109103_EMN,2025,Q1,11756,13,204,0.00111,0.01735,0.12992,0.1259,13.87268,10.40196
COMPANY_104673_UNH,2023,Q4,10620,44,149,0.00414,0.01403,0.39438,0.36785,18.23617,11.27188
COMPANY_104673_UNH,2024,Q1,12139,56,224,0.00461,0.01845,0.46262,0.33101,18.93948,11.14175
COMPANY_104673_UNH,2024,Q2,9739,41,151,0.00421,0.0155,0.49169,0.3818,17.12998,11.3474
COMPANY_104673_UNH,2024,Q3,12046,69,202,0.00573,0.01677,0.50727,0.31803,18.62913,14.01654
COMPANY_104673_UNH,2024,Q4,11448,67,156,0.00585,0.01363,0.51609,0.41453,18.40177,12.1789
COMPANY_104673_UNH,2025,Q1,11487,64,181,0.00557,0.01576,0.43055,0.3743,17.69221,12.27924
COMPANY_106335_F,2023,Q1,10469,60,159,0.00573,0.01519,0.3254,0.27645,15.03496,11.31553
COMPANY_106335_F,2023,Q2,8698,65,131,0.00747,0.01506,0.32804,0.27706,16.84988,12.79575
COMPANY_106335_F,2023,Q3,10838,95,163,0.00877,0.01504,0.35119,0.27228,16.78,11.83681
COMPANY_106335_F,2023,Q4,12564,51,183,0.00406,0.01457,0.14865,0.24064,13.58282,11.32885
COMPANY_106335_F,2024,Q1,11112,61,178,0.00549,0.01602,0.19326,0.20407,12.89903,10.15666
COMPANY_106335_F,2024,Q2,11447,104,151,0.00909,0.01319,0.17135,0.24742,15.9499,12.18132
COMPANY_106335_F,2024,Q3,10905,70,163,0.00642,0.01495,0.32309,0.25822,15.18067,11.72894
COMPANY_106335_F,2024,Q4,10160,59,166,0.00581,0.01634,0.30049,0.25697,16.02622,11.71723
COMPANY_106335_F,2025,Q1,10423,43,213,0.00413,0.02044,0.30324,0.26514,15.48003,11.48832
COMPANY_107405_DHI,2023,Q1,11180,8,274,0.00072,0.02451,0.44733,0.29177,16.93995,13.07708
COMPANY_107405_DHI,2023,Q2,11000,8,267,0.00073,0.02427,0.38921,0.23596,16.98435,12.14638
COMPANY_107405_DHI,2023,Q3,11516,13,257,0.00113,0.02232,0.34975,0.2963,15.13297,12.45911
COMPANY_107405_DHI,2023,Q4,11640,10,268,0.00086,0.02302,0.56132,0.24363,20.19359,13.23585
COMPANY_107405_DHI,2024,Q1,11130,8,280,0.00072,0.02516,0.4472,0.2693,17.24909,14.12627
COMPANY_110741_LDOS,2023,Q3,10640,83,169,0.0078,0.01588,0.54115,0.37907,20.19301,12.56694
COMPANY_110741_LDOS,2023,Q4,10787,74,200,0.00686,0.01854,0.52508,0.37257,18.10453,11.06001
COMPANY_110741_LDOS,2024,Q1,10885,82,157,0.00753,0.01442,0.51075,0.32282,18.28317,12.23761
COMPANY_110741_LDOS,2024,Q2,10850,66,180,0.00608,0.01659,0.4532,0.33846,18.23611,11.74409
COMPANY_110741_LDOS,2024,Q3,9816,59,133,0.00601,0.01355,0.50078,0.32635,19.05835,12.24198
COMPANY_110741_LDOS,2024,Q4,9019,77,150,0.00854,0.01663,0.49338,0.37497,18.49024,13.2712
COMPANY_110741_LDOS,2025,Q1,9981,85,167,0.00852,0.01673,0.48355,0.38329,19.24372,12.05602
COMPANY_112350_IBM,2023,Q1,10012,139,154,0.01388,0.01538,0.34539,0.316,17.03067,13.66585
COMPANY_112350_IBM,2023,Q2,11178,166,153,0.01485,0.01369,0.31249,0.32955,16.45765,12.9482
COMPANY_112350_IBM,2023,Q3,9798,142,134,0.01449,0.01368,0.29334,0.31896,16.84262,12.94627
COMPANY_112350_IBM,2023,Q4,10289,154,151,0.01497,0.01468,0.35318,0.33055,16.07746,12.80104
COMPANY_112350_IBM,2024,Q1,10148,157,144,0.01547,0.01419,0.34046,0.28615,17.76325,13.74646
COMPANY_112350_IBM,2024,Q2,10208,170,159,0.01665,0.01558,0.34353,0.27545,16.26041,14.02702
COMPANY_112350_IBM,2024,Q3,9224,118,149,0.01279,0.01615,0.38309,0.32075,16.72704,14.68056
COMPANY_112350_IBM,2024,Q4,8197,120,149,0.01464,0.01818,0.38479,0.396,17.80437,15.07026
COMPANY_112350_IBM,2025,Q1,9781,83,199,0.00849,0.02035,0.3449,0.24086,16.12378,13.00227
COMPANY_112732_PYPL,2023,Q1,9975,42,121,0.00421,0.01213,0.37146,0.32639,17.71832,12.29342
COMPANY_112732_PYPL,2023,Q2,8992,37,100,0.00411,0.01112,0.51483,0.32029,17.97834,12.36161
COMPANY_112732_PYPL,2023,Q3,8754,49,102,0.0056,0.01165,0.34362,0.29952,16.24932,10.92232
COMPANY_112732_PYPL,2023,Q4,9352,46,120,0.00492,0.01283,0.43654,0.33489,18.86605,13.28567
COMPANY_109450_MKTX,2023,Q1,8947,66,175,0.00738,0.01956,0.42707,0.3308,15.61775,12.57674
COMPANY_109450_MKTX,2023,Q2,9635,127,168,0.01318,0.01744,0.44461,0.37273,17.74407,14.08569
COMPANY_109450_MKTX,2023,Q3,9401,97,191,0.01032,0.02032,0.40253,0.33841,16.36189,12.96534
COMPANY_109450_MKTX,2023,Q4,11999,127,180,0.01058,0.015,0.34085,0.30974,15.42939,12.74622
COMPANY_109450_MKTX,2024,Q1,11158,110,182,0.00986,0.01631,0.40048,0.28597,16.19273,12.87325
COMPANY_109450_MKTX,2024,Q2,10962,124,198,0.01131,0.01806,0.42721,0.34772,16.62326,12.25432
COMPANY_109450_MKTX,2024,Q3,12913,116,202,0.00898,0.01564,0.34338,0.31829,15.31353,11.78302
COMPANY_109450_MKTX,2024,Q4,12327,128,174,0.01038,0.01412,0.36927,0.26251,14.73246,12.80598
COMPANY_109450_MKTX,2025,Q1,9617,69,164,0.00717,0.01705,0.42098,0.31444,16.79937,13.66103
COMPANY_11041860_DLR,2023,Q1,11501,87,138,0.00756,0.012,0.37556,0.33448,20.72013,13.39403
COMPANY_11041860_DLR,2023,Q2,11074,76,153,0.00686,0.01382,0.4187,0.34881,19.78588,15.00498
COMPANY_11041860_DLR,2023,Q3,10582,59,145,0.00558,0.0137,0.39893,0.32018,19.57627,13.451
COMPANY_11041860_DLR,2023,Q4,10119,63,137,0.00623,0.01354,0.39882,0.31792,20.56891,13.06871
COMPANY_11041860_DLR,2024,Q1,10345,70,151,0.00677,0.0146,0.38834,0.30429,21.35251,14.57286
COMPANY_11041860_DLR,2024,Q2,10761,67,163,0.00623,0.01515,0.32578,0.3054,19.1702,13.46921
COMPANY_11041860_DLR,2024,Q3,10821,78,151,0.00721,0.01395,0.39536,0.31016,18.32402,12.94792
COMPANY_11041860_DLR,2024,Q4,10924,78,136,0.00714,0.01245,0.39019,0.29106,19.06514,11.94496
COMPANY_11041860_DLR,2025,Q1,10257,79,166,0.0077,0.01618,0.29646,0.25901,17.58995,11.46437
COMPANY_110741_LDOS,2023,Q1,10376,40,165,0.00386,0.0159,0.48232,0.25725,16.6503,12.64477
COMPANY_110741_LDOS,2023,Q2,11284,63,195,0.00558,0.01728,0.38467,0.35844,18.80286,12.11835
COMPANY_115705393_ABNB,2024,Q3,10971,36,126,0.00328,0.01148,0.37449,0.33926,14.61425,9.82203
COMPANY_115705393_ABNB,2024,Q4,12681,57,144,0.00449,0.01136,0.38937,0.29879,13.05387,9.3162
COMPANY_115705393_ABNB,2025,Q1,10722,35,139,0.00326,0.01296,0.35269,0.26111,13.14835,11.2851
COMPANY_118218449_XYL,2023,Q1,9287,48,162,0.00517,0.01744,0.35281,0.36063,17.07581,10.60805
COMPANY_118218449_XYL,2023,Q2,10984,73,143,0.00665,0.01302,0.34134,0.34094,18.168,11.30698
COMPANY_118218449_XYL,2023,Q3,10256,68,180,0.00663,0.01755,0.42756,0.35973,16.6796,9.79248
COMPANY_118218449_XYL,2023,Q4,7963,57,116,0.00716,0.01457,0.4314,0.3639,15.85442,11.03634
COMPANY_118218449_XYL,2024,Q1,8114,36,107,0.00444,0.01319,0.39224,0.27644,14.82382,10.81702
COMPANY_118218449_XYL,2024,Q2,8224,28,152,0.0034,0.01848,0.46399,0.30848,15.90709,10.74873
COMPANY_118218449_XYL,2024,Q3,6544,40,122,0.00611,0.01864,0.44663,0.29791,16.33831,11.28218
COMPANY_118218449_XYL,2024,Q4,8275,52,132,0.00628,0.01595,0.42403,0.29694,16.78466,12.35538
COMPANY_118218449_XYL,2025,Q1,8178,49,144,0.00599,0.01761,0.38765,0.26022,15.26373,9.46384
COMPANY_118315802_MPC,2023,Q1,10902,24,209,0.0022,0.01917,0.19237,0.19533,15.04835,13.01628
COMPANY_118315802_MPC,2023,Q2,9947,19,209,0.00191,0.02101,0.23241,0.22527,14.98246,11.58982
COMPANY_118315802_MPC,2023,Q3,10054,24,190,0.00239,0.0189,0.21421,0.22847,13.72952,12.15969
COMPANY_118315802_MPC,2023,Q4,11241,26,213,0.00231,0.01895,0.32745,0.28393,17.36847,12.25617
COMPANY_118315802_MPC,2024,Q1,8639,19,165,0.0022,0.0191,0.26908,0.23582,16.92433,13.22112
COMPANY_118315802_MPC,2024,Q2,6410,16,129,0.0025,0.02012,0.27049,0.24663,17.28691,12.46495
COMPANY_118315802_MPC,2024,Q3,6812,15,142,0.0022,0.02085,0.49775,0.31914,18.76497,13.75441
COMPANY_118315802_MPC,2024,Q4,10022,33,230,0.00329,0.02295,0.37531,0.35797,16.86672,13.25473
COMPANY_112732_PYPL,2024,Q1,10265,45,142,0.00438,0.01383,0.39128,0.24956,17.04841,12.16263
COMPANY_112732_PYPL,2024,Q2,9977,67,131,0.00672,0.01313,0.42672,0.38688,15.39679,11.16319
COMPANY_112732_PYPL,2024,Q3,10994,53,139,0.00482,0.01264,0.40229,0.29923,17.39359,10.38677
COMPANY_112732_PYPL,2024,Q4,9973,54,119,0.00541,0.01193,0.4321,0.37314,15.92055,10.45158
COMPANY_112732_PYPL,2025,Q1,10305,50,123,0.00485,0.01194,0.38802,0.28469,15.40302,12.13606
COMPANY_114039_DXCM,2023,Q1,9862,22,162,0.00223,0.01643,0.29072,0.26855,14.88841,10.32007
COMPANY_114039_DXCM,2023,Q2,10737,24,168,0.00224,0.01565,0.28108,0.27512,16.21906,8.87423
COMPANY_114039_DXCM,2023,Q3,10874,18,176,0.00166,0.01619,0.42613,0.27934,17.52776,9.45446
COMPANY_114039_DXCM,2023,Q4,12698,63,206,0.00496,0.01622,0.27407,0.28601,16.35111,11.38355
COMPANY_114039_DXCM,2024,Q1,12466,39,183,0.00313,0.01468,0.37523,0.27356,16.31547,10.50425
COMPANY_114039_DXCM,2024,Q2,12799,21,169,0.00164,0.0132,0.38017,0.22429,16.21935,10.00829
COMPANY_114039_DXCM,2024,Q3,12679,39,182,0.00308,0.01435,0.42691,0.28261,16.43355,10.78333
COMPANY_114039_DXCM,2024,Q4,13503,54,177,0.004,0.01311,0.31251,0.23944,15.07324,9.68293
COMPANY_114039_DXCM,2025,Q1,12230,18,170,0.00147,0.0139,0.34934,0.26273,15.69858,10.39853
COMPANY_115705393_ABNB,2023,Q1,12441,42,161,0.00338,0.01294,0.24785,0.25294,12.2799,11.22191
COMPANY_115705393_ABNB,2023,Q2,10611,18,121,0.0017,0.0114,0.41898,0.33008,14.04308,10.48575
COMPANY_115705393_ABNB,2023,Q3,11593,27,155,0.00233,0.01337,0.31393,0.23571,15.50029,11.81171
COMPANY_115705393_ABNB,2023,Q4,11483,45,157,0.00392,0.01367,0.26514,0.26811,12.41835,10.94785
COMPANY_115705393_ABNB,2024,Q1,11850,30,178,0.00253,0.01502,0.24846,0.31142,15.81601,10.53239
COMPANY_115705393_ABNB,2024,Q2,11537,36,153,0.00312,0.01326,0.34937,0.27755,14.47884,11.79378
COMPANY_118315802_MPC,2025,Q1,10636,35,204,0.00329,0.01918,0.37948,0.35077,16.43057,12.68526
COMPANY_119853_AON,2023,Q1,10108,76,185,0.00752,0.0183,0.51546,0.33401,19.1095,11.07749
COMPANY_119853_AON,2023,Q2,11179,102,151,0.00912,0.01351,0.52028,0.31077,18.29342,14.13089
COMPANY_119853_AON,2023,Q3,9364,103,135,0.011,0.01442,0.45289,0.26549,19.56726,12.83538
COMPANY_119853_AON,2023,Q4,11355,82,166,0.00722,0.01462,0.46989,0.28087,19.58466,12.5259
COMPANY_119853_AON,2024,Q1,8896,46,130,0.00517,0.01461,0.67516,0.42898,21.16996,14.33715
COMPANY_119853_AON,2024,Q2,12750,96,221,0.00753,0.01733,0.40145,0.3875,18.21705,12.23325
COMPANY_119853_AON,2024,Q3,12129,89,184,0.00734,0.01517,0.6005,0.45766,20.50287,13.47903
COMPANY_119853_AON,2024,Q4,11483,83,171,0.00723,0.01489,0.42776,0.29422,18.79243,12.95647
COMPANY_119853_AON,2025,Q1,12968,56,185,0.00432,0.01427,0.51432,0.32212,17.89859,12.51672
COMPANY_119902_ADSK,2023,Q1,10805,112,222,0.01037,0.02055,0.31731,0.33289,19.3878,12.951
COMPANY_119902_ADSK,2023,Q2,10570,169,182,0.01599,0.01722,0.33368,0.31654,18.89197,12.74454
COMPANY_119902_ADSK,2023,Q3,10941,87,217,0.00795,0.01983,0.33866,0.32509,20.11523,11.98871
COMPANY_119902_ADSK,2023,Q4,10328,93,220,0.009,0.0213,0.32248,0.27798,19.05002,12.23088
COMPANY_119902_ADSK,2024,Q1,10919,103,200,0.00943,0.01832,0.41026,0.36182,19.84478,12.92702
COMPANY_119902_ADSK,2024,Q2,10199,110,214,0.01079,0.02098,0.333,0.30253,18.19257,11.12446
COMPANY_119902_ADSK,2024,Q3,10524,139,216,0.01321,0.02052,0.30575,0.31247,19.20406,12.44861
COMPANY_119902_ADSK,2024,Q4,10771,165,241,0.01532,0.02237,0.30389,0.31894,19.42233,13.41786
COMPANY_119902_ADSK,2025,Q2,10218,142,237,0.0139,0.02319,0.39196,0.34942,19.92791,14.39051
COMPANY_119902_ADSK,2025,Q3,10249,145,222,0.01415,0.02166,0.36812,0.3212,18.46975,12.9778
COMPANY_119902_ADSK,2025,Q4,11106,119,263,0.01071,0.02368,0.41626,0.35192,19.69739,12.34366
COMPANY_120622_SRE,2023,Q1,8787,65,183,0.0074,0.02083,0.51681,0.34605,20.62777,13.26811
COMPANY_120622_SRE,2023,Q2,10806,76,233,0.00703,0.02156,0.45363,0.30677,17.49451,13.07442
COMPANY_120622_SRE,2023,Q3,9109,51,197,0.0056,0.02163,0.44555,0.33538,17.62349,12.95988
COMPANY_120622_SRE,2023,Q4,11308,99,264,0.00875,0.02335,0.48626,0.37252,18.49118,14.79036
COMPANY_120622_SRE,2024,Q1,8548,68,209,0.00796,0.02445,0.48314,0.41799,20.1474,14.86288
COMPANY_120622_SRE,2024,Q2,9692,45,182,0.00464,0.01878,0.46501,0.37389,20.87418,13.51071
COMPANY_120622_SRE,2024,Q3,9344,57,191,0.0061,0.02044,0.42351,0.2915,18.15245,13.26861
COMPANY_120622_SRE,2024,Q4,18144,91,343,0.00502,0.0189,0.53036,0.31522,19.79172,12.65313
COMPANY_120622_SRE,2025,Q1,11966,42,273,0.00351,0.02281,0.42429,0.30442,17.97262,12.63791
COMPANY_120623_SO,2023,Q1,6480,4,118,0.00062,0.01821,0.7714,0.27362,20.46597,12.58534
COMPANY_120623_SO,2023,Q2,6731,13,153,0.00193,0.02273,0.49108,0.28451,19.48254,11.49019
COMPANY_120623_SO,2023,Q3,8049,9,147,0.00112,0.01826,0.48027,0.26831,21.91123,11.53169
COMPANY_120623_SO,2023,Q4,12276,22,300,0.00179,0.02444,0.30882,0.3119,17.94402,10.24433
COMPANY_120623_SO,2024,Q1,9181,22,175,0.0024,0.01906,0.31877,0.28454,19.35508,13.37347
COMPANY_120623_SO,2024,Q2,7107,13,149,0.00183,0.02097,0.59093,0.28187,21.99856,13.62048
COMPANY_120623_SO,2024,Q3,8733,32,203,0.00366,0.02325,0.06102,0.24577,15.26943,10.30916
COMPANY_120623_SO,2024,Q4,9459,20,173,0.00211,0.01829,0.55444,0.32278,20.70893,13.31898
COMPANY_120623_SO,2025,Q1,7716,17,180,0.0022,0.02333,0.37123,0.26353,20.61448,11.3386
COMPANY_122917_CRM,2023,Q1,10475,73,157,0.00697,0.01499,0.40724,0.30818,18.46094,12.91475
COMPANY_122917_CRM,2023,Q2,11061,80,154,0.00723,0.01392,0.37671,0.32123,17.93938,13.03146
COMPANY_122917_CRM,2023,Q3,11813,49,137,0.00415,0.0116,0.40478,0.32568,18.58688,12.17353
COMPANY_122917_CRM,2023,Q4,11199,94,121,0.00839,0.0108,0.41901,0.34062,16.71349,12.52959
COMPANY_122917_CRM,2024,Q1,12114,135,166,0.01114,0.0137,0.43134,0.32964,16.5431,12.35145
COMPANY_122917_CRM,2024,Q2,12533,108,155,0.00862,0.01237,0.49265,0.3743,19.6288,13.02999
COMPANY_122917_CRM,2024,Q3,11742,89,121,0.00758,0.0103,0.40417,0.33135,16.32408,10.31628
COMPANY_122917_CRM,2024,Q4,14869,155,155,0.01042,0.01042,0.31225,0.28184,14.90918,10.88353
COMPANY_122917_CRM,2025,Q1,11891,172,172,0.01446,0.01446,0.37694,0.27072,18.35511,15.00157
COMPANY_122917_CRM,2025,Q2,13438,145,136,0.01079,0.01012,0.36399,0.35253,17.14869,13.27093
COMPANY_122917_CRM,2025,Q3,11043,119,123,0.01078,0.01114,0.26927,0.29705,16.93805,13.62423
COMPANY_122917_CRM,2025,Q4,11903,92,120,0.00773,0.01008,0.37956,0.32814,16.01284,10.57225
COMPANY_124423_FDX,2023,Q1,10520,56,209,0.00532,0.01987,0.25468,0.21041,15.4644,11.40229
COMPANY_124423_FDX,2023,Q2,10169,67,220,0.00659,0.02163,0.44607,0.27485,17.19151,12.98841
COMPANY_124423_FDX,2023,Q3,9849,50,204,0.00508,0.02071,0.34417,0.23629,15.40333,11.89253
COMPANY_124423_FDX,2023,Q4,10586,71,229,0.00671,0.02163,0.47668,0.32532,18.50971,14.51088
COMPANY_124423_FDX,2024,Q1,11157,91,229,0.00816,0.02053,0.36009,0.28842,14.79761,12.03911
COMPANY_124423_FDX,2024,Q2,10468,83,220,0.00793,0.02102,0.34349,0.24924,16.14159,12.03262
COMPANY_124423_FDX,2024,Q3,10551,119,248,0.01128,0.0235,0.37368,0.30706,15.97536,14.00986
COMPANY_124423_FDX,2024,Q4,10390,77,220,0.00741,0.02117,0.44221,0.32306,15.38858,12.79794
COMPANY_124423_FDX,2025,Q1,10670,81,244,0.00759,0.02287,0.32704,0.24943,16.16489,12.85174
COMPANY_144524848_UBER,2023,Q2,8850,51,122,0.00576,0.01379,0.35896,0.27922,18.55952,13.10949
COMPANY_144524848_UBER,2023,Q3,9017,41,132,0.00455,0.01464,0.33744,0.27332,17.0491,13.6733
COMPANY_144524848_UBER,2023,Q4,7449,37,82,0.00497,0.01101,0.39829,0.37644,16.08523,13.2615
COMPANY_144524848_UBER,2024,Q1,6830,30,75,0.00439,0.01098,0.32236,0.25149,16.88401,12.46023
COMPANY_144524848_UBER,2024,Q2,8277,41,122,0.00495,0.01474,0.44566,0.39835,23.45197,16.35727
COMPANY_144524848_UBER,2024,Q3,7712,26,79,0.00337,0.01024,0.4888,0.27541,19.20626,14.09555
COMPANY_144524848_UBER,2024,Q4,7806,33,97,0.00423,0.01243,0.31702,0.30204,15.33156,14.39122
COMPANY_144524848_UBER,2025,Q1,7978,26,117,0.00326,0.01467,0.36408,0.34994,22.40539,14.63542
COMPANY_1462309_SWKS,2023,Q1,10553,83,189,0.00787,0.01791,0.4026,0.23469,15.79179,10.55979
COMPANY_1462309_SWKS,2023,Q2,6795,50,160,0.00736,0.02355,0.44512,0.2361,16.11271,9.86773
COMPANY_1462309_SWKS,2023,Q3,7204,61,131,0.00847,0.01818,0.33741,0.20691,16.35201,10.29868
COMPANY_1462309_SWKS,2023,Q4,7552,58,123,0.00768,0.01629,0.37736,0.28267,15.48817,11.90251
COMPANY_1462309_SWKS,2024,Q1,7391,57,138,0.00771,0.01867,0.37021,0.24047,17.29207,12.0019
COMPANY_1462309_SWKS,2024,Q2,7154,54,160,0.00755,0.02237,0.27936,0.25104,17.03516,12.1065
COMPANY_1462309_SWKS,2024,Q3,6252,50,126,0.008,0.02015,0.42097,0.26264,15.8306,11.92096
COMPANY_1462309_SWKS,2024,Q4,7553,62,148,0.00821,0.01959,0.42948,0.28594,15.56752,11.70059
COMPANY_1462309_SWKS,2025,Q1,6943,67,116,0.00965,0.01671,0.40489,0.32164,17.29736,12.03392
COMPANY_1462309_SWKS,2025,Q2,8355,55,148,0.00658,0.01771,0.35262,0.30797,17.73661,11.16153
COMPANY_154924_A,2023,Q1,11607,42,203,0.00362,0.01749,0.45115,0.28243,17.1123,11.63754
COMPANY_154924_A,2023,Q2,12112,14,229,0.00116,0.01891,0.47506,0.27796,18.29213,11.56757
COMPANY_126411_TRMB,2024,Q4,9379,69,200,0.00736,0.02132,0.27908,0.19908,17.91998,13.04984
COMPANY_126411_TRMB,2025,Q1,9980,94,191,0.00942,0.01914,0.29121,0.18434,17.03999,11.98325
COMPANY_128209_FI,2023,Q1,8534,91,125,0.01066,0.01465,0.40381,0.38527,16.41511,13.30529
COMPANY_128209_FI,2023,Q2,10343,77,165,0.00744,0.01595,0.45245,0.41076,16.89869,12.06145
COMPANY_128209_FI,2023,Q3,9442,74,133,0.00784,0.01409,0.33982,0.35332,17.48132,12.57723
COMPANY_128209_FI,2023,Q4,10600,79,172,0.00745,0.01623,0.41243,0.35055,17.46565,11.28765
COMPANY_128209_FI,2024,Q1,8670,70,116,0.00807,0.01338,0.47092,0.40959,17.49188,12.50551
COMPANY_128209_FI,2024,Q2,9973,101,104,0.01013,0.01043,0.46936,0.45801,19.07847,13.75406
COMPANY_128209_FI,2024,Q3,9008,92,103,0.01021,0.01143,0.41878,0.3668,17.84504,13.42401
COMPANY_128209_FI,2024,Q4,9597,78,98,0.00813,0.01021,0.42396,0.32974,16.82202,11.91803
COMPANY_128209_FI,2025,Q1,10370,90,136,0.00868,0.01311,0.38473,0.33602,17.13738,12.40358
COMPANY_128680956_MRNA,2023,Q1,12809,41,244,0.0032,0.01905,0.22997,0.16974,19.63716,13.75696
COMPANY_128680956_MRNA,2023,Q2,8989,22,193,0.00245,0.02147,0.28473,0.15581,16.74668,12.7761
COMPANY_128680956_MRNA,2023,Q3,11296,13,180,0.00115,0.01593,0.21596,0.23064,13.01048,11.8495
COMPANY_128680956_MRNA,2023,Q4,9797,9,195,0.00092,0.0199,0.43102,0.24458,15.31333,13.33725
COMPANY_128680956_MRNA,2024,Q1,10315,32,220,0.0031,0.02133,0.21094,0.18603,15.72299,11.80878
COMPANY_128680956_MRNA,2024,Q2,10917,17,179,0.00156,0.0164,0.23883,0.29439,21.60269,13.66022
COMPANY_128680956_MRNA,2024,Q3,10529,32,195,0.00304,0.01852,0.21212,0.23083,18.46677,13.90795
COMPANY_128680956_MRNA,2024,Q4,10735,8,223,0.00075,0.02077,0.4222,0.20895,17.98095,11.39472
COMPANY_128680956_MRNA,2025,Q1,10186,16,213,0.00157,0.02091,0.29871,0.17327,16.41724,13.23149
COMPANY_124423_FDX,2025,Q2,11516,91,213,0.0079,0.0185,0.48112,0.3078,16.97561,13.42398
COMPANY_124423_FDX,2025,Q3,12090,90,261,0.00744,0.02159,0.40786,0.2923,14.62559,12.19722
COMPANY_126269_ADP,2023,Q1,15834,65,175,0.00411,0.01105,0.47585,0.33922,19.53871,14.09355
COMPANY_126269_ADP,2023,Q2,10358,42,164,0.00405,0.01583,0.36807,0.31506,15.89858,10.0979
COMPANY_126269_ADP,2023,Q3,12599,63,207,0.005,0.01643,0.36233,0.32363,16.45986,11.88826
COMPANY_126269_ADP,2023,Q4,11914,46,176,0.00386,0.01477,0.45636,0.35531,18.45442,12.40558
COMPANY_126269_ADP,2024,Q1,12920,49,188,0.00379,0.01455,0.41727,0.33763,19.39901,12.80031
COMPANY_126269_ADP,2024,Q2,11742,50,170,0.00426,0.01448,0.40401,0.37444,18.8444,12.67464
COMPANY_126269_ADP,2024,Q3,9610,41,158,0.00427,0.01644,0.43972,0.39489,20.59757,13.21167
COMPANY_126269_ADP,2024,Q4,11272,59,195,0.00523,0.0173,0.40676,0.34409,16.80357,11.42923
COMPANY_126269_ADP,2025,Q1,10877,62,172,0.0057,0.01581,0.41461,0.3056,16.76823,10.8395
COMPANY_126269_ADP,2025,Q2,10579,53,169,0.00501,0.01598,0.46987,0.4215,17.08857,10.72415
COMPANY_126269_ADP,2025,Q3,10533,48,191,0.00456,0.01813,0.41824,0.27794,17.10348,10.12626
COMPANY_126411_TRMB,2023,Q1,11281,141,276,0.0125,0.02447,0.25557,0.15191,15.84143,12.12247
COMPANY_126411_TRMB,2023,Q2,8062,85,211,0.01054,0.02617,0.31808,0.19964,17.6544,11.98712
COMPANY_126411_TRMB,2023,Q3,11321,80,235,0.00707,0.02076,0.18529,0.0738,17.11035,12.34215
COMPANY_126411_TRMB,2023,Q4,11935,96,211,0.00804,0.01768,0.21811,0.13679,18.01633,13.12627
COMPANY_126411_TRMB,2024,Q1,10137,86,176,0.00848,0.01736,0.36057,0.2043,18.35681,12.12191
COMPANY_126411_TRMB,2024,Q2,8388,84,144,0.01001,0.01717,0.3143,0.20002,18.14714,12.31676
COMPANY_126411_TRMB,2024,Q3,10818,98,206,0.00906,0.01904,0.30113,0.16717,17.51407,12.48283
COMPANY_130705_IT,2023,Q1,10087,20,159,0.00198,0.01576,0.39012,0.33248,16.34655,11.91971
COMPANY_130705_IT,2023,Q2,7952,23,129,0.00289,0.01622,0.29459,0.21721,15.12151,13.73268
COMPANY_130705_IT,2023,Q3,9126,14,161,0.00153,0.01764,0.21199,0.24078,14.36471,12.33837
COMPANY_130705_IT,2023,Q4,11172,18,161,0.00161,0.01441,0.28625,0.31343,15.17756,11.79563
COMPANY_130705_IT,2024,Q1,9843,15,151,0.00152,0.01534,0.39631,0.2442,15.87238,11.71052
COMPANY_130705_IT,2024,Q2,8463,19,134,0.00225,0.01583,0.31576,0.21948,15.20444,10.93365
COMPANY_130705_IT,2024,Q3,9017,21,149,0.00233,0.01652,0.45233,0.27604,17.8521,10.96229
COMPANY_130705_IT,2024,Q4,9621,21,162,0.00218,0.01684,0.37315,0.28148,15.05197,12.1365
COMPANY_130705_IT,2025,Q1,9869,25,162,0.00253,0.01642,0.39595,0.28742,17.76745,12.6375
COMPANY_1340740_HON,2023,Q1,10038,37,196,0.00369,0.01953,0.57066,0.34113,20.92796,11.94862
COMPANY_1340740_HON,2023,Q2,10099,66,263,0.00654,0.02604,0.48,0.38766,19.3132,12.11013
COMPANY_1340740_HON,2023,Q3,10202,67,230,0.00657,0.02254,0.5203,0.36356,20.15499,12.89883
COMPANY_1340740_HON,2023,Q4,11604,88,269,0.00758,0.02318,0.51869,0.41967,19.55858,12.52305
COMPANY_1340740_HON,2024,Q1,10068,106,217,0.01053,0.02155,0.49142,0.32213,21.13846,13.83729
COMPANY_1340740_HON,2024,Q2,11597,111,286,0.00957,0.02466,0.52698,0.35305,20.33171,12.41632
COMPANY_1340740_HON,2024,Q3,11279,87,234,0.00771,0.02075,0.39845,0.31236,19.31778,11.80542
COMPANY_1340740_HON,2024,Q4,11951,129,227,0.01079,0.01899,0.42414,0.35301,21.46821,15.1076
COMPANY_1340740_HON,2025,Q1,12255,80,247,0.00653,0.02016,0.30224,0.2418,18.20062,12.86003
COMPANY_135470_AEP,2023,Q1,10915,18,169,0.00165,0.01548,0.33403,0.27949,20.66028,12.79397
COMPANY_135470_AEP,2023,Q2,12604,19,212,0.00151,0.01682,0.31593,0.3287,17.71635,12.623
COMPANY_139677_JNJ,2024,Q3,10089,25,141,0.00248,0.01398,0.385,0.35041,19.61816,13.91717
COMPANY_139677_JNJ,2024,Q4,11311,46,148,0.00407,0.01308,0.38206,0.38157,19.61394,15.20445
COMPANY_139677_JNJ,2025,Q1,11371,29,157,0.00255,0.01381,0.43223,0.34711,19.62497,14.32157
COMPANY_139813_PCG,2023,Q1,8369,35,157,0.00418,0.01876,0.37554,0.2849,20.69936,15.60268
COMPANY_139813_PCG,2023,Q2,7287,51,128,0.007,0.01757,0.39921,0.33239,16.65546,12.68946
COMPANY_139813_PCG,2023,Q3,10645,58,217,0.00545,0.02039,0.45101,0.33742,17.10216,13.67353
COMPANY_139813_PCG,2023,Q4,9831,39,206,0.00397,0.02095,0.38225,0.31735,18.56055,13.35608
COMPANY_139813_PCG,2024,Q1,9504,38,171,0.004,0.01799,0.32879,0.24062,18.00221,14.22177
COMPANY_139813_PCG,2024,Q2,10920,59,184,0.0054,0.01685,0.17132,0.25895,16.82109,13.13572
COMPANY_139813_PCG,2024,Q3,8825,43,196,0.00487,0.02221,0.27286,0.29348,16.74587,11.31564
COMPANY_139813_PCG,2024,Q4,10369,60,160,0.00579,0.01543,0.27156,0.23297,17.11618,12.02782
COMPANY_139813_PCG,2025,Q1,10174,73,228,0.00718,0.02241,0.29072,0.22459,16.72558,12.92148
COMPANY_140283_TXN,2023,Q1,6464,6,108,0.00093,0.01671,0.2601,0.22563,14.94667,11.37107
COMPANY_140283_TXN,2023,Q2,5655,14,118,0.00248,0.02087,0.35613,0.21162,18.32197,10.18608
COMPANY_140283_TXN,2023,Q3,8124,12,158,0.00148,0.01945,0.37409,0.21329,14.65699,10.27724
COMPANY_140283_TXN,2023,Q4,7066,12,157,0.0017,0.02222,0.29908,0.25133,14.41356,11.12919
COMPANY_140283_TXN,2024,Q1,6234,11,128,0.00176,0.02053,0.33128,0.20345,16.23997,9.67769
COMPANY_140283_TXN,2024,Q2,9419,20,196,0.00212,0.02081,0.36066,0.29183,16.38141,11.07227
COMPANY_140283_TXN,2024,Q3,8284,14,164,0.00169,0.0198,0.28039,0.26262,16.3606,9.97976
COMPANY_140283_TXN,2024,Q4,8881,10,151,0.00113,0.017,0.38062,0.24157,20.98452,9.46954
COMPANY_137473239_IQV,2024,Q1,8194,41,110,0.005,0.01342,0.38126,0.20321,17.80861,11.71906
COMPANY_137473239_IQV,2024,Q2,9154,43,159,0.0047,0.01737,0.47289,0.22229,19.34543,10.52858
COMPANY_137473239_IQV,2024,Q3,8553,31,123,0.00362,0.01438,0.3574,0.16872,18.6308,12.09165
COMPANY_137473239_IQV,2024,Q4,9243,30,115,0.00325,0.01244,0.32051,0.24016,18.94949,11.26164
COMPANY_137473239_IQV,2025,Q1,9376,27,170,0.00288,0.01813,0.33761,0.16422,17.46797,10.74679
COMPANY_139488_MCD,2023,Q1,10657,71,149,0.00666,0.01398,0.4794,0.37441,17.81995,14.54896
COMPANY_139488_MCD,2023,Q2,10495,49,117,0.00467,0.01115,0.52798,0.33276,18.18702,14.99993
COMPANY_139488_MCD,2023,Q3,10552,42,123,0.00398,0.01166,0.47924,0.34991,19.46367,12.38601
COMPANY_139488_MCD,2023,Q4,10836,50,123,0.00461,0.01135,0.50616,0.28485,19.85067,13.26443
COMPANY_139488_MCD,2024,Q1,10993,63,161,0.00573,0.01465,0.625,0.37888,17.94085,14.82633
COMPANY_139488_MCD,2024,Q2,11270,63,132,0.00559,0.01171,0.53417,0.33094,18.99826,13.17999
COMPANY_139488_MCD,2024,Q3,11062,40,114,0.00362,0.01031,0.54067,0.37812,19.27001,13.94905
COMPANY_139488_MCD,2024,Q4,11517,44,118,0.00382,0.01025,0.40216,0.27866,18.13432,13.25491
COMPANY_139488_MCD,2025,Q1,11712,48,160,0.0041,0.01366,0.53024,0.31639,17.68269,13.43612
COMPANY_139677_JNJ,2023,Q1,9454,26,128,0.00275,0.01354,0.40921,0.39891,17.7531,13.04309
COMPANY_139677_JNJ,2023,Q2,11154,35,159,0.00314,0.01425,0.47119,0.36492,19.28383,14.18613
COMPANY_139677_JNJ,2023,Q3,11334,39,159,0.00344,0.01403,0.45449,0.3729,18.88903,13.9842
COMPANY_139677_JNJ,2023,Q4,10764,44,147,0.00409,0.01366,0.45251,0.40895,18.97215,14.46899
COMPANY_139677_JNJ,2024,Q1,10248,27,163,0.00263,0.01591,0.38254,0.38805,16.25058,14.37131
COMPANY_139677_JNJ,2024,Q2,9933,37,139,0.00372,0.01399,0.47772,0.37731,17.42443,13.18092
COMPANY_135470_AEP,2023,Q3,11082,17,196,0.00153,0.01769,0.39792,0.29488,18.22403,13.78599
COMPANY_135470_AEP,2023,Q4,10251,17,207,0.00166,0.02019,0.37372,0.28466,14.80834,11.06637
COMPANY_135470_AEP,2024,Q1,9290,21,195,0.00226,0.02099,0.26849,0.22132,15.89335,12.65448
COMPANY_135470_AEP,2024,Q2,9416,16,208,0.0017,0.02209,0.32878,0.29463,18.11232,11.3838
COMPANY_135470_AEP,2024,Q3,11169,43,244,0.00385,0.02185,0.49526,0.31198,17.88637,12.25067
COMPANY_135470_AEP,2024,Q4,11784,53,196,0.0045,0.01663,0.50495,0.29971,18.12858,12.64333
COMPANY_135470_AEP,2025,Q1,10681,46,223,0.00431,0.02088,0.42494,0.3602,17.04874,13.38925
COMPANY_135506_BK,2023,Q1,14658,65,212,0.00443,0.01446,0.35303,0.26525,16.72293,12.76126
COMPANY_135506_BK,2023,Q2,13280,64,220,0.00482,0.01657,0.43232,0.29372,18.60682,11.57585
COMPANY_135506_BK,2023,Q3,14875,88,203,0.00592,0.01365,0.52145,0.32689,18.88349,11.6913
COMPANY_135506_BK,2023,Q4,13675,74,187,0.00541,0.01367,0.50016,0.2851,19.93371,11.22294
COMPANY_135506_BK,2024,Q1,14733,89,229,0.00604,0.01554,0.41446,0.31389,17.86002,11.04767
COMPANY_135506_BK,2024,Q2,13746,75,205,0.00546,0.01491,0.49619,0.27519,19.14457,11.28242
COMPANY_135506_BK,2024,Q3,12751,99,209,0.00776,0.01639,0.40315,0.29895,17.36007,11.85048
COMPANY_135506_BK,2024,Q4,11740,118,183,0.01005,0.01559,0.41336,0.29709,19.10784,13.70251
COMPANY_135506_BK,2025,Q1,13241,113,246,0.00853,0.01858,0.45553,0.3148,16.92416,11.80447
COMPANY_137473239_IQV,2023,Q1,8289,30,132,0.00362,0.01592,0.30977,0.27354,19.43717,9.68061
COMPANY_137473239_IQV,2023,Q2,8698,68,131,0.00782,0.01506,0.36961,0.25371,18.23357,9.5625
COMPANY_137473239_IQV,2023,Q3,8781,43,123,0.0049,0.01401,0.39289,0.24766,18.05989,12.446
COMPANY_137473239_IQV,2023,Q4,9526,29,161,0.00304,0.0169,0.41773,0.25126,18.45583,10.95149
COMPANY_140283_TXN,2025,Q1,8648,13,148,0.0015,0.01711,0.09211,0.18295,14.79468,12.00853
COMPANY_141885706_ABBV,2023,Q1,10324,15,170,0.00145,0.01647,0.31033,0.19611,15.90561,11.85781
COMPANY_141885706_ABBV,2023,Q2,13578,28,207,0.00206,0.01525,0.44231,0.17456,17.81835,12.03812
COMPANY_141885706_ABBV,2023,Q3,13221,32,205,0.00242,0.01551,0.46023,0.17726,16.94772,11.94016
COMPANY_141885706_ABBV,2023,Q4,14647,23,221,0.00157,0.01509,0.4691,0.24694,19.03107,9.98963
COMPANY_141885706_ABBV,2024,Q1,13253,21,221,0.00158,0.01668,0.50103,0.22742,19.05363,12.15114
COMPANY_141885706_ABBV,2024,Q2,12454,27,202,0.00217,0.01622,0.45037,0.22365,16.92734,10.85868
COMPANY_141885706_ABBV,2024,Q3,11346,29,172,0.00256,0.01516,0.4417,0.29062,18.84238,10.98747
COMPANY_141885706_ABBV,2024,Q4,13882,33,225,0.00238,0.01621,0.25114,0.23203,15.96654,11.61624
COMPANY_141885706_ABBV,2025,Q1,13227,27,226,0.00204,0.01709,0.32428,0.18585,15.75979,12.75947
COMPANY_143614_NDSN,2023,Q1,8180,34,174,0.00416,0.02127,0.37723,0.26339,19.67972,12.35984
COMPANY_143614_NDSN,2023,Q2,8509,32,175,0.00376,0.02057,0.48335,0.27067,18.89664,11.96804
COMPANY_143614_NDSN,2023,Q3,8134,48,165,0.0059,0.02029,0.31655,0.24995,18.61518,14.14251
COMPANY_143614_NDSN,2023,Q4,8894,66,210,0.00742,0.02361,0.45915,0.36112,17.98981,13.2635
COMPANY_143614_NDSN,2024,Q1,7076,37,111,0.00523,0.01569,0.46091,0.27348,19.57603,13.99261
COMPANY_143614_NDSN,2024,Q2,8532,47,189,0.00551,0.02215,0.35735,0.26152,18.13584,12.93447
COMPANY_143614_NDSN,2024,Q3,8202,38,166,0.00463,0.02024,0.4404,0.28921,16.68503,12.30182
COMPANY_143614_NDSN,2024,Q4,10746,50,256,0.00465,0.02382,0.38871,0.26091,16.92351,12.14185
COMPANY_143614_NDSN,2025,Q1,9101,35,193,0.00385,0.02121,0.43573,0.28048,17.57638,11.93122
COMPANY_144524848_UBER,2023,Q1,8585,29,125,0.00338,0.01456,0.3405,0.28273,13.82875,11.30442
COMPANY_154924_A,2023,Q3,12922,21,250,0.00163,0.01935,0.41478,0.25325,18.26752,11.44906
COMPANY_154924_A,2023,Q4,11715,9,187,0.00077,0.01596,0.47729,0.26936,17.86532,12.05436
COMPANY_154924_A,2024,Q1,11819,11,215,0.00093,0.01819,0.44822,0.27132,16.18659,12.42713
COMPANY_154924_A,2024,Q2,11570,19,214,0.00164,0.0185,0.37692,0.20315,18.51244,12.537
COMPANY_154924_A,2024,Q3,11241,29,193,0.00258,0.01717,0.48669,0.30684,19.27832,12.54966
COMPANY_154924_A,2024,Q4,12686,72,276,0.00568,0.02176,0.40132,0.27235,18.33052,12.15747
COMPANY_154924_A,2025,Q1,11810,64,220,0.00542,0.01863,0.35842,0.2931,18.09146,12.10059
COMPANY_159230_RTX,2023,Q1,10558,34,210,0.00322,0.01989,0.34934,0.18531,18.69203,12.59543
COMPANY_159230_RTX,2023,Q2,11589,28,244,0.00242,0.02105,0.1495,0.33459,19.20866,13.60423
COMPANY_159230_RTX,2023,Q3,11068,32,235,0.00289,0.02123,0.30703,0.29223,16.05454,12.52017
COMPANY_159230_RTX,2023,Q4,11715,25,237,0.00213,0.02023,0.35013,0.31673,17.26801,12.19505
COMPANY_159230_RTX,2024,Q1,11212,30,217,0.00268,0.01935,0.39516,0.3411,19.06128,11.06085
COMPANY_159230_RTX,2024,Q2,11969,50,240,0.00418,0.02005,0.3242,0.28873,17.4824,10.868
COMPANY_159230_RTX,2024,Q3,11869,52,235,0.00438,0.0198,0.41024,0.29281,17.37706,11.79784
COMPANY_159230_RTX,2024,Q4,11573,43,234,0.00372,0.02022,0.34168,0.30921,18.24452,9.92559
COMPANY_159230_RTX,2025,Q1,11006,25,243,0.00227,0.02208,0.32322,0.24224,17.50683,10.17076
COMPANY_159264_OTIS,2023,Q1,7277,28,93,0.00385,0.01278,0.42834,0.31298,18.59969,11.39201
COMPANY_159264_OTIS,2023,Q2,10119,48,141,0.00474,0.01393,0.32209,0.28248,17.34681,10.72136
COMPANY_159264_OTIS,2023,Q3,9007,29,106,0.00322,0.01177,0.35787,0.34424,18.0693,10.10891
COMPANY_159264_OTIS,2023,Q4,7228,56,85,0.00775,0.01176,0.48743,0.30508,17.02557,13.29452
COMPANY_159264_OTIS,2024,Q1,8574,33,120,0.00385,0.014,0.3624,0.2654,16.63284,11.24391
COMPANY_159264_OTIS,2024,Q2,9596,42,135,0.00438,0.01407,0.47377,0.31773,18.27638,11.04374
COMPANY_159264_OTIS,2024,Q3,11071,43,130,0.00388,0.01174,0.37181,0.29933,17.40417,12.97049
COMPANY_159264_OTIS,2024,Q4,11955,94,209,0.00786,0.01748,0.3173,0.24731,17.42003,11.42588
COMPANY_159264_OTIS,2025,Q1,10300,45,150,0.00437,0.01456,0.28757,0.1904,15.79253,10.1928
COMPANY_160077_ELV,2023,Q1,10846,53,162,0.00489,0.01494,0.45359,0.32436,19.34969,12.32078
COMPANY_160077_ELV,2023,Q2,10220,58,157,0.00568,0.01536,0.53484,0.3498,20.59006,12.77188
COMPANY_160077_ELV,2023,Q3,11195,83,152,0.00741,0.01358,0.55618,0.46507,20.55649,14.12658
COMPANY_160077_ELV,2023,Q4,10562,43,159,0.00407,0.01505,0.61781,0.35527,19.56251,11.50193
COMPANY_160077_ELV,2024,Q1,10295,59,168,0.00573,0.01632,0.47984,0.36175,18.61961,11.53054
COMPANY_160077_ELV,2024,Q2,10725,47,180,0.00438,0.01678,0.40441,0.3802,18.82987,10.86837
COMPANY_160077_ELV,2024,Q3,10394,31,220,0.00298,0.02117,0.64482,0.2569,21.77051,13.10552
COMPANY_160077_ELV,2024,Q4,10913,46,164,0.00422,0.01503,0.53668,0.35521,18.37568,11.13085
COMPANY_160077_ELV,2025,Q1,8316,41,152,0.00493,0.01828,0.51836,0.34547,19.56291,10.93596
COMPANY_162270_PFE,2023,Q1,13944,29,254,0.00208,0.01822,0.28968,0.25362,19.39405,11.73239
COMPANY_162270_PFE,2023,Q2,15982,26,294,0.00163,0.0184,0.31046,0.19231,19.42316,12.90941
COMPANY_162270_PFE,2023,Q3,11298,23,207,0.00204,0.01832,0.40344,0.15786,19.08946,12.59281
COMPANY_162270_PFE,2023,Q4,14284,47,267,0.00329,0.01869,0.23178,0.22652,18.20271,11.1195
COMPANY_162270_PFE,2024,Q1,14814,31,297,0.00209,0.02005,0.50614,0.22885,17.12287,10.90454
COMPANY_162270_PFE,2024,Q2,11375,27,245,0.00237,0.02154,0.53721,0.31543,18.21872,11.07603
COMPANY_169838_APA,2025,Q1,10020,14,181,0.0014,0.01806,0.27241,0.27731,18.13578,12.29233
COMPANY_170245760_FANG,2023,Q1,10180,10,220,0.00098,0.02161,0.4226,0.25479,19.70607,9.20059
COMPANY_170245760_FANG,2023,Q2,6060,13,102,0.00215,0.01683,0.34025,0.23348,16.39307,9.3557
COMPANY_170245760_FANG,2023,Q3,10281,27,224,0.00263,0.02179,0.3913,0.30466,17.21276,11.0145
COMPANY_170245760_FANG,2023,Q4,6579,7,140,0.00106,0.02128,0.20849,0.27359,17.40733,11.13682
COMPANY_170245760_FANG,2024,Q1,6667,11,107,0.00165,0.01605,0.22254,0.20258,14.47398,10.46293
COMPANY_170245760_FANG,2024,Q2,9429,16,207,0.0017,0.02195,0.46142,0.32427,19.33305,10.48453
COMPANY_170245760_FANG,2024,Q3,11215,32,209,0.00285,0.01864,0.32696,0.22128,15.32612,9.8045
COMPANY_170245760_FANG,2024,Q4,8073,14,149,0.00173,0.01846,0.44823,0.33808,18.79495,9.921
COMPANY_170245760_FANG,2025,Q1,9853,18,238,0.00183,0.02416,0.38858,0.30324,20.02994,13.11956
COMPANY_170352_BALL,2023,Q1,12003,10,285,0.00083,0.02374,0.54444,0.26119,23.61819,9.88538
COMPANY_170352_BALL,2023,Q2,8899,10,167,0.00112,0.01877,0.30365,0.26573,20.09139,11.63435
COMPANY_170352_BALL,2023,Q3,10393,13,185,0.00125,0.0178,0.25297,0.31062,17.59628,11.4825
COMPANY_170352_BALL,2023,Q4,10482,13,184,0.00124,0.01755,0.46049,0.27788,21.68434,8.91751
COMPANY_170352_BALL,2024,Q1,11483,14,158,0.00122,0.01376,0.5251,0.31436,21.99302,10.52808
COMPANY_170352_BALL,2024,Q2,10139,18,153,0.00178,0.01509,0.61436,0.25744,19.47017,13.29812
COMPANY_170352_BALL,2024,Q3,10116,17,171,0.00168,0.0169,0.45454,0.23495,16.90741,11.12098
COMPANY_170352_BALL,2024,Q4,10081,12,173,0.00119,0.01716,0.55011,0.31903,17.22108,10.21846
COMPANY_170352_BALL,2025,Q1,9621,14,156,0.00146,0.01621,0.42745,0.31505,17.30451,10.37203
COMPANY_172207_CAH,2023,Q1,8530,33,165,0.00387,0.01934,0.41392,0.28593,19.74967,13.53061
COMPANY_162270_PFE,2024,Q3,15477,45,302,0.00291,0.01951,0.39316,0.23052,18.0678,12.30439
COMPANY_162270_PFE,2024,Q4,12277,44,276,0.00358,0.02248,0.28079,0.2243,15.56762,11.55361
COMPANY_162270_PFE,2025,Q1,13706,46,241,0.00336,0.01758,0.32023,0.24973,18.48066,10.68876
COMPANY_168864_AMD,2023,Q1,10137,74,203,0.0073,0.02003,0.46614,0.30311,17.78569,12.11134
COMPANY_168864_AMD,2023,Q2,10723,59,226,0.0055,0.02108,0.40437,0.32876,18.09205,10.76493
COMPANY_168864_AMD,2023,Q3,10602,58,195,0.00547,0.01839,0.43349,0.27813,18.95647,11.63092
COMPANY_168864_AMD,2023,Q4,10474,61,195,0.00582,0.01862,0.47581,0.36502,20.44231,12.67163
COMPANY_168864_AMD,2024,Q1,10032,44,191,0.00439,0.01904,0.46292,0.29166,18.70471,11.76209
COMPANY_168864_AMD,2024,Q2,9360,85,174,0.00908,0.01859,0.436,0.29728,18.40234,10.95197
COMPANY_168864_AMD,2024,Q3,10668,65,160,0.00609,0.015,0.35589,0.30664,18.50924,11.2251
COMPANY_168864_AMD,2024,Q4,9811,83,167,0.00846,0.01702,0.45465,0.38587,16.84889,12.44219
COMPANY_168864_AMD,2025,Q1,10335,108,195,0.01045,0.01887,0.31713,0.28902,18.17177,12.41085
COMPANY_169838_APA,2023,Q1,9507,7,194,0.00074,0.02041,0.55464,0.21277,19.91765,10.68663
COMPANY_169838_APA,2023,Q2,8973,11,167,0.00123,0.01861,0.21517,0.30358,12.73008,10.08243
COMPANY_169838_APA,2023,Q3,6744,6,131,0.00089,0.01942,0.35213,0.25799,17.22555,9.84165
COMPANY_169838_APA,2023,Q4,7867,20,157,0.00254,0.01996,0.36988,0.21143,19.15444,11.94577
COMPANY_169838_APA,2024,Q1,8324,13,134,0.00156,0.0161,0.37548,0.24325,18.0209,12.49376
COMPANY_169838_APA,2024,Q2,9627,8,192,0.00083,0.01994,0.29202,0.29147,18.94404,11.03102
COMPANY_169838_APA,2024,Q3,11191,16,218,0.00143,0.01948,0.29696,0.27241,14.00211,11.13632
COMPANY_169838_APA,2024,Q4,10706,41,201,0.00383,0.01877,0.37793,0.26902,17.46838,11.28022
COMPANY_173341_CMCSA,2023,Q2,10572,98,135,0.00927,0.01277,0.44363,0.31009,18.18668,11.88787
COMPANY_173341_CMCSA,2023,Q3,9967,111,111,0.01114,0.01114,0.49771,0.33813,19.16648,14.99625
COMPANY_173341_CMCSA,2023,Q4,11268,106,140,0.00941,0.01242,0.53057,0.46711,20.17543,15.75769
COMPANY_173341_CMCSA,2024,Q1,10974,93,131,0.00847,0.01194,0.41513,0.32918,17.61809,13.33991
COMPANY_173341_CMCSA,2024,Q2,11064,53,134,0.00479,0.01211,0.4181,0.36526,18.3164,13.84378
COMPANY_173341_CMCSA,2024,Q3,11008,89,136,0.00809,0.01235,0.36879,0.35208,18.26047,13.45373
COMPANY_173341_CMCSA,2024,Q4,10132,83,144,0.00819,0.01421,0.39543,0.39255,18.8147,12.5793
COMPANY_173341_CMCSA,2025,Q1,9394,67,112,0.00713,0.01192,0.38329,0.31774,17.85622,13.78828
COMPANY_173840_GLW,2023,Q1,8601,47,143,0.00546,0.01663,0.36972,0.27281,17.83564,12.42582
COMPANY_173840_GLW,2023,Q2,9779,39,182,0.00399,0.01861,0.32512,0.3129,19.25325,12.42252
COMPANY_173840_GLW,2023,Q3,9324,62,179,0.00665,0.0192,0.3654,0.2817,18.13683,10.99529
COMPANY_173840_GLW,2023,Q4,8921,30,160,0.00336,0.01794,0.39404,0.27693,19.29759,12.49449
COMPANY_173840_GLW,2024,Q1,8922,41,145,0.0046,0.01625,0.41872,0.27343,17.60104,12.23182
COMPANY_173840_GLW,2024,Q2,8921,61,174,0.00684,0.0195,0.35174,0.319,17.56094,11.43624
COMPANY_173840_GLW,2024,Q3,7511,28,123,0.00373,0.01638,0.3383,0.29055,20.29476,11.30308
COMPANY_173840_GLW,2024,Q4,9112,20,141,0.00219,0.01547,0.32574,0.27229,16.34604,10.89684
COMPANY_173840_GLW,2025,Q1,8527,20,151,0.00235,0.01771,0.31226,0.27051,17.20851,12.67057
COMPANY_174438_TGT,2023,Q1,12613,37,199,0.00293,0.01578,0.41144,0.2166,19.9308,14.65863
COMPANY_174438_TGT,2023,Q3,11886,25,185,0.0021,0.01556,0.5816,0.41147,19.07205,14.37975
COMPANY_174438_TGT,2023,Q4,22642,116,277,0.00512,0.01223,0.478,0.36192,17.40281,13.35148
COMPANY_177698_HAL,2023,Q1,7589,47,101,0.00619,0.01331,0.48812,0.34254,20.40258,10.18429
COMPANY_177698_HAL,2023,Q2,8200,46,124,0.00561,0.01512,0.41247,0.2679,19.66803,11.28984
COMPANY_177698_HAL,2023,Q3,8444,57,130,0.00675,0.0154,0.46524,0.29033,16.72794,11.78345
COMPANY_177698_HAL,2023,Q4,10576,72,151,0.00681,0.01428,0.41781,0.29492,17.96729,12.09822
COMPANY_177698_HAL,2024,Q1,9518,79,158,0.0083,0.0166,0.40654,0.35665,15.66077,8.9867
COMPANY_177698_HAL,2024,Q2,8536,75,158,0.00879,0.01851,0.45493,0.28531,17.754,10.01677
COMPANY_177698_HAL,2024,Q3,9429,77,111,0.00817,0.01177,0.48721,0.32929,17.80205,12.45528
COMPANY_177698_HAL,2024,Q4,7929,52,109,0.00656,0.01375,0.36846,0.29639,17.8704,9.22474
COMPANY_177698_HAL,2025,Q1,9566,50,169,0.00523,0.01767,0.41137,0.36939,18.10144,10.71752
COMPANY_177934_LHX,2023,Q1,7555,27,132,0.00357,0.01747,0.42395,0.26001,17.66371,10.81465
COMPANY_177934_LHX,2023,Q2,6661,26,113,0.0039,0.01696,0.33298,0.28485,16.78032,12.26205
COMPANY_177934_LHX,2023,Q3,8024,34,132,0.00424,0.01645,0.36875,0.22116,15.04576,11.9565
COMPANY_177934_LHX,2023,Q4,9328,28,133,0.003,0.01426,0.495,0.25114,16.84805,12.53493
COMPANY_177934_LHX,2024,Q1,9295,46,153,0.00495,0.01646,0.32375,0.23294,15.04685,12.33529
COMPANY_177934_LHX,2024,Q2,9707,45,140,0.00464,0.01442,0.28033,0.36149,18.14397,13.19506
COMPANY_177934_LHX,2024,Q3,10520,57,182,0.00542,0.0173,0.28115,0.33854,16.98035,12.11557
COMPANY_177934_LHX,2024,Q4,10149,60,171,0.00591,0.01685,0.33947,0.31773,16.91202,13.34512
COMPANY_177934_LHX,2025,Q1,9964,81,166,0.00813,0.01666,0.362,0.29923,17.34957,12.95148
COMPANY_1804385326_GEHC,2023,Q1,10498,61,152,0.00581,0.01448,0.43591,0.34833,18.23596,13.08612
COMPANY_1804385326_GEHC,2023,Q2,11003,57,146,0.00518,0.01327,0.43763,0.34744,19.04422,12.85299
COMPANY_172207_CAH,2023,Q2,9688,33,152,0.00341,0.01569,0.46387,0.30631,20.26838,12.4659
COMPANY_172207_CAH,2023,Q3,10245,26,154,0.00254,0.01503,0.58008,0.38265,21.4183,12.77682
COMPANY_172207_CAH,2023,Q4,9584,50,165,0.00522,0.01722,0.4167,0.36631,19.66077,14.4639
COMPANY_172207_CAH,2024,Q1,9392,24,179,0.00256,0.01906,0.40915,0.35967,17.41472,14.49683
COMPANY_172207_CAH,2024,Q2,10565,96,190,0.00909,0.01798,0.56605,0.43754,22.59154,15.26007
COMPANY_172207_CAH,2024,Q3,12294,109,181,0.00887,0.01472,0.50869,0.35938,20.29385,13.7601
COMPANY_172207_CAH,2024,Q4,13686,90,231,0.00658,0.01688,0.56261,0.45637,22.78268,16.52416
COMPANY_172207_CAH,2025,Q1,12364,54,194,0.00437,0.01569,0.4599,0.34703,19.44529,12.13308
COMPANY_172207_CAH,2025,Q2,12816,92,185,0.00718,0.01444,0.50348,0.32806,19.23255,12.36593
COMPANY_172207_CAH,2025,Q3,10533,52,169,0.00494,0.01604,0.64042,0.35845,20.39207,10.9947
COMPANY_172899_CI,2023,Q1,11527,73,157,0.00633,0.01362,0.50148,0.38232,21.54854,15.16811
COMPANY_172899_CI,2023,Q2,10766,73,151,0.00678,0.01403,0.61836,0.40096,22.06638,13.43686
COMPANY_172899_CI,2023,Q3,10380,52,125,0.00501,0.01204,0.59092,0.2836,22.70561,13.38409
COMPANY_172899_CI,2023,Q4,11984,86,132,0.00718,0.01101,0.52983,0.3946,19.11107,12.61317
COMPANY_172899_CI,2024,Q1,6638,24,103,0.00362,0.01552,0.51282,0.28015,17.52116,12.75964
COMPANY_172899_CI,2024,Q2,10368,68,156,0.00656,0.01505,0.50468,0.30532,19.40354,14.46119
COMPANY_172899_CI,2024,Q3,12237,59,190,0.00482,0.01553,0.54751,0.37916,19.78639,13.90586
COMPANY_172899_CI,2024,Q4,11668,25,198,0.00214,0.01697,0.67774,0.24887,19.65297,13.63755
COMPANY_172899_CI,2025,Q1,11329,74,152,0.00653,0.01342,0.46693,0.394,18.98011,14.33492
COMPANY_173341_CMCSA,2023,Q1,10906,109,141,0.00999,0.01293,0.38189,0.35123,17.04074,13.68812
COMPANY_181176_MKC,2024,Q3,13203,49,220,0.00371,0.01666,0.33385,0.31153,16.77254,11.78751
COMPANY_181176_MKC,2024,Q4,12178,63,187,0.00517,0.01536,0.3821,0.38726,16.00351,12.33847
COMPANY_181176_MKC,2025,Q1,11263,33,127,0.00293,0.01128,0.43705,0.30742,17.76174,13.05723
COMPANY_181478_MAS,2023,Q1,10478,21,187,0.002,0.01785,0.37803,0.29803,17.11429,10.85223
COMPANY_181478_MAS,2023,Q2,9993,26,180,0.0026,0.01801,0.4522,0.29266,18.68826,10.06235
COMPANY_181478_MAS,2023,Q3,9869,21,170,0.00213,0.01723,0.38039,0.29177,17.56823,9.46642
COMPANY_181478_MAS,2023,Q4,10402,27,158,0.0026,0.01519,0.30421,0.35011,19.9177,12.973
COMPANY_181478_MAS,2024,Q1,9435,50,160,0.0053,0.01696,0.26326,0.24523,18.39079,12.87622
COMPANY_181478_MAS,2024,Q2,10566,31,160,0.00293,0.01514,0.25013,0.24329,20.51902,14.02784
COMPANY_181478_MAS,2024,Q3,8613,29,165,0.00337,0.01916,0.17443,0.31519,17.52695,11.4958
COMPANY_181478_MAS,2024,Q4,9376,41,145,0.00437,0.01547,0.267,0.27682,17.80752,14.46069
COMPANY_181478_MAS,2025,Q1,10005,24,173,0.0024,0.01729,0.31581,0.22022,17.16978,13.2346
COMPANY_1818848396_GEV,2024,Q1,7244,20,97,0.00276,0.01339,0.49461,0.30144,19.12331,10.44216
COMPANY_1818848396_GEV,2024,Q2,8751,16,119,0.00183,0.0136,0.41129,0.29897,19.14784,11.44817
COMPANY_1818848396_GEV,2024,Q3,9316,24,103,0.00258,0.01106,0.35669,0.35146,19.43095,14.34216
COMPANY_1818848396_GEV,2024,Q4,9325,29,120,0.00311,0.01287,0.49982,0.33711,20.33631,12.05942
COMPANY_1818848396_GEV,2025,Q1,9931,13,144,0.00131,0.0145,0.32169,0.27933,18.81845,11.77382
COMPANY_1820759186_KVUE,2023,Q2,9851,43,188,0.00437,0.01908,0.54979,0.40265,19.42665,13.49518
COMPANY_1820759186_KVUE,2023,Q3,9827,31,151,0.00315,0.01537,0.64208,0.36142,20.19754,13.92176
COMPANY_1820759186_KVUE,2023,Q4,9583,26,126,0.00271,0.01315,0.50721,0.29054,18.33086,13.91313
COMPANY_184945_NUE,2025,Q1,9904,28,150,0.00283,0.01515,0.4046,0.26646,18.38513,11.29953
COMPANY_185508_PPL,2023,Q1,7819,26,157,0.00333,0.02008,0.4794,0.33839,19.43437,12.81168
COMPANY_185508_PPL,2023,Q2,5714,15,118,0.00263,0.02065,0.69456,0.2735,22.5673,10.59583
COMPANY_185508_PPL,2023,Q3,5843,13,106,0.00222,0.01814,0.61192,0.31859,20.60138,12.32188
COMPANY_185508_PPL,2023,Q4,8555,45,188,0.00526,0.02198,0.46178,0.33576,22.44124,13.18422
COMPANY_185508_PPL,2024,Q1,4964,19,111,0.00383,0.02236,0.49833,0.28919,18.91551,13.45271
COMPANY_185508_PPL,2024,Q2,7801,44,180,0.00564,0.02307,0.44197,0.33659,19.79253,13.38405
COMPANY_185508_PPL,2024,Q3,9026,20,201,0.00222,0.02227,0.37585,0.3355,17.80132,12.24408
COMPANY_185508_PPL,2024,Q4,9496,49,227,0.00516,0.0239,0.56692,0.33593,20.59466,12.90712
COMPANY_185508_PPL,2025,Q1,7187,33,175,0.00459,0.02435,0.55401,0.30097,19.90107,12.70128
COMPANY_185648_MET,2023,Q1,9967,17,161,0.00171,0.01615,0.39859,0.28801,19.33311,12.19446
COMPANY_185648_MET,2023,Q2,9829,19,138,0.00193,0.01404,0.42085,0.30986,17.88382,10.97726
COMPANY_185648_MET,2023,Q3,9007,28,145,0.00311,0.0161,0.54145,0.32851,19.71901,10.68459
COMPANY_185648_MET,2023,Q4,10136,21,149,0.00207,0.0147,0.41881,0.29315,16.96881,11.47607
COMPANY_185648_MET,2024,Q1,7738,22,129,0.00284,0.01667,0.33271,0.2795,17.76179,11.97444
COMPANY_185648_MET,2024,Q2,10129,30,163,0.00296,0.01609,0.39161,0.27206,15.97673,11.27027
COMPANY_185648_MET,2024,Q3,9931,19,165,0.00191,0.01661,0.46805,0.25609,17.84593,12.4208
COMPANY_185648_MET,2024,Q4,10450,26,168,0.00249,0.01608,0.27318,0.23538,13.81184,11.47158
COMPANY_185648_MET,2025,Q1,10228,24,173,0.00235,0.01691,0.3375,0.23378,16.76417,11.96101
COMPANY_18671_ALB,2023,Q1,10263,20,199,0.00195,0.01939,0.38068,0.21525,18.13371,11.21325
COMPANY_174438_TGT,2024,Q1,11070,28,153,0.00253,0.01382,0.49624,0.40583,18.04217,14.96421
COMPANY_174438_TGT,2024,Q2,12133,34,162,0.0028,0.01335,0.56509,0.35835,19.0557,14.35963
COMPANY_174438_TGT,2024,Q3,12967,39,184,0.00301,0.01419,0.57194,0.31057,19.20817,14.41014
COMPANY_174438_TGT,2024,Q4,24127,112,276,0.00464,0.01144,0.43202,0.32563,17.39233,13.74986
COMPANY_174901_DOV,2023,Q1,8485,14,155,0.00165,0.01827,0.40334,0.28936,18.20153,12.52144
COMPANY_174901_DOV,2023,Q2,9973,20,192,0.00201,0.01925,0.28335,0.23373,16.00482,12.32508
COMPANY_174901_DOV,2023,Q3,9716,31,244,0.00319,0.02511,0.27739,0.23084,18.05683,12.03045
COMPANY_174901_DOV,2023,Q4,8444,13,206,0.00154,0.0244,0.54202,0.21189,20.75641,9.04698
COMPANY_174901_DOV,2024,Q1,7818,28,163,0.00358,0.02085,0.37498,0.21732,16.72449,11.53249
COMPANY_174901_DOV,2024,Q2,9229,24,193,0.0026,0.02091,0.44746,0.31589,17.93916,9.65881
COMPANY_174901_DOV,2024,Q3,8740,24,237,0.00275,0.02712,0.42558,0.28615,16.83951,10.42282
COMPANY_174901_DOV,2024,Q4,8007,21,200,0.00262,0.02498,0.37172,0.3076,15.23836,9.58702
COMPANY_174901_DOV,2025,Q1,8851,11,189,0.00124,0.02135,0.62325,0.24118,18.67718,9.76574
COMPANY_175265_ETN,2023,Q1,12091,45,220,0.00372,0.0182,0.41085,0.34948,17.98998,10.2987
COMPANY_175265_ETN,2023,Q2,13196,48,220,0.00364,0.01667,0.47884,0.32035,18.84967,10.39124
COMPANY_175265_ETN,2023,Q3,15157,57,224,0.00376,0.01478,0.47533,0.35771,17.25651,9.90003
COMPANY_175265_ETN,2023,Q4,11153,32,161,0.00287,0.01444,0.3672,0.34854,13.90427,10.59342
COMPANY_175265_ETN,2024,Q1,10373,17,151,0.00164,0.01456,0.40081,0.29571,18.14604,11.54447
COMPANY_175265_ETN,2024,Q2,12274,24,154,0.00196,0.01255,0.355,0.30444,15.93404,11.46624
COMPANY_175265_ETN,2024,Q3,12911,18,173,0.00139,0.0134,0.46553,0.25747,17.41982,10.88033
COMPANY_175265_ETN,2024,Q4,13774,25,264,0.00182,0.01917,0.18332,0.27889,15.6265,8.83578
COMPANY_175265_ETN,2025,Q1,9683,17,163,0.00176,0.01683,0.29726,0.24872,15.86811,10.97527
COMPANY_175749_EFX,2023,Q1,17754,152,262,0.00856,0.01476,0.50113,0.31029,19.55054,12.83382
COMPANY_175749_EFX,2023,Q2,19609,163,303,0.00831,0.01545,0.4615,0.30719,19.15947,13.37975
COMPANY_175749_EFX,2023,Q3,19155,84,296,0.00439,0.01545,0.5204,0.31977,19.19016,13.02456
COMPANY_175749_EFX,2023,Q4,14872,81,168,0.00545,0.0113,0.4946,0.29469,19.02676,13.44445
COMPANY_175749_EFX,2024,Q1,18907,99,244,0.00524,0.01291,0.41953,0.29416,18.49401,11.6328
COMPANY_175749_EFX,2024,Q2,19313,129,288,0.00668,0.01491,0.46292,0.34334,18.28714,11.49248
COMPANY_175749_EFX,2024,Q3,19549,124,303,0.00634,0.0155,0.47796,0.29507,18.63004,12.44638
COMPANY_175749_EFX,2024,Q4,18275,71,276,0.00389,0.0151,0.49552,0.34633,18.68074,12.09841
COMPANY_175749_EFX,2025,Q1,17901,111,277,0.0062,0.01547,0.53098,0.29208,17.83834,12.24991
COMPANY_177031_GE,2023,Q1,8707,17,143,0.00195,0.01642,0.29451,0.32469,16.3848,12.94327
COMPANY_177031_GE,2023,Q2,8533,13,124,0.00152,0.01453,0.42388,0.36209,18.96262,11.82044
COMPANY_177031_GE,2023,Q3,8839,12,151,0.00136,0.01708,0.33272,0.29281,17.16254,10.5366
COMPANY_177031_GE,2023,Q4,8658,17,118,0.00196,0.01363,0.54973,0.35836,18.9332,12.27636
COMPANY_177031_GE,2024,Q1,9168,37,187,0.00404,0.0204,0.48692,0.33772,17.96615,10.76848
COMPANY_177031_GE,2024,Q2,8612,21,169,0.00244,0.01962,0.43918,0.28931,17.92169,10.77225
COMPANY_177031_GE,2024,Q3,8795,33,173,0.00375,0.01967,0.36,0.20352,16.58513,10.7982
COMPANY_177031_GE,2024,Q4,8932,23,126,0.00258,0.01411,0.2783,0.3042,16.42014,10.96588
COMPANY_177031_GE,2025,Q1,8645,24,170,0.00278,0.01966,0.35194,0.21416,17.57478,10.99554
COMPANY_1804385326_GEHC,2023,Q3,10235,48,165,0.00469,0.01612,0.49424,0.38091,17.64422,12.39421
COMPANY_1804385326_GEHC,2023,Q4,10916,63,173,0.00577,0.01585,0.40491,0.33747,16.95921,12.26532
COMPANY_1804385326_GEHC,2024,Q1,10375,45,151,0.00434,0.01455,0.4588,0.32177,19.0798,12.29659
COMPANY_1804385326_GEHC,2024,Q2,11959,47,196,0.00393,0.01639,0.42513,0.29065,17.91571,12.29177
COMPANY_1804385326_GEHC,2024,Q3,10487,45,158,0.00429,0.01507,0.47217,0.35451,18.31602,12.48821
COMPANY_1804385326_GEHC,2024,Q4,10516,52,166,0.00494,0.01579,0.451,0.34099,18.20184,11.65417
COMPANY_1804385326_GEHC,2025,Q1,10762,35,177,0.00325,0.01645,0.5328,0.32383,18.43534,12.14056
COMPANY_180871_LOW,2023,Q1,10533,62,163,0.00589,0.01548,0.51836,0.30847,20.28261,14.05587
COMPANY_180871_LOW,2023,Q3,10491,59,156,0.00562,0.01487,0.36039,0.28007,18.82424,13.85074
COMPANY_180871_LOW,2023,Q4,10233,48,150,0.00469,0.01466,0.51553,0.25859,21.16789,13.84342
COMPANY_180871_LOW,2024,Q1,10790,48,154,0.00445,0.01427,0.43858,0.32641,20.68848,14.3919
COMPANY_180871_LOW,2024,Q2,11181,57,224,0.0051,0.02003,0.48242,0.2901,20.6087,12.64577
COMPANY_180871_LOW,2024,Q3,10713,32,148,0.00299,0.01381,0.42003,0.29842,19.15313,13.04833
COMPANY_180871_LOW,2024,Q4,11448,34,191,0.00297,0.01668,0.49955,0.31343,18.36604,12.34175
COMPANY_181176_MKC,2023,Q1,13706,68,200,0.00496,0.01459,0.4273,0.27767,16.66674,12.40488
COMPANY_181176_MKC,2023,Q2,14753,38,254,0.00258,0.01722,0.53058,0.40504,17.34973,12.78181
COMPANY_181176_MKC,2023,Q3,13952,58,224,0.00416,0.01606,0.53327,0.32803,18.45143,12.68298
COMPANY_181176_MKC,2023,Q4,14648,61,217,0.00416,0.01481,0.49029,0.27288,16.84553,10.95287
COMPANY_181176_MKC,2024,Q1,13421,37,173,0.00276,0.01289,0.47133,0.34008,16.45165,11.72525
COMPANY_181176_MKC,2024,Q2,13764,54,195,0.00392,0.01417,0.34563,0.33375,17.2711,12.59208
COMPANY_1820759186_KVUE,2024,Q1,9023,29,159,0.00321,0.01762,0.51017,0.34256,21.48868,14.04659
COMPANY_1820759186_KVUE,2024,Q2,7725,28,113,0.00362,0.01463,0.4834,0.36995,18.31147,13.57894
COMPANY_1820759186_KVUE,2024,Q3,9897,38,147,0.00384,0.01485,0.59789,0.35446,19.02343,13.07984
COMPANY_1820759186_KVUE,2024,Q4,10771,30,152,0.00279,0.01411,0.38316,0.3281,20.30675,13.35817
COMPANY_1820759186_KVUE,2025,Q1,10087,26,156,0.00258,0.01547,0.53504,0.36759,19.90038,14.01346
COMPANY_1849334916_VLTO,2023,Q3,5516,22,103,0.00399,0.01867,0.54217,0.35695,19.09304,15.07785
COMPANY_1849334916_VLTO,2023,Q4,7937,27,156,0.0034,0.01965,0.47716,0.36598,18.95601,13.64037
COMPANY_1849334916_VLTO,2024,Q1,8729,31,176,0.00355,0.02016,0.33469,0.3226,19.57722,15.55163
COMPANY_1849334916_VLTO,2024,Q2,10470,30,202,0.00287,0.01929,0.50653,0.32232,19.18227,12.23403
COMPANY_1849334916_VLTO,2024,Q3,9243,30,193,0.00325,0.02088,0.46556,0.31713,18.58224,13.73431
COMPANY_1849334916_VLTO,2024,Q4,10342,39,189,0.00377,0.01827,0.4999,0.38985,20.02427,13.79748
COMPANY_1849334916_VLTO,2025,Q1,9807,37,179,0.00377,0.01825,0.48946,0.33187,19.53096,13.91595
COMPANY_184945_NUE,2023,Q1,8987,53,157,0.0059,0.01747,0.45436,0.33593,18.56872,12.73038
COMPANY_184945_NUE,2023,Q2,10137,84,174,0.00829,0.01716,0.39215,0.27997,17.70148,12.64803
COMPANY_184945_NUE,2023,Q3,11025,53,183,0.00481,0.0166,0.38402,0.31422,17.424,11.831
COMPANY_184945_NUE,2023,Q4,9852,50,169,0.00508,0.01715,0.40761,0.31839,19.28425,11.84476
COMPANY_184945_NUE,2024,Q1,10640,44,166,0.00414,0.0156,0.36219,0.26453,17.83179,13.54465
COMPANY_184945_NUE,2024,Q2,10840,58,184,0.00535,0.01697,0.23959,0.28154,17.08174,11.61942
COMPANY_184945_NUE,2024,Q3,10920,37,164,0.00339,0.01502,0.40961,0.28096,17.35578,12.3731
COMPANY_184945_NUE,2024,Q4,10321,31,152,0.003,0.01473,0.39417,0.38855,17.83181,11.52976
COMPANY_1871945009_SOLV,2025,Q1,7752,36,122,0.00464,0.01574,0.59042,0.35569,19.31819,14.2675
COMPANY_18749_AMZN,2023,Q1,8572,79,121,0.00922,0.01412,0.32248,0.32431,17.7521,14.42308
COMPANY_18749_AMZN,2023,Q2,8187,72,127,0.00879,0.01551,0.33251,0.37382,18.28275,16.82094
COMPANY_18749_AMZN,2023,Q3,9451,87,155,0.00921,0.0164,0.46099,0.34766,20.43228,16.43287
COMPANY_18749_AMZN,2023,Q4,10060,70,132,0.00696,0.01312,0.40531,0.36675,19.00445,16.08157
COMPANY_18749_AMZN,2024,Q1,9659,85,153,0.0088,0.01584,0.41457,0.29945,18.82078,14.45465
COMPANY_18749_AMZN,2024,Q2,9054,69,127,0.00762,0.01403,0.3734,0.2997,19.32025,14.42638
COMPANY_18749_AMZN,2024,Q3,8793,89,131,0.01012,0.0149,0.39246,0.33799,19.55208,15.38585
COMPANY_18749_AMZN,2024,Q4,9205,97,149,0.01054,0.01619,0.38241,0.31195,18.72881,15.50232
COMPANY_18749_AMZN,2025,Q1,9465,74,162,0.00782,0.01712,0.34208,0.29982,18.85244,15.17189
COMPANY_18833_APO,2023,Q1,12520,67,242,0.00535,0.01933,0.40881,0.27198,17.64301,14.15115
COMPANY_18833_APO,2023,Q2,9744,55,169,0.00564,0.01734,0.38846,0.29471,16.75429,13.65807
COMPANY_18833_APO,2023,Q3,11367,55,174,0.00484,0.01531,0.37078,0.26821,16.97011,13.83262
COMPANY_18833_APO,2023,Q4,10652,47,178,0.00441,0.01671,0.31452,0.20772,17.41029,15.30614
COMPANY_18833_APO,2024,Q1,10049,55,180,0.00547,0.01791,0.42374,0.27287,18.70214,14.53312
COMPANY_18833_APO,2024,Q2,10541,71,161,0.00674,0.01527,0.37931,0.31074,18.10562,13.64515
COMPANY_18833_APO,2024,Q3,10556,55,173,0.00521,0.01639,0.25366,0.22076,14.59259,13.06856
COMPANY_18833_APO,2024,Q4,11669,90,210,0.00771,0.018,0.32806,0.2764,18.28207,13.24209
COMPANY_18833_APO,2025,Q1,11206,59,201,0.00527,0.01794,0.43602,0.34742,17.93137,13.27926
COMPANY_188785_STT,2023,Q1,13421,35,214,0.00261,0.01595,0.54553,0.27361,18.87199,11.46757
COMPANY_18671_ALB,2023,Q2,9464,41,186,0.00433,0.01965,0.27382,0.21459,16.60787,12.42541
COMPANY_18671_ALB,2023,Q3,10098,19,232,0.00188,0.02297,0.45198,0.18413,18.24332,11.81482
COMPANY_18671_ALB,2023,Q4,11349,19,206,0.00167,0.01815,0.33429,0.21371,17.41103,13.24659
COMPANY_18671_ALB,2024,Q1,10255,23,205,0.00224,0.01999,0.41357,0.2266,18.37032,12.5726
COMPANY_18671_ALB,2024,Q2,10369,34,206,0.00328,0.01987,0.30444,0.34038,16.99213,13.89562
COMPANY_18671_ALB,2024,Q3,10086,25,187,0.00248,0.01854,0.34925,0.22638,18.61206,12.5339
COMPANY_18671_ALB,2024,Q4,9777,20,195,0.00205,0.01994,0.54833,0.22032,20.48151,12.98001
COMPANY_18671_ALB,2025,Q1,9520,22,183,0.00231,0.01922,0.31478,0.20115,17.70855,13.42435
COMPANY_18711_ALL,2023,Q1,11356,64,199,0.00564,0.01752,0.34891,0.28508,17.56089,13.44139
COMPANY_18711_ALL,2023,Q2,11556,36,185,0.00312,0.01601,0.4467,0.23587,19.72317,14.21927
COMPANY_18711_ALL,2023,Q3,11041,78,185,0.00706,0.01676,0.43563,0.24762,17.63622,14.34648
COMPANY_18711_ALL,2023,Q4,11481,43,180,0.00375,0.01568,0.48904,0.2827,18.53433,13.76719
COMPANY_18711_ALL,2024,Q1,10744,33,148,0.00307,0.01378,0.45285,0.26263,18.591,13.62911
COMPANY_18711_ALL,2024,Q2,11195,58,153,0.00518,0.01367,0.3943,0.25823,16.70283,12.68517
COMPANY_18711_ALL,2024,Q3,11250,36,183,0.0032,0.01627,0.46427,0.28978,19.69315,13.67894
COMPANY_18711_ALL,2024,Q4,11418,38,154,0.00333,0.01349,0.37449,0.22463,17.4851,12.56961
COMPANY_18711_ALL,2025,Q1,11473,38,156,0.00331,0.0136,0.4877,0.27314,17.73556,12.00847
COMPANY_1871945009_SOLV,2024,Q2,9031,35,180,0.00388,0.01993,0.39818,0.3633,18.29548,12.60707
COMPANY_1871945009_SOLV,2024,Q3,10854,44,173,0.00405,0.01594,0.51933,0.32134,18.79129,12.69474
COMPANY_1871945009_SOLV,2024,Q4,10498,61,179,0.00581,0.01705,0.4351,0.38088,17.10881,11.71152
COMPANY_19109_TFC,2023,Q3,11387,31,204,0.00272,0.01792,0.38789,0.27274,17.53132,12.00961
COMPANY_19109_TFC,2023,Q4,11649,40,170,0.00343,0.01459,0.5493,0.34326,21.9887,12.74831
COMPANY_19109_TFC,2024,Q1,11558,18,162,0.00156,0.01402,0.56028,0.28729,18.70663,10.27482
COMPANY_19109_TFC,2024,Q2,13225,32,170,0.00242,0.01285,0.42977,0.35514,19.20821,12.83202
COMPANY_19109_TFC,2024,Q3,10271,31,119,0.00302,0.01159,0.39536,0.31604,18.73477,11.88173
COMPANY_19109_TFC,2024,Q4,11922,46,157,0.00386,0.01317,0.48369,0.32422,17.86521,10.92576
COMPANY_19109_TFC,2025,Q1,9937,28,205,0.00282,0.02063,0.59122,0.33542,18.82709,10.93632
COMPANY_191564_DIS,2023,Q1,9531,61,126,0.0064,0.01322,0.37301,0.35881,16.61226,14.71449
COMPANY_191564_DIS,2023,Q2,9827,58,113,0.0059,0.0115,0.45689,0.29506,19.32853,14.8998
COMPANY_191564_DIS,2023,Q3,8165,49,115,0.006,0.01408,0.42483,0.33698,17.36388,14.92626
COMPANY_191564_DIS,2023,Q4,9100,58,99,0.00637,0.01088,0.462,0.36667,19.20063,14.42858
COMPANY_191564_DIS,2024,Q1,10106,53,102,0.00524,0.01009,0.53961,0.36786,20.92895,12.79063
COMPANY_191564_DIS,2024,Q2,7676,40,86,0.00521,0.0112,0.49233,0.27418,16.32429,13.26711
COMPANY_191564_DIS,2024,Q3,5242,28,73,0.00534,0.01393,0.45507,0.33103,14.83957,11.18755
COMPANY_191564_DIS,2024,Q4,7403,52,115,0.00702,0.01553,0.42153,0.37884,17.23433,10.72645
COMPANY_191564_DIS,2025,Q1,5656,33,73,0.00583,0.01291,0.33957,0.25379,19.31113,11.70785
COMPANY_191564_DIS,2025,Q2,7000,32,83,0.00457,0.01186,0.42774,0.32786,16.75266,11.2003
COMPANY_19609_CHTR,2023,Q1,10392,94,203,0.00905,0.01953,0.4213,0.33036,19.56802,12.93285
COMPANY_19609_CHTR,2023,Q2,9878,89,180,0.00901,0.01822,0.30061,0.31699,18.69388,13.1399
COMPANY_19609_CHTR,2023,Q3,9521,86,155,0.00903,0.01628,0.4121,0.3041,19.12432,14.48742
COMPANY_188785_STT,2023,Q2,11427,30,184,0.00263,0.0161,0.55086,0.27153,21.7127,13.79692
COMPANY_188785_STT,2023,Q3,15220,42,220,0.00276,0.01445,0.33809,0.26836,18.07011,12.65023
COMPANY_188785_STT,2023,Q4,15636,34,217,0.00217,0.01388,0.48974,0.19739,21.9798,13.73491
COMPANY_188785_STT,2024,Q1,10788,42,174,0.00389,0.01613,0.39314,0.3047,19.09688,11.91939
COMPANY_188785_STT,2024,Q2,10922,35,185,0.0032,0.01694,0.59125,0.23198,21.45807,10.247
COMPANY_188785_STT,2024,Q3,9349,46,136,0.00492,0.01455,0.44484,0.28929,19.04425,11.60514
COMPANY_188785_STT,2024,Q4,8879,36,143,0.00405,0.01611,0.27913,0.20828,16.84546,9.43369
COMPANY_188785_STT,2025,Q1,11177,43,230,0.00385,0.02058,0.36746,0.22075,20.22165,11.16037
COMPANY_189096_SYY,2023,Q1,13134,46,216,0.0035,0.01645,0.43907,0.37813,18.44804,12.60833
COMPANY_189096_SYY,2023,Q2,11137,24,155,0.00215,0.01392,0.47056,0.37478,20.85406,13.20716
COMPANY_189096_SYY,2023,Q3,12340,50,182,0.00405,0.01475,0.42319,0.37916,17.22708,12.75974
COMPANY_189096_SYY,2023,Q4,10974,21,161,0.00191,0.01467,0.46546,0.37076,17.60234,13.64014
COMPANY_189096_SYY,2024,Q1,12152,41,194,0.00337,0.01596,0.55137,0.3891,16.75517,11.39909
COMPANY_189096_SYY,2024,Q2,12199,39,191,0.0032,0.01566,0.50976,0.38391,18.67833,10.79248
COMPANY_189096_SYY,2024,Q3,11672,18,182,0.00154,0.01559,0.26664,0.35842,14.88474,11.6702
COMPANY_189096_SYY,2024,Q4,11451,26,192,0.00227,0.01677,0.52833,0.38182,18.39675,11.37436
COMPANY_189096_SYY,2025,Q1,11405,28,200,0.00246,0.01754,0.42368,0.38252,17.83633,12.23252
COMPANY_189096_SYY,2025,Q2,12211,23,174,0.00188,0.01425,0.4457,0.38152,15.15475,14.03743
COMPANY_189096_SYY,2025,Q3,11474,19,168,0.00166,0.01464,0.2826,0.39332,17.02033,13.76577
COMPANY_189488_TECH,2023,Q1,10174,36,125,0.00354,0.01229,0.3042,0.37615,19.71056,13.84244
COMPANY_19609_CHTR,2023,Q4,9337,61,160,0.00653,0.01714,0.31742,0.2647,17.64821,13.5214
COMPANY_19609_CHTR,2024,Q1,10207,43,169,0.00421,0.01656,0.32314,0.24693,17.38171,14.05412
COMPANY_19609_CHTR,2024,Q2,10017,47,147,0.00469,0.01468,0.41671,0.2495,19.47202,14.90063
COMPANY_19609_CHTR,2024,Q3,10687,69,144,0.00646,0.01347,0.39316,0.30743,21.3537,15.6047
COMPANY_19609_CHTR,2024,Q4,10716,94,160,0.00877,0.01493,0.3931,0.38287,18.22189,15.30502
COMPANY_19609_CHTR,2025,Q1,9440,37,131,0.00392,0.01388,0.3579,0.3015,16.1472,11.38459
COMPANY_19691_CSCO,2023,Q1,9898,52,172,0.00525,0.01738,0.45506,0.22924,18.13548,11.05277
COMPANY_19691_CSCO,2023,Q2,11281,75,207,0.00665,0.01835,0.43014,0.34259,18.65739,11.14127
COMPANY_19691_CSCO,2023,Q3,8683,55,152,0.00633,0.01751,0.46108,0.30731,17.68085,10.47662
COMPANY_19691_CSCO,2023,Q4,11149,51,171,0.00457,0.01534,0.41114,0.29059,16.33541,9.50726
COMPANY_19691_CSCO,2024,Q1,8251,46,149,0.00558,0.01806,0.51678,0.24839,19.40914,9.50733
COMPANY_19691_CSCO,2024,Q2,9721,64,181,0.00658,0.01862,0.37233,0.25785,18.18331,10.65024
COMPANY_19691_CSCO,2024,Q3,11374,59,203,0.00519,0.01785,0.44787,0.31013,18.38346,11.91965
COMPANY_19691_CSCO,2024,Q4,11265,94,197,0.00834,0.01749,0.43627,0.31606,18.82306,10.67042
COMPANY_19691_CSCO,2025,Q1,11984,136,191,0.01135,0.01594,0.37804,0.31385,18.7441,11.17157
COMPANY_19691_CSCO,2025,Q2,10265,100,166,0.00974,0.01617,0.36765,0.28771,18.3384,11.21034
COMPANY_19691_CSCO,2025,Q3,10678,102,203,0.00955,0.01901,0.36108,0.29263,19.64921,12.06449
COMPANY_2004577_CME,2023,Q1,11773,12,183,0.00102,0.01554,0.19224,0.33616,18.02704,9.66929
COMPANY_2004577_CME,2023,Q2,12328,30,199,0.00243,0.01614,0.24975,0.30691,16.0777,10.11432
COMPANY_2004577_CME,2023,Q3,11754,23,213,0.00196,0.01812,0.21438,0.33044,16.05601,11.06699
COMPANY_190636_TSN,2023,Q2,11972,39,180,0.00326,0.01504,0.46095,0.34505,16.80692,12.92611
COMPANY_190636_TSN,2023,Q3,9869,18,167,0.00182,0.01692,0.54218,0.27029,18.5012,11.70924
COMPANY_190636_TSN,2023,Q4,10392,21,176,0.00202,0.01694,0.41888,0.30929,17.87175,12.44239
COMPANY_190636_TSN,2024,Q1,11136,22,218,0.00198,0.01958,0.61999,0.32438,19.3593,11.0143
COMPANY_190636_TSN,2024,Q2,10981,24,180,0.00219,0.01639,0.39965,0.3047,16.01476,12.02008
COMPANY_190636_TSN,2024,Q3,9315,19,154,0.00204,0.01653,0.44538,0.40383,16.4379,12.2042
COMPANY_190636_TSN,2024,Q4,10703,29,157,0.00271,0.01467,0.58573,0.41524,18.17095,11.90036
COMPANY_190636_TSN,2025,Q1,10338,29,198,0.00281,0.01915,0.47302,0.33419,17.07923,10.34178
COMPANY_190636_TSN,2025,Q2,11704,47,210,0.00402,0.01794,0.41851,0.35652,16.43321,12.20834
COMPANY_190694_WM,2023,Q1,12682,44,210,0.00347,0.01656,0.33711,0.35824,17.12189,10.72965
COMPANY_190694_WM,2023,Q2,13392,22,270,0.00164,0.02016,0.34972,0.29297,18.75296,10.91055
COMPANY_190694_WM,2023,Q3,14079,27,274,0.00192,0.01946,0.20568,0.27903,16.13638,10.13807
COMPANY_190694_WM,2023,Q4,11571,43,230,0.00372,0.01988,0.56328,0.35829,21.68724,12.80601
COMPANY_190694_WM,2024,Q1,10519,40,181,0.0038,0.01721,0.51078,0.32844,18.82749,11.66687
COMPANY_190694_WM,2024,Q2,14121,52,229,0.00368,0.01622,0.36379,0.34962,19.05483,12.5724
COMPANY_190694_WM,2024,Q3,13789,50,267,0.00363,0.01936,0.31961,0.30774,18.30474,12.61712
COMPANY_190694_WM,2024,Q4,16282,63,343,0.00387,0.02107,0.41574,0.33701,19.86351,10.69487
COMPANY_190694_WM,2025,Q1,12850,63,241,0.0049,0.01875,0.43176,0.34645,19.68862,11.3437
COMPANY_19109_TFC,2023,Q1,10546,29,180,0.00275,0.01707,0.35039,0.28991,19.39827,12.65389
COMPANY_19109_TFC,2023,Q2,11689,25,203,0.00214,0.01737,0.45422,0.27984,23.17581,13.58917
COMPANY_189488_TECH,2023,Q2,11885,50,164,0.00421,0.0138,0.32071,0.27078,17.63734,12.4567
COMPANY_189488_TECH,2023,Q3,12295,59,172,0.0048,0.01399,0.41858,0.26341,19.78327,12.72063
COMPANY_189488_TECH,2023,Q4,12375,64,143,0.00517,0.01156,0.39569,0.27951,20.42967,13.49488
COMPANY_189488_TECH,2024,Q1,11627,41,170,0.00353,0.01462,0.49068,0.29252,20.34104,12.98606
COMPANY_189488_TECH,2024,Q2,9840,39,172,0.00396,0.01748,0.31996,0.29512,18.40643,13.56075
COMPANY_189488_TECH,2024,Q3,10590,58,139,0.00548,0.01313,0.45787,0.3577,19.45947,13.58089
COMPANY_189488_TECH,2024,Q4,10302,36,171,0.00349,0.0166,0.37155,0.29621,18.06047,13.85634
COMPANY_189488_TECH,2025,Q1,9356,27,129,0.00289,0.01379,0.46436,0.33392,17.50689,12.72412
COMPANY_189488_TECH,2025,Q2,10235,50,235,0.00489,0.02296,0.47381,0.28471,19.11308,14.15185
COMPANY_189488_TECH,2025,Q3,9812,37,155,0.00377,0.0158,0.48597,0.26386,20.11067,14.02589
COMPANY_19049_BAC,2023,Q1,16276,22,230,0.00135,0.01413,0.50225,0.22317,20.16203,12.96155
COMPANY_19049_BAC,2023,Q2,14834,38,203,0.00256,0.01368,0.41867,0.22881,18.8045,14.21646
COMPANY_19049_BAC,2023,Q3,16437,39,242,0.00237,0.01472,0.30084,0.23725,16.42415,12.17563
COMPANY_19049_BAC,2023,Q4,15213,25,228,0.00164,0.01499,0.33311,0.19887,15.29649,12.74435
COMPANY_19049_BAC,2024,Q1,13147,21,168,0.0016,0.01278,0.63294,0.38191,21.92071,15.46376
COMPANY_19049_BAC,2024,Q2,13921,22,242,0.00158,0.01738,0.55648,0.26141,20.28533,12.53671
COMPANY_19049_BAC,2024,Q3,11376,18,170,0.00158,0.01494,0.43101,0.25237,17.99692,12.88319
COMPANY_19049_BAC,2024,Q4,15697,23,241,0.00147,0.01535,0.23774,0.23705,15.66436,12.6021
COMPANY_19049_BAC,2025,Q1,16410,27,240,0.00165,0.01463,0.36982,0.22457,18.19495,13.11301
COMPANY_190636_TSN,2023,Q1,14167,52,193,0.00367,0.01362,0.38033,0.31818,17.42614,11.67916
COMPANY_21171_INTU,2024,Q4,11330,93,152,0.00821,0.01342,0.38674,0.32699,19.49912,10.54705
COMPANY_21171_INTU,2025,Q1,11576,102,171,0.00881,0.01477,0.45872,0.32469,17.80161,9.80433
COMPANY_21171_INTU,2025,Q2,10927,83,145,0.0076,0.01327,0.50974,0.34906,18.94946,10.88688
COMPANY_212741644_NWSA,2023,Q1,6175,21,86,0.0034,0.01393,0.52367,0.30987,19.95171,15.55118
COMPANY_212741644_NWSA,2023,Q2,6812,30,81,0.0044,0.01189,0.27514,0.25506,17.82903,14.15823
COMPANY_212741644_NWSA,2023,Q3,6737,24,95,0.00356,0.0141,0.38917,0.25066,16.9867,11.56253
COMPANY_212741644_NWSA,2023,Q4,9227,33,128,0.00358,0.01387,0.44397,0.2404,18.07737,10.71612
COMPANY_212741644_NWSA,2024,Q1,7595,26,115,0.00342,0.01514,0.39201,0.33195,19.759,11.56673
COMPANY_212741644_NWSA,2024,Q2,7429,39,108,0.00525,0.01454,0.43656,0.34768,19.89087,12.47362
COMPANY_212741644_NWSA,2024,Q3,6906,34,112,0.00492,0.01622,0.35926,0.34936,17.17587,11.35021
COMPANY_212741644_NWSA,2024,Q4,7804,36,113,0.00461,0.01448,0.45088,0.268,17.52746,11.82132
COMPANY_212741644_NWSA,2025,Q1,7088,35,108,0.00494,0.01524,0.4728,0.32602,20.52835,12.71045
COMPANY_212741644_NWSA,2025,Q2,6534,14,94,0.00214,0.01439,0.66837,0.30711,17.20487,10.3022
COMPANY_212741644_NWSA,2025,Q3,6443,29,99,0.0045,0.01537,0.45609,0.35477,17.60946,12.7126
COMPANY_21401_KKR,2023,Q1,11390,38,162,0.00334,0.01422,0.32548,0.26571,16.95806,12.17354
COMPANY_21401_KKR,2023,Q2,10275,58,158,0.00564,0.01538,0.37574,0.29652,15.04919,10.84037
COMPANY_21401_KKR,2023,Q3,9069,41,132,0.00452,0.01456,0.43258,0.31606,15.09742,10.57906
COMPANY_21401_KKR,2023,Q4,11581,68,154,0.00587,0.0133,0.32994,0.27007,15.3626,11.91663
COMPANY_21401_KKR,2024,Q1,9312,43,149,0.00462,0.016,0.29257,0.25781,15.38328,12.37948
COMPANY_21401_KKR,2024,Q2,11487,60,170,0.00522,0.0148,0.42943,0.29788,16.26142,10.68369
COMPANY_203028_CB,2024,Q2,8166,8,162,0.00098,0.01984,0.2681,0.15722,17.41619,9.76759
COMPANY_203028_CB,2024,Q3,8396,7,181,0.00083,0.02156,0.3893,0.15263,14.01276,8.83744
COMPANY_203028_CB,2024,Q4,8469,8,192,0.00094,0.02267,0.33541,0.23966,16.23868,9.59738
COMPANY_203028_CB,2025,Q1,7921,35,158,0.00442,0.01995,0.26446,0.19442,17.36637,11.78452
COMPANY_207221_EL,2023,Q1,9309,22,139,0.00236,0.01493,0.57642,0.35828,18.1921,14.99778
COMPANY_207221_EL,2023,Q2,9616,28,136,0.00291,0.01414,0.54741,0.34793,17.1085,16.03807
COMPANY_207221_EL,2023,Q3,9468,10,172,0.00106,0.01817,0.4375,0.35481,19.62243,18.22638
COMPANY_207221_EL,2023,Q4,11204,54,192,0.00482,0.01714,0.42869,0.34049,21.18786,17.00169
COMPANY_207221_EL,2024,Q1,9502,22,161,0.00232,0.01694,0.47857,0.29689,21.36096,15.7949
COMPANY_207221_EL,2024,Q2,9952,47,165,0.00472,0.01658,0.5857,0.47227,24.62026,19.18251
COMPANY_207221_EL,2024,Q3,10034,39,160,0.00389,0.01595,0.57887,0.41537,21.93453,16.44312
COMPANY_207221_EL,2024,Q4,10826,43,156,0.00397,0.01441,0.5699,0.43729,21.99704,17.45209
COMPANY_207221_EL,2025,Q1,9890,32,144,0.00324,0.01456,0.49538,0.33609,21.76632,15.94454
COMPANY_207221_EL,2025,Q2,10351,66,176,0.00638,0.017,0.42281,0.42285,17.5802,15.29418
COMPANY_207221_EL,2025,Q3,11678,46,176,0.00394,0.01507,0.39578,0.3341,17.34528,12.91555
COMPANY_20765463_META,2023,Q1,11021,73,131,0.00662,0.01189,0.40396,0.28102,17.6226,12.73212
COMPANY_20765463_META,2023,Q2,11939,70,117,0.00586,0.0098,0.31836,0.29489,16.68782,12.03063
COMPANY_20765463_META,2023,Q3,10971,69,117,0.00629,0.01066,0.41699,0.30825,17.30977,12.68116
COMPANY_20765463_META,2023,Q4,10682,74,150,0.00693,0.01404,0.44976,0.33454,16.84959,13.02524
COMPANY_20765463_META,2024,Q1,10261,94,147,0.00916,0.01433,0.44508,0.36115,17.63011,14.15876
COMPANY_2004577_CME,2023,Q4,10879,19,199,0.00175,0.01829,0.49624,0.31276,15.80795,9.97702
COMPANY_2004577_CME,2024,Q1,11782,32,191,0.00272,0.01621,0.33244,0.29109,14.31051,10.09352
COMPANY_2004577_CME,2024,Q2,13679,51,264,0.00373,0.0193,0.28397,0.30423,16.39311,9.99397
COMPANY_2004577_CME,2024,Q3,13808,26,273,0.00188,0.01977,0.40857,0.35341,16.85757,10.12113
COMPANY_2004577_CME,2024,Q4,12789,27,212,0.00211,0.01658,0.34296,0.276,17.0783,9.98823
COMPANY_2004577_CME,2025,Q1,11777,18,218,0.00153,0.01851,0.18834,0.30746,14.84892,9.43192
COMPANY_201105_PFG,2023,Q1,10905,23,182,0.00211,0.01669,0.44394,0.29568,18.63141,12.93445
COMPANY_201105_PFG,2023,Q2,11627,40,169,0.00344,0.01454,0.48697,0.30292,18.11523,13.86255
COMPANY_201105_PFG,2023,Q3,11041,34,175,0.00308,0.01585,0.52736,0.33398,18.39522,11.54711
COMPANY_201105_PFG,2023,Q4,11583,32,172,0.00276,0.01485,0.63695,0.34952,20.61808,12.35812
COMPANY_201105_PFG,2024,Q1,10235,23,192,0.00225,0.01876,0.54787,0.3199,18.76268,12.93104
COMPANY_201105_PFG,2024,Q2,11500,39,205,0.00339,0.01783,0.33781,0.31673,17.3142,11.91021
COMPANY_201105_PFG,2024,Q3,11990,38,210,0.00317,0.01751,0.45122,0.30932,18.03768,11.7785
COMPANY_201105_PFG,2024,Q4,11296,35,166,0.0031,0.0147,0.49481,0.33838,17.41526,12.87056
COMPANY_201105_PFG,2025,Q1,12551,30,236,0.00239,0.0188,0.45883,0.27946,17.14243,12.98945
COMPANY_203028_CB,2023,Q1,8644,22,186,0.00255,0.02152,0.39387,0.17615,15.73256,9.37304
COMPANY_203028_CB,2023,Q2,8704,15,208,0.00172,0.0239,0.45843,0.27961,22.95334,11.89295
COMPANY_203028_CB,2023,Q3,8719,16,165,0.00184,0.01892,0.31231,0.19047,15.91083,8.89771
COMPANY_203028_CB,2023,Q4,8405,15,167,0.00178,0.01987,0.0358,0.24377,14.57053,10.06045
COMPANY_203028_CB,2024,Q1,8043,12,182,0.00149,0.02263,0.29192,0.12687,11.58849,11.17135
COMPANY_20765463_META,2024,Q2,11059,84,127,0.0076,0.01148,0.41772,0.36965,18.1609,12.65575
COMPANY_20765463_META,2024,Q3,10021,73,114,0.00728,0.01138,0.4367,0.36684,18.78408,13.49018
COMPANY_20765463_META,2024,Q4,10583,81,132,0.00765,0.01247,0.4669,0.35099,18.49382,12.76729
COMPANY_20765463_META,2025,Q1,10394,90,148,0.00866,0.01424,0.42576,0.35401,18.35164,14.75556
COMPANY_21127_INTC,2023,Q1,11538,163,239,0.01413,0.02071,0.31831,0.27724,17.52643,14.27388
COMPANY_21127_INTC,2023,Q2,11237,121,195,0.01077,0.01735,0.4189,0.29908,18.62597,14.5983
COMPANY_21127_INTC,2023,Q3,11855,129,206,0.01088,0.01738,0.39378,0.34968,16.66487,13.88591
COMPANY_21127_INTC,2023,Q4,11083,103,166,0.00929,0.01498,0.39495,0.33684,15.80271,13.45897
COMPANY_21127_INTC,2024,Q1,11813,144,235,0.01219,0.01989,0.43055,0.32087,15.92006,13.38582
COMPANY_21127_INTC,2024,Q2,12064,147,240,0.01219,0.01989,0.39518,0.32446,17.18313,14.47315
COMPANY_21127_INTC,2024,Q3,11369,122,200,0.01073,0.01759,0.38774,0.3197,16.55537,12.88745
COMPANY_21127_INTC,2024,Q4,11435,101,185,0.00883,0.01618,0.38464,0.31679,14.08528,11.01094
COMPANY_21127_INTC,2025,Q1,11508,103,190,0.00895,0.01651,0.29461,0.26416,14.45503,10.84779
COMPANY_21171_INTU,2023,Q1,11791,92,151,0.0078,0.01281,0.35921,0.29158,18.54561,11.80494
COMPANY_21171_INTU,2023,Q2,12174,99,172,0.00813,0.01413,0.42332,0.35875,17.32247,11.23741
COMPANY_21171_INTU,2023,Q3,10923,78,131,0.00714,0.01199,0.45784,0.31669,18.63803,12.48325
COMPANY_21171_INTU,2023,Q4,12171,86,187,0.00707,0.01536,0.49041,0.34344,19.72761,10.88164
COMPANY_21171_INTU,2024,Q1,10941,84,160,0.00768,0.01462,0.45792,0.34574,18.15403,11.17357
COMPANY_21171_INTU,2024,Q2,12537,84,169,0.0067,0.01348,0.45005,0.38648,18.39147,11.09615
COMPANY_21171_INTU,2024,Q3,11203,65,174,0.0058,0.01553,0.32717,0.34776,17.97282,9.90945
COMPANY_21401_KKR,2024,Q3,12492,63,198,0.00504,0.01585,0.32539,0.23758,15.50334,9.89578
COMPANY_21401_KKR,2024,Q4,10953,40,162,0.00365,0.01479,0.29697,0.36008,14.57445,10.0177
COMPANY_21401_KKR,2025,Q1,13415,61,208,0.00455,0.01551,0.22337,0.25224,16.95449,12.35005
COMPANY_215548781_ZTS,2023,Q1,10156,11,154,0.00108,0.01516,0.43964,0.30676,19.56804,13.18305
COMPANY_215548781_ZTS,2023,Q2,9811,6,118,0.00061,0.01203,0.50436,0.33949,21.06554,12.4927
COMPANY_215548781_ZTS,2023,Q3,10315,8,127,0.00078,0.01231,0.64799,0.25508,20.06948,12.18005
COMPANY_215548781_ZTS,2023,Q4,12335,12,152,0.00097,0.01232,0.38765,0.29678,17.76714,12.45981
COMPANY_215548781_ZTS,2024,Q1,13046,20,166,0.00153,0.01272,0.47912,0.28045,20.77716,12.30798
COMPANY_215548781_ZTS,2024,Q2,11079,20,128,0.00181,0.01155,0.45796,0.27403,20.19958,11.94468
COMPANY_215548781_ZTS,2024,Q3,10874,17,114,0.00156,0.01048,0.36492,0.31221,18.31729,11.8916
COMPANY_215548781_ZTS,2024,Q4,10828,16,128,0.00148,0.01182,0.67256,0.3429,20.62016,12.74725
COMPANY_215548781_ZTS,2025,Q1,10452,29,139,0.00277,0.0133,0.55196,0.31572,18.69212,14.68885
COMPANY_21719_SPGI,2023,Q1,16146,101,259,0.00626,0.01604,0.49839,0.32274,18.57401,12.98344
COMPANY_21719_SPGI,2023,Q2,14885,119,205,0.00799,0.01377,0.4356,0.27793,16.65427,13.69249
COMPANY_21719_SPGI,2023,Q3,12750,64,173,0.00502,0.01357,0.56478,0.2843,18.50172,13.25361
COMPANY_21719_SPGI,2023,Q4,14778,104,210,0.00704,0.01421,0.47419,0.34258,18.25999,13.00617
COMPANY_21719_SPGI,2024,Q1,10712,81,133,0.00756,0.01242,0.4914,0.29608,17.81645,13.47453
COMPANY_21719_SPGI,2024,Q2,12132,102,154,0.00841,0.01269,0.46719,0.30117,17.1856,12.17343
COMPANY_21719_SPGI,2024,Q3,12217,66,162,0.0054,0.01326,0.51969,0.44525,19.47756,12.70701
COMPANY_21719_SPGI,2024,Q4,13969,94,225,0.00673,0.01611,0.57725,0.32503,19.23943,14.45127
COMPANY_22247_ORCL,2025,Q1,8515,80,130,0.0094,0.01527,0.22113,0.25107,15.9009,12.82956
COMPANY_22247_ORCL,2025,Q2,5661,44,85,0.00777,0.01502,0.16726,0.28438,16.0071,12.38229
COMPANY_22247_ORCL,2025,Q3,6931,61,118,0.0088,0.01702,0.25993,0.26661,17.10623,12.08078
COMPANY_22357184_CF,2023,Q1,10382,26,208,0.0025,0.02003,0.4033,0.29039,17.14447,13.31135
COMPANY_22357184_CF,2023,Q2,9054,25,148,0.00276,0.01635,0.32305,0.27164,16.39098,12.53676
COMPANY_22357184_CF,2023,Q3,9096,24,183,0.00264,0.02012,0.3058,0.29785,15.80202,13.11978
COMPANY_22357184_CF,2023,Q4,10176,34,215,0.00334,0.02113,0.30464,0.27545,18.09531,13.46848
COMPANY_22357184_CF,2024,Q1,8979,45,192,0.00501,0.02138,0.21795,0.16629,17.486,14.32319
COMPANY_22357184_CF,2024,Q2,10366,23,219,0.00222,0.02113,0.44554,0.24799,17.66958,14.92869
COMPANY_22357184_CF,2024,Q3,10371,31,199,0.00299,0.01919,0.24866,0.27713,16.61314,14.00026
COMPANY_22357184_CF,2024,Q4,10877,31,207,0.00285,0.01903,0.25498,0.24437,19.01826,12.27368
COMPANY_22357184_CF,2025,Q1,10301,19,191,0.00184,0.01854,0.44528,0.26009,17.56027,12.02536
COMPANY_22623_RJF,2023,Q1,11145,19,174,0.0017,0.01561,0.42053,0.28797,15.33958,12.49767
COMPANY_22623_RJF,2023,Q2,11894,12,156,0.00101,0.01312,0.17304,0.2622,16.37175,12.97662
COMPANY_22623_RJF,2023,Q3,9202,14,130,0.00152,0.01413,0.55672,0.39012,21.66046,12.87718
COMPANY_22623_RJF,2023,Q4,11015,20,159,0.00182,0.01443,0.39385,0.34825,16.92037,12.36319
COMPANY_22623_RJF,2024,Q1,10850,16,144,0.00147,0.01327,0.63948,0.30431,20.13208,12.88095
COMPANY_22623_RJF,2024,Q2,10259,24,146,0.00234,0.01423,0.39237,0.32796,16.78399,11.74463
COMPANY_22623_RJF,2024,Q3,10925,12,195,0.0011,0.01785,0.57323,0.27222,20.80222,10.03753
COMPANY_22623_RJF,2024,Q4,10334,23,172,0.00223,0.01664,0.35124,0.33212,14.95569,11.08598
COMPANY_21719_SPGI,2025,Q1,12522,46,197,0.00367,0.01573,0.62505,0.29,19.37588,13.04783
COMPANY_21835_MSFT,2023,Q1,10759,114,159,0.0106,0.01478,0.37337,0.31184,17.38024,13.27334
COMPANY_21835_MSFT,2023,Q2,10312,118,168,0.01144,0.01629,0.32372,0.29025,16.25972,13.33993
COMPANY_21835_MSFT,2023,Q3,10239,119,150,0.01162,0.01465,0.36499,0.32175,17.2807,13.38884
COMPANY_21835_MSFT,2023,Q4,10956,137,170,0.0125,0.01552,0.32881,0.27485,17.12787,14.01406
COMPANY_21835_MSFT,2024,Q1,10177,112,165,0.01101,0.01621,0.37955,0.34103,18.0834,14.38541
COMPANY_21835_MSFT,2024,Q2,10652,117,170,0.01098,0.01596,0.36336,0.27402,16.51774,12.82799
COMPANY_21835_MSFT,2024,Q3,10501,125,221,0.0119,0.02105,0.33866,0.33054,16.28196,13.21297
COMPANY_21835_MSFT,2024,Q4,10203,116,169,0.01137,0.01656,0.34722,0.27141,15.48317,12.44478
COMPANY_21835_MSFT,2025,Q1,10752,113,180,0.01051,0.01674,0.31943,0.28667,15.65255,14.06471
COMPANY_21835_MSFT,2025,Q2,10108,103,146,0.01019,0.01444,0.36274,0.41014,16.35144,12.15387
COMPANY_21835_MSFT,2025,Q3,9614,85,140,0.00884,0.01456,0.26332,0.37288,14.89416,13.06467
COMPANY_22247_ORCL,2023,Q1,7032,75,106,0.01067,0.01507,0.32305,0.25363,17.54252,12.86018
COMPANY_22247_ORCL,2023,Q2,8559,86,127,0.01005,0.01484,0.19713,0.21776,15.71105,13.2002
COMPANY_22247_ORCL,2023,Q3,7628,70,110,0.00918,0.01442,0.20158,0.235,15.9707,13.76895
COMPANY_22247_ORCL,2023,Q4,7740,97,128,0.01253,0.01654,0.29236,0.28297,16.43038,12.58133
COMPANY_22247_ORCL,2024,Q1,6152,49,119,0.00796,0.01934,0.29579,0.2757,16.66862,12.72588
COMPANY_22247_ORCL,2024,Q2,8290,63,160,0.0076,0.0193,0.16121,0.17881,16.64615,11.81407
COMPANY_22247_ORCL,2024,Q3,7176,61,114,0.0085,0.01589,0.31687,0.31705,18.10033,12.52756
COMPANY_22247_ORCL,2024,Q4,7115,55,111,0.00773,0.0156,0.12033,0.17889,15.30622,11.21629
COMPANY_22800180_TDG,2023,Q2,9480,20,270,0.00211,0.02848,0.31535,0.30154,18.9949,10.71445
COMPANY_22800180_TDG,2023,Q3,9557,17,248,0.00178,0.02595,0.305,0.31575,15.62679,10.29573
COMPANY_22800180_TDG,2023,Q4,13577,31,331,0.00228,0.02438,0.29056,0.24509,14.91876,9.54219
COMPANY_22800180_TDG,2024,Q1,11868,34,321,0.00286,0.02705,0.33416,0.26016,15.90641,9.62812
COMPANY_22800180_TDG,2024,Q2,9607,18,200,0.00187,0.02082,0.35419,0.21633,18.80916,12.28477
COMPANY_22800180_TDG,2024,Q3,9380,23,219,0.00245,0.02335,0.31691,0.24382,18.67714,10.36342
COMPANY_22800180_TDG,2025,Q1,9319,24,250,0.00258,0.02683,0.35143,0.27064,18.08648,10.80123
COMPANY_22800180_TDG,2025,Q2,10622,22,265,0.00207,0.02495,0.22118,0.27633,17.80144,10.87032
COMPANY_22967487_NOW,2023,Q1,10058,140,186,0.01392,0.01849,0.42287,0.33499,17.23455,13.51241
COMPANY_22967487_NOW,2023,Q2,11519,123,206,0.01068,0.01788,0.39055,0.35484,17.70273,12.98168
COMPANY_22967487_NOW,2023,Q3,10475,115,181,0.01098,0.01728,0.44102,0.36807,22.17397,12.79277
COMPANY_22967487_NOW,2023,Q4,10774,77,173,0.00715,0.01606,0.31494,0.34687,16.7316,12.72784
COMPANY_22967487_NOW,2024,Q1,11277,102,199,0.00904,0.01765,0.33286,0.26689,17.94278,13.69941
COMPANY_22967487_NOW,2024,Q2,11098,118,177,0.01063,0.01595,0.35115,0.29275,16.78008,12.46766
COMPANY_22967487_NOW,2024,Q3,11066,118,158,0.01066,0.01428,0.42558,0.33549,17.78763,12.44681
COMPANY_22967487_NOW,2024,Q4,12077,143,193,0.01184,0.01598,0.39033,0.32843,16.34774,13.10485
COMPANY_22967487_NOW,2025,Q1,12559,134,230,0.01067,0.01831,0.28001,0.22623,14.45646,11.78374
COMPANY_23217_TROW,2023,Q1,8234,41,137,0.00498,0.01664,0.34387,0.27109,18.20459,13.72862
COMPANY_23217_TROW,2023,Q2,8607,37,134,0.0043,0.01557,0.54423,0.25948,19.24591,13.54252
COMPANY_23217_TROW,2023,Q3,7835,33,113,0.00421,0.01442,0.41083,0.32936,18.36772,12.70424
COMPANY_238570_UPS,2023,Q3,9646,48,205,0.00498,0.02125,0.40116,0.25672,16.03175,10.40222
COMPANY_238570_UPS,2023,Q4,10235,58,213,0.00567,0.02081,0.27397,0.27675,16.17776,10.8149
COMPANY_238570_UPS,2024,Q1,10443,61,214,0.00584,0.02049,0.31942,0.28292,14.5669,10.30198
COMPANY_238570_UPS,2024,Q2,11436,78,233,0.00682,0.02037,0.30914,0.27658,14.11109,9.8122
COMPANY_238570_UPS,2024,Q3,9912,61,202,0.00615,0.02038,0.34225,0.31589,15.65542,10.5707
COMPANY_238570_UPS,2024,Q4,14547,95,271,0.00653,0.01863,0.33187,0.3266,16.69853,11.75127
COMPANY_238570_UPS,2025,Q1,11642,71,281,0.0061,0.02414,0.27043,0.24834,16.6263,11.37729
COMPANY_241782379_ALLE,2023,Q1,6951,17,119,0.00245,0.01712,0.29838,0.28988,16.52279,10.57494
COMPANY_241782379_ALLE,2023,Q2,8962,37,163,0.00413,0.01819,0.38178,0.31573,16.43797,10.97227
COMPANY_241782379_ALLE,2023,Q3,8148,36,134,0.00442,0.01645,0.58863,0.29143,17.90913,11.97635
COMPANY_241782379_ALLE,2023,Q4,8271,32,155,0.00387,0.01874,0.52599,0.31403,17.14724,10.65971
COMPANY_241782379_ALLE,2024,Q1,3735,12,52,0.00321,0.01392,0.59401,0.33249,19.55826,12.67652
COMPANY_241782379_ALLE,2024,Q2,6829,19,134,0.00278,0.01962,0.40514,0.30429,19.3079,11.09016
COMPANY_241782379_ALLE,2024,Q3,5592,13,105,0.00232,0.01878,0.35464,0.33084,19.04033,12.38343
COMPANY_241782379_ALLE,2024,Q4,6200,13,111,0.0021,0.0179,0.43761,0.30362,19.55491,10.11754
COMPANY_241782379_ALLE,2025,Q1,7663,24,165,0.00313,0.02153,0.36707,0.26544,18.92549,10.48708
COMPANY_24321_ADBE,2023,Q1,10843,75,199,0.00692,0.01835,0.5425,0.36159,23.85301,13.46462
COMPANY_24321_ADBE,2023,Q2,10737,107,150,0.00997,0.01397,0.42443,0.37869,20.64846,13.97105
COMPANY_24321_ADBE,2023,Q3,10996,98,169,0.00891,0.01537,0.50756,0.42337,20.91175,14.53875
COMPANY_24321_ADBE,2023,Q4,11181,78,172,0.00698,0.01538,0.50029,0.39772,23.92628,13.68524
COMPANY_22623_RJF,2025,Q1,10839,28,165,0.00258,0.01522,0.47538,0.32467,17.5966,9.83241
COMPANY_22666093_WBD,2023,Q1,12001,50,154,0.00417,0.01283,0.38666,0.33494,16.34925,11.4047
COMPANY_22666093_WBD,2023,Q2,10990,82,121,0.00746,0.01101,0.43848,0.25952,15.23137,12.94666
COMPANY_22666093_WBD,2023,Q3,13519,63,190,0.00466,0.01405,0.35487,0.34327,16.61071,14.89458
COMPANY_22666093_WBD,2023,Q4,12109,53,129,0.00438,0.01065,0.43377,0.36463,18.24812,13.88519
COMPANY_22666093_WBD,2024,Q1,11431,51,140,0.00446,0.01225,0.48663,0.40858,17.60791,13.60942
COMPANY_22666093_WBD,2024,Q2,11473,60,139,0.00523,0.01212,0.42871,0.35035,16.48151,12.45117
COMPANY_22666093_WBD,2024,Q3,10089,64,100,0.00634,0.00991,0.39163,0.38094,16.88095,12.96703
COMPANY_22666093_WBD,2024,Q4,8467,49,131,0.00579,0.01547,0.48376,0.44079,20.44648,15.42097
COMPANY_22666093_WBD,2025,Q1,8115,51,119,0.00628,0.01466,0.3927,0.379,14.91393,11.8536
COMPANY_22751_ROP,2023,Q1,8998,48,154,0.00533,0.01711,0.49593,0.30479,16.17025,10.72713
COMPANY_22751_ROP,2023,Q2,8350,47,170,0.00563,0.02036,0.43206,0.33994,15.91854,9.30828
COMPANY_22751_ROP,2023,Q3,11705,64,238,0.00547,0.02033,0.28106,0.2353,17.66328,10.00421
COMPANY_22751_ROP,2023,Q4,11118,78,235,0.00702,0.02114,0.35588,0.36178,15.25993,12.47448
COMPANY_22751_ROP,2024,Q1,9235,52,177,0.00563,0.01917,0.35428,0.2918,15.5497,11.18429
COMPANY_22751_ROP,2024,Q2,7616,32,151,0.0042,0.01983,0.36196,0.29878,17.60953,11.80446
COMPANY_22751_ROP,2024,Q3,11142,47,194,0.00422,0.01741,0.23062,0.3044,16.73817,11.05104
COMPANY_22751_ROP,2024,Q4,11382,76,196,0.00668,0.01722,0.40359,0.37494,19.71067,11.6328
COMPANY_22751_ROP,2025,Q1,10724,50,226,0.00466,0.02107,0.24967,0.23508,16.22437,10.29279
COMPANY_22800180_TDG,2023,Q1,6072,13,165,0.00214,0.02717,0.28112,0.28372,16.87687,13.63237
COMPANY_23217_TROW,2023,Q4,6277,41,81,0.00653,0.0129,0.41052,0.33531,19.2386,13.20299
COMPANY_23217_TROW,2024,Q1,7665,65,114,0.00848,0.01487,0.40522,0.26619,18.60168,13.01009
COMPANY_23217_TROW,2024,Q2,6770,35,116,0.00517,0.01713,0.50466,0.29368,19.64948,13.04083
COMPANY_23217_TROW,2024,Q3,7058,36,116,0.0051,0.01644,0.31562,0.23239,16.60296,12.7137
COMPANY_23217_TROW,2024,Q4,9799,62,149,0.00633,0.01521,0.41345,0.24405,18.02202,12.79579
COMPANY_23217_TROW,2025,Q1,7525,42,125,0.00558,0.01661,0.38141,0.29006,16.85772,13.26032
COMPANY_23815047_WDAY,2023,Q1,7270,39,145,0.00536,0.01994,0.48925,0.24931,19.83432,13.28159
COMPANY_23815047_WDAY,2023,Q2,8569,37,155,0.00432,0.01809,0.5474,0.31916,20.66171,11.90569
COMPANY_23815047_WDAY,2023,Q3,7836,59,162,0.00753,0.02067,0.59177,0.35487,21.07418,14.18025
COMPANY_23815047_WDAY,2023,Q4,10614,84,177,0.00791,0.01668,0.44104,0.32501,18.60287,13.02002
COMPANY_23815047_WDAY,2024,Q1,9993,74,161,0.00741,0.01611,0.37987,0.30048,16.5331,12.8167
COMPANY_23815047_WDAY,2024,Q2,11252,88,139,0.00782,0.01235,0.49745,0.39098,16.44961,11.86685
COMPANY_23815047_WDAY,2024,Q3,10589,75,138,0.00708,0.01303,0.50691,0.39459,17.81537,11.00639
COMPANY_23815047_WDAY,2024,Q4,10156,81,116,0.00798,0.01142,0.56907,0.34654,18.40018,12.70206
COMPANY_23815047_WDAY,2025,Q1,10502,83,161,0.0079,0.01533,0.3772,0.29986,16.00973,11.26119
COMPANY_23815047_WDAY,2025,Q2,9776,57,167,0.00583,0.01708,0.46712,0.34536,16.92742,11.17042
COMPANY_23815047_WDAY,2025,Q3,10115,68,165,0.00672,0.01631,0.48381,0.35045,16.54208,10.84362
COMPANY_23815047_WDAY,2025,Q4,9694,74,140,0.00763,0.01444,0.41591,0.32719,17.49185,11.76206
COMPANY_238570_UPS,2023,Q1,11028,68,242,0.00617,0.02194,0.31342,0.27385,14.72712,10.801
COMPANY_238570_UPS,2023,Q2,10448,69,181,0.0066,0.01732,0.34043,0.21521,15.01994,10.96473
COMPANY_246737890_DAY,2025,Q1,8733,57,133,0.00653,0.01523,0.39012,0.35975,18.01404,11.63909
COMPANY_247017859_KEYS,2023,Q1,9602,78,193,0.00812,0.0201,0.48408,0.23351,19.66481,12.85723
COMPANY_247017859_KEYS,2023,Q2,8442,65,183,0.0077,0.02168,0.43489,0.28855,20.08142,13.11515
COMPANY_247017859_KEYS,2023,Q3,10379,104,213,0.01002,0.02052,0.43492,0.29379,21.70248,13.1349
COMPANY_247017859_KEYS,2023,Q4,8430,56,187,0.00664,0.02218,0.39213,0.25569,19.6509,11.703
COMPANY_247017859_KEYS,2024,Q1,10783,105,217,0.00974,0.02012,0.28257,0.28786,17.28326,12.9054
COMPANY_247017859_KEYS,2024,Q2,7447,78,132,0.01047,0.01773,0.35908,0.28343,20.49039,13.33961
COMPANY_247017859_KEYS,2024,Q3,6934,64,158,0.00923,0.02279,0.37695,0.33503,20.30639,11.47564
COMPANY_247017859_KEYS,2024,Q4,7983,63,144,0.00789,0.01804,0.43787,0.32384,20.37434,13.1313
COMPANY_247017859_KEYS,2025,Q1,7681,78,142,0.01015,0.01849,0.46352,0.26891,20.60252,13.83342
COMPANY_247483_ABT,2023,Q1,9756,27,134,0.00277,0.01374,0.37929,0.3373,14.48029,10.57904
COMPANY_247483_ABT,2023,Q2,9700,23,121,0.00237,0.01247,0.37024,0.26312,15.97764,10.52531
COMPANY_247483_ABT,2023,Q3,9354,14,122,0.0015,0.01304,0.60458,0.33224,20.40974,11.76862
COMPANY_247483_ABT,2023,Q4,8123,29,92,0.00357,0.01133,0.45212,0.37144,16.71405,11.86117
COMPANY_247483_ABT,2024,Q1,9568,37,117,0.00387,0.01223,0.34802,0.33217,14.56857,11.24489
COMPANY_247483_ABT,2024,Q2,10491,26,125,0.00248,0.01191,0.45436,0.49147,23.55333,13.97125
COMPANY_247483_ABT,2024,Q3,10008,29,106,0.0029,0.01059,0.1868,0.30511,16.78995,12.61112
COMPANY_247483_ABT,2024,Q4,9954,22,120,0.00221,0.01206,0.42429,0.39468,18.16987,10.72855
COMPANY_247483_ABT,2025,Q1,10598,42,140,0.00396,0.01321,0.2735,0.2848,14.90494,11.23753
COMPANY_24766_AMT,2023,Q1,12347,74,171,0.00599,0.01385,0.39966,0.26208,19.26463,13.04422
COMPANY_24766_AMT,2023,Q2,12381,73,202,0.0059,0.01632,0.46557,0.26876,22.16822,12.95153
COMPANY_24766_AMT,2023,Q3,13832,78,232,0.00564,0.01677,0.45403,0.29908,23.54284,12.784
COMPANY_24766_AMT,2023,Q4,11746,34,171,0.00289,0.01456,0.3819,0.27259,19.13547,12.94326
COMPANY_24766_AMT,2024,Q1,13381,52,191,0.00389,0.01427,0.40369,0.27492,19.16688,13.17288
COMPANY_24766_AMT,2024,Q2,14026,48,172,0.00342,0.01226,0.37304,0.33867,19.92902,10.99028
COMPANY_24766_AMT,2024,Q3,12221,46,195,0.00376,0.01596,0.3987,0.33327,20.17288,13.26788
COMPANY_24766_AMT,2024,Q4,11522,57,165,0.00495,0.01432,0.30275,0.30362,20.73318,13.03094
COMPANY_24766_AMT,2025,Q1,11741,43,194,0.00366,0.01652,0.3659,0.27131,19.50791,12.16905
COMPANY_24809_COR,2023,Q1,8690,68,157,0.00783,0.01807,0.47167,0.36009,21.34702,14.42769
COMPANY_24809_COR,2023,Q2,9514,73,166,0.00767,0.01745,0.54804,0.34757,19.95619,13.87
COMPANY_24809_COR,2023,Q3,8919,75,150,0.00841,0.01682,0.5174,0.38559,19.40187,14.44887
COMPANY_24809_COR,2023,Q4,9424,83,145,0.00881,0.01539,0.5683,0.38357,19.52572,13.68566
COMPANY_24809_COR,2024,Q1,9368,63,146,0.00673,0.01558,0.56197,0.43328,20.85197,14.45333
COMPANY_24809_COR,2024,Q2,9913,67,157,0.00676,0.01584,0.54348,0.40047,20.92983,13.92143
COMPANY_24809_COR,2024,Q3,9942,58,178,0.00583,0.0179,0.54243,0.40232,20.91588,13.71995
COMPANY_24809_COR,2024,Q4,9057,86,115,0.0095,0.0127,0.58461,0.41946,20.44846,13.84966
COMPANY_24809_COR,2025,Q1,9907,73,158,0.00737,0.01595,0.6198,0.49902,20.87396,14.07549
COMPANY_24809_COR,2025,Q2,9070,58,151,0.00639,0.01665,0.56451,0.38284,19.27932,13.46732
COMPANY_24816_AMGN,2023,Q1,11970,45,222,0.00376,0.01855,0.37289,0.28318,19.64684,12.97705
COMPANY_24816_AMGN,2023,Q2,11686,42,216,0.00359,0.01848,0.32038,0.22444,20.05383,13.30992
COMPANY_24321_ADBE,2024,Q1,12379,131,172,0.01058,0.01389,0.43916,0.31654,19.10846,11.9395
COMPANY_24321_ADBE,2024,Q2,11556,101,169,0.00874,0.01462,0.44891,0.42708,19.63772,13.54071
COMPANY_24321_ADBE,2024,Q3,10183,119,134,0.01169,0.01316,0.44754,0.39058,19.5749,13.78585
COMPANY_24321_ADBE,2024,Q4,10731,111,143,0.01034,0.01333,0.41803,0.33369,20.97329,13.19538
COMPANY_24321_ADBE,2025,Q1,11503,123,169,0.01069,0.01469,0.57222,0.45108,21.90564,15.88916
COMPANY_243735719_DASH,2023,Q1,8824,16,102,0.00181,0.01156,0.62616,0.31242,20.76824,10.60611
COMPANY_243735719_DASH,2023,Q2,9223,22,147,0.00239,0.01594,0.35728,0.3349,17.5619,11.82059
COMPANY_243735719_DASH,2023,Q3,9496,12,124,0.00126,0.01306,0.20803,0.25588,17.23277,11.74787
COMPANY_243735719_DASH,2023,Q4,9458,19,132,0.00201,0.01396,0.20744,0.27167,13.71169,11.11889
COMPANY_243735719_DASH,2024,Q1,8973,36,125,0.00401,0.01393,0.39385,0.26878,17.64137,11.57373
COMPANY_243735719_DASH,2024,Q2,9914,22,160,0.00222,0.01614,0.38091,0.24915,14.42307,9.40244
COMPANY_243735719_DASH,2024,Q3,8968,30,136,0.00335,0.01517,0.23709,0.30591,13.46773,10.81822
COMPANY_243735719_DASH,2024,Q4,8742,26,122,0.00297,0.01396,0.3763,0.3523,16.58782,10.82823
COMPANY_243735719_DASH,2025,Q1,9858,17,183,0.00172,0.01856,0.31403,0.3193,17.1872,11.38067
COMPANY_24522_AKAM,2023,Q1,8123,41,141,0.00505,0.01736,0.45205,0.35059,18.69574,14.0628
COMPANY_24522_AKAM,2023,Q2,9486,71,154,0.00748,0.01623,0.33554,0.32651,17.88072,12.61548
COMPANY_24522_AKAM,2023,Q3,11668,63,178,0.0054,0.01526,0.27519,0.24875,16.18244,11.7204
COMPANY_24522_AKAM,2023,Q4,13653,94,192,0.00688,0.01406,0.30647,0.27041,16.47963,11.81125
COMPANY_24522_AKAM,2024,Q1,11356,92,164,0.0081,0.01444,0.39841,0.3044,16.40046,13.41266
COMPANY_24522_AKAM,2024,Q2,11236,104,167,0.00926,0.01486,0.37965,0.27574,15.56822,12.75295
COMPANY_24522_AKAM,2024,Q3,7345,78,106,0.01062,0.01443,0.4082,0.27375,18.41034,15.11087
COMPANY_24522_AKAM,2024,Q4,14237,145,199,0.01018,0.01398,0.35926,0.3233,17.24502,13.03991
COMPANY_24522_AKAM,2025,Q1,9917,72,123,0.00726,0.0124,0.35046,0.32049,17.66816,13.08578
COMPANY_24568_ALGN,2023,Q1,11167,47,159,0.00421,0.01424,0.40405,0.27119,18.16083,13.18349
COMPANY_24568_ALGN,2023,Q2,10740,38,153,0.00354,0.01425,0.55564,0.28581,18.96031,11.82363
COMPANY_24568_ALGN,2023,Q3,9403,23,136,0.00245,0.01446,0.52234,0.26357,20.36998,13.19631
COMPANY_24568_ALGN,2023,Q4,9747,41,148,0.00421,0.01518,0.40893,0.23231,17.15677,11.71271
COMPANY_24568_ALGN,2024,Q1,11170,45,158,0.00403,0.01415,0.47447,0.31322,18.61616,13.69517
COMPANY_24568_ALGN,2024,Q2,10259,36,143,0.00351,0.01394,0.40795,0.31912,17.99739,13.27048
COMPANY_24568_ALGN,2024,Q3,11793,47,165,0.00399,0.01399,0.48928,0.26702,18.83805,11.5446
COMPANY_24568_ALGN,2024,Q4,13285,43,178,0.00324,0.0134,0.45501,0.29757,16.85614,11.81823
COMPANY_24568_ALGN,2025,Q1,11187,59,141,0.00527,0.0126,0.44238,0.28681,20.08971,12.99619
COMPANY_246737890_DAY,2023,Q1,10341,106,193,0.01025,0.01866,0.39467,0.34334,17.32794,12.47002
COMPANY_246737890_DAY,2023,Q2,9408,65,156,0.00691,0.01658,0.38609,0.34481,17.63568,11.01536
COMPANY_246737890_DAY,2023,Q3,10924,75,187,0.00687,0.01712,0.30828,0.30566,17.09626,9.83229
COMPANY_246737890_DAY,2023,Q4,9920,81,185,0.00817,0.01865,0.42386,0.31821,17.62477,12.52286
COMPANY_246737890_DAY,2024,Q1,8385,58,129,0.00692,0.01538,0.39453,0.31742,19.16018,12.23249
COMPANY_246737890_DAY,2024,Q2,10210,68,164,0.00666,0.01606,0.44327,0.35457,18.3531,11.41044
COMPANY_246737890_DAY,2024,Q3,11272,50,175,0.00444,0.01553,0.45376,0.39627,18.41387,11.39357
COMPANY_246737890_DAY,2024,Q4,10249,42,145,0.0041,0.01415,0.29763,0.33993,16.59452,11.28862
COMPANY_250388_AIG,2023,Q2,10369,20,137,0.00193,0.01321,0.4035,0.18897,18.83079,13.4995
COMPANY_250388_AIG,2023,Q3,10604,26,121,0.00245,0.01141,0.1426,0.18706,19.65067,13.9563
COMPANY_250388_AIG,2023,Q4,10632,21,141,0.00198,0.01326,0.50487,0.22078,20.22074,12.98281
COMPANY_250388_AIG,2024,Q1,10237,23,118,0.00225,0.01153,0.40272,0.21048,21.2286,15.25262
COMPANY_250388_AIG,2024,Q2,10862,45,120,0.00414,0.01105,0.35173,0.27788,22.77939,14.75715
COMPANY_250388_AIG,2024,Q3,10616,28,123,0.00264,0.01159,0.32814,0.30435,20.33532,14.2822
COMPANY_250388_AIG,2024,Q4,10196,39,130,0.00383,0.01275,0.51261,0.24264,20.70871,15.09479
COMPANY_250388_AIG,2025,Q1,10523,23,188,0.00219,0.01787,0.41896,0.2437,21.52279,14.93964
COMPANY_250885_AWK,2023,Q1,6426,16,118,0.00249,0.01836,0.40255,0.30205,20.77974,13.04953
COMPANY_250885_AWK,2023,Q2,5684,26,108,0.00457,0.019,0.35941,0.26741,19.19074,12.82274
COMPANY_250885_AWK,2023,Q3,8730,35,166,0.00401,0.01901,0.30895,0.31385,19.36964,13.68591
COMPANY_250885_AWK,2023,Q4,10121,27,202,0.00267,0.01996,0.36258,0.31074,19.51903,12.33549
COMPANY_250885_AWK,2024,Q1,5884,24,114,0.00408,0.01937,0.34638,0.29695,19.55603,12.63419
COMPANY_250885_AWK,2024,Q2,8139,27,200,0.00332,0.02457,0.3092,0.28538,20.5331,12.62104
COMPANY_250885_AWK,2024,Q3,7425,26,151,0.0035,0.02034,0.23983,0.33338,18.12876,13.34355
COMPANY_250885_AWK,2024,Q4,7953,27,150,0.00339,0.01886,0.40024,0.33155,17.75194,11.72947
COMPANY_250885_AWK,2025,Q1,4409,20,101,0.00454,0.02291,0.25492,0.27071,18.90707,12.94887
COMPANY_251230_AMAT,2023,Q1,9814,35,161,0.00357,0.01641,0.36892,0.21049,19.47036,11.9
COMPANY_251230_AMAT,2023,Q2,10786,52,175,0.00482,0.01622,0.39556,0.32172,19.75587,11.63341
COMPANY_251230_AMAT,2023,Q3,10112,66,175,0.00653,0.01731,0.41731,0.32135,19.44899,11.52511
COMPANY_248356_APD,2024,Q1,10962,22,227,0.00201,0.02071,0.31654,0.31736,15.81474,9.73048
COMPANY_248356_APD,2024,Q2,9947,17,162,0.00171,0.01629,0.38633,0.22941,16.0586,10.61081
COMPANY_248356_APD,2024,Q3,9948,27,173,0.00271,0.01739,0.42684,0.30327,17.89595,9.70423
COMPANY_248356_APD,2024,Q4,12321,62,227,0.00503,0.01842,0.30261,0.30788,15.9641,10.50037
COMPANY_248356_APD,2025,Q1,6326,4,163,0.00063,0.02577,0.31837,0.26451,11.83333,11.77169
COMPANY_248356_APD,2025,Q2,11051,23,185,0.00208,0.01674,0.2169,0.23911,15.66107,13.95245
COMPANY_24893_ANSS,2023,Q1,9593,149,153,0.01553,0.01595,0.37791,0.36811,19.61561,13.0196
COMPANY_24893_ANSS,2023,Q2,9927,146,165,0.01471,0.01662,0.4015,0.34228,19.82039,12.41088
COMPANY_24893_ANSS,2023,Q3,9330,100,190,0.01072,0.02036,0.39232,0.28172,18.17133,12.12336
COMPANY_24937_AAPL,2023,Q1,8911,21,135,0.00236,0.01515,0.3509,0.11639,18.10796,12.69351
COMPANY_24937_AAPL,2023,Q2,9234,22,120,0.00238,0.013,0.26285,0.19936,16.6535,11.33293
COMPANY_24937_AAPL,2023,Q3,9284,19,130,0.00205,0.014,0.51562,0.22915,17.24772,11.31214
COMPANY_24937_AAPL,2023,Q4,9885,28,155,0.00283,0.01568,0.46753,0.28937,16.819,9.3506
COMPANY_24937_AAPL,2024,Q1,8966,35,143,0.0039,0.01595,0.43339,0.33013,15.32706,10.25162
COMPANY_24937_AAPL,2024,Q2,9463,17,159,0.0018,0.0168,0.35236,0.3167,16.91383,10.23566
COMPANY_24937_AAPL,2024,Q3,9165,69,150,0.00753,0.01637,0.53723,0.33805,16.06607,10.24462
COMPANY_24937_AAPL,2024,Q4,9376,63,160,0.00672,0.01706,0.55922,0.29086,17.4071,9.74206
COMPANY_24937_AAPL,2025,Q1,9186,54,161,0.00588,0.01753,0.53743,0.34142,16.46525,8.94849
COMPANY_24937_AAPL,2025,Q2,9317,49,164,0.00526,0.0176,0.50422,0.27221,16.16886,9.25863
COMPANY_249841_HES,2023,Q1,8639,19,165,0.0022,0.0191,0.44524,0.18036,19.05507,10.8127
COMPANY_24816_AMGN,2023,Q3,13438,39,242,0.0029,0.01801,0.36784,0.28373,20.98611,12.94968
COMPANY_24816_AMGN,2023,Q4,12997,34,301,0.00262,0.02316,0.28802,0.24712,19.22669,12.30611
COMPANY_24816_AMGN,2024,Q1,10523,37,252,0.00352,0.02395,0.30209,0.2571,18.18144,12.7644
COMPANY_24816_AMGN,2024,Q2,10313,36,249,0.00349,0.02414,0.40159,0.24235,17.98749,13.38964
COMPANY_24816_AMGN,2024,Q3,10942,26,289,0.00238,0.02641,0.34486,0.28517,18.37881,12.61882
COMPANY_24816_AMGN,2024,Q4,10231,31,222,0.00303,0.0217,0.46407,0.22326,21.20006,11.94352
COMPANY_24816_AMGN,2025,Q1,12415,25,254,0.00201,0.02046,0.30493,0.26581,20.21149,12.839
COMPANY_24827_APH,2023,Q1,9616,50,172,0.0052,0.01789,0.40622,0.34416,20.89496,14.11205
COMPANY_24827_APH,2023,Q2,9466,43,123,0.00454,0.01299,0.42159,0.35695,21.76969,14.99248
COMPANY_24827_APH,2023,Q3,11067,55,159,0.00497,0.01437,0.4094,0.36326,18.18719,14.7254
COMPANY_24827_APH,2023,Q4,11209,54,163,0.00482,0.01454,0.33959,0.31226,18.05751,14.08796
COMPANY_24827_APH,2024,Q1,10375,71,141,0.00684,0.01359,0.34637,0.31187,18.60931,13.05793
COMPANY_24827_APH,2024,Q2,11615,71,166,0.00611,0.01429,0.45298,0.37431,19.38228,13.07618
COMPANY_24827_APH,2024,Q3,10058,56,138,0.00557,0.01372,0.39401,0.3673,18.74403,12.86303
COMPANY_24827_APH,2024,Q4,11310,59,139,0.00522,0.01229,0.50076,0.42071,22.07196,13.67047
COMPANY_24827_APH,2025,Q1,11778,61,163,0.00518,0.01384,0.45044,0.34505,17.44295,12.64846
COMPANY_248356_APD,2023,Q1,12898,33,207,0.00256,0.01605,0.29534,0.27483,15.4778,10.98748
COMPANY_248356_APD,2023,Q2,8871,21,122,0.00237,0.01375,0.35056,0.2179,16.35126,10.91499
COMPANY_248356_APD,2023,Q3,10510,32,202,0.00304,0.01922,0.40801,0.29149,15.44825,9.95808
COMPANY_248356_APD,2023,Q4,10829,42,185,0.00388,0.01708,0.35774,0.3007,15.72854,11.16326
COMPANY_249841_HES,2023,Q2,9081,20,197,0.0022,0.02169,0.45858,0.19449,18.57099,12.03132
COMPANY_25016048_AVGO,2023,Q1,7777,66,140,0.00849,0.018,0.2871,0.30776,18.4892,10.8153
COMPANY_25016048_AVGO,2023,Q2,7623,66,108,0.00866,0.01417,0.22939,0.22969,15.90443,11.11361
COMPANY_25016048_AVGO,2023,Q3,7782,64,124,0.00822,0.01593,0.17439,0.19895,16.72729,11.20429
COMPANY_25016048_AVGO,2023,Q4,7850,72,135,0.00917,0.0172,0.19739,0.28003,16.95645,12.45669
COMPANY_25016048_AVGO,2024,Q1,8034,65,121,0.00809,0.01506,0.25143,0.22889,15.40578,9.63115
COMPANY_25016048_AVGO,2024,Q2,8262,57,135,0.0069,0.01634,0.28673,0.28494,15.72594,9.58835
COMPANY_25016048_AVGO,2024,Q3,8393,37,141,0.00441,0.0168,0.21201,0.20804,16.97056,10.21899
COMPANY_25016048_AVGO,2024,Q4,7751,55,126,0.0071,0.01626,0.21421,0.23107,16.99971,9.56142
COMPANY_25016048_AVGO,2025,Q1,8184,74,138,0.00904,0.01686,0.20577,0.21745,13.96497,10.23656
COMPANY_250178_AFL,2023,Q1,12285,29,235,0.00236,0.01913,0.27024,0.24988,18.17828,11.18301
COMPANY_250178_AFL,2023,Q2,9247,36,153,0.00389,0.01655,0.32445,0.20246,17.81278,12.70163
COMPANY_250178_AFL,2023,Q3,10009,24,172,0.0024,0.01718,0.40398,0.24341,15.56167,9.89535
COMPANY_250178_AFL,2023,Q4,9203,22,136,0.00239,0.01478,0.37708,0.27294,15.3723,9.66152
COMPANY_250178_AFL,2024,Q1,8330,25,122,0.003,0.01465,0.20294,0.21372,15.04818,11.74216
COMPANY_250178_AFL,2024,Q2,8164,11,119,0.00135,0.01458,0.59056,0.32034,16.71246,11.35007
COMPANY_250178_AFL,2024,Q3,8514,15,134,0.00176,0.01574,0.35643,0.3089,15.4111,11.29943
COMPANY_250178_AFL,2024,Q4,11020,44,188,0.00399,0.01706,0.34017,0.19582,14.05246,10.12769
COMPANY_250178_AFL,2025,Q1,9376,20,133,0.00213,0.01419,0.19251,0.23369,13.88491,9.30577
COMPANY_250388_AIG,2023,Q1,10462,34,131,0.00325,0.01252,0.38311,0.22649,21.04181,14.83003
COMPANY_251230_AMAT,2023,Q4,10162,37,161,0.00364,0.01584,0.4841,0.33516,19.51916,11.04267
COMPANY_251230_AMAT,2024,Q1,10492,51,177,0.00486,0.01687,0.35981,0.32527,19.3792,11.42052
COMPANY_251230_AMAT,2024,Q2,9918,83,162,0.00837,0.01633,0.39627,0.3517,19.40363,12.5277
COMPANY_251230_AMAT,2024,Q3,9790,74,150,0.00756,0.01532,0.37633,0.33424,19.89011,11.92568
COMPANY_251230_AMAT,2024,Q4,9741,74,173,0.0076,0.01776,0.45572,0.34774,21.8892,12.07419
COMPANY_251230_AMAT,2025,Q1,9792,70,172,0.00715,0.01757,0.43397,0.30061,19.96428,12.2116
COMPANY_251230_AMAT,2025,Q2,10113,62,186,0.00613,0.01839,0.46138,0.36312,18.48419,11.78833
COMPANY_251411_ADI,2023,Q1,7778,55,127,0.00707,0.01633,0.45002,0.34777,18.34613,12.73949
COMPANY_251411_ADI,2023,Q2,7672,45,153,0.00587,0.01994,0.28685,0.23607,19.63887,13.65445
COMPANY_251411_ADI,2023,Q3,7857,51,193,0.00649,0.02456,0.36597,0.23854,18.26687,13.07094
COMPANY_251411_ADI,2023,Q4,7472,58,159,0.00776,0.02128,0.52597,0.22029,18.70703,13.29524
COMPANY_251411_ADI,2024,Q1,7193,72,171,0.01001,0.02377,0.42731,0.25821,17.99344,12.40411
COMPANY_251411_ADI,2024,Q2,6770,56,157,0.00827,0.02319,0.51468,0.25129,20.15043,12.93979
COMPANY_251411_ADI,2024,Q3,5950,50,158,0.0084,0.02655,0.49307,0.30541,20.48971,13.62813
COMPANY_251411_ADI,2024,Q4,7644,90,153,0.01177,0.02002,0.50265,0.28203,18.32339,13.50025
COMPANY_251411_ADI,2025,Q1,6501,53,154,0.00815,0.02369,0.45484,0.3278,17.05956,12.66008
COMPANY_251704_ADM,2023,Q1,9022,18,160,0.002,0.01773,0.4957,0.34447,19.9242,14.57879
COMPANY_251704_ADM,2023,Q2,8895,41,151,0.00461,0.01698,0.41212,0.3393,21.01687,13.8573
COMPANY_251704_ADM,2023,Q3,8922,50,157,0.0056,0.0176,0.50204,0.33429,19.34041,14.71052
COMPANY_251704_ADM,2023,Q4,10132,44,174,0.00434,0.01717,0.39143,0.29869,18.65039,14.04019
COMPANY_251704_ADM,2024,Q1,9010,32,155,0.00355,0.0172,0.46093,0.26609,18.57648,14.4173
COMPANY_251704_ADM,2024,Q2,8766,38,156,0.00433,0.0178,0.61477,0.30069,20.65845,14.19602
COMPANY_251704_ADM,2024,Q3,9891,34,162,0.00344,0.01638,0.38023,0.26709,18.8537,13.92088
COMPANY_251704_ADM,2024,Q4,9511,30,179,0.00315,0.01882,0.52695,0.3027,22.4976,14.6673
COMPANY_251704_ADM,2025,Q1,7353,31,142,0.00422,0.01931,0.50172,0.25079,22.08165,13.86802
COMPANY_252186_AJG,2023,Q1,10872,14,187,0.00129,0.0172,0.60829,0.25126,16.64749,10.32787
COMPANY_252186_AJG,2023,Q2,12900,16,217,0.00124,0.01682,0.31294,0.28052,14.66352,9.55818
COMPANY_252186_AJG,2023,Q3,10523,21,163,0.002,0.01549,0.33443,0.23832,14.9048,11.31358
COMPANY_252186_AJG,2023,Q4,10980,16,213,0.00146,0.0194,0.24869,0.24868,17.20481,10.08112
COMPANY_252186_AJG,2024,Q1,10270,21,154,0.00204,0.015,0.35489,0.22545,13.83497,11.3031
COMPANY_252186_AJG,2024,Q2,11479,23,186,0.002,0.0162,0.28057,0.23227,15.99443,9.88086
COMPANY_252186_AJG,2024,Q3,10852,13,201,0.0012,0.01852,0.35956,0.22918,13.54349,9.96759
COMPANY_252186_AJG,2024,Q4,10855,20,191,0.00184,0.0176,0.32009,0.23894,14.65238,10.72198
COMPANY_252186_AJG,2025,Q1,10483,15,174,0.00143,0.0166,0.30944,0.26633,13.13072,9.58733
COMPANY_252684_ATO,2023,Q1,3978,20,90,0.00503,0.02262,0.45229,0.2906,18.1651,14.22566
COMPANY_252684_ATO,2023,Q2,3532,23,66,0.00651,0.01869,0.37851,0.37683,18.33685,14.69966
COMPANY_252684_ATO,2023,Q3,2995,13,72,0.00434,0.02404,0.40842,0.36757,16.45456,10.12715
COMPANY_252684_ATO,2023,Q4,6143,31,127,0.00505,0.02067,0.48967,0.31864,19.27915,14.49167
COMPANY_252684_ATO,2024,Q1,4886,19,128,0.00389,0.0262,0.35123,0.23258,17.41138,11.89443
COMPANY_252684_ATO,2024,Q2,3368,13,80,0.00386,0.02375,0.4792,0.23587,18.83419,14.37218
COMPANY_252684_ATO,2024,Q3,3010,14,77,0.00465,0.02558,0.43122,0.28057,17.68139,13.29053
COMPANY_252684_ATO,2024,Q4,6056,41,139,0.00677,0.02295,0.42797,0.32189,17.66864,13.68117
COMPANY_252684_ATO,2025,Q1,4408,25,109,0.00567,0.02473,0.40869,0.22937,16.48863,11.32024
COMPANY_252684_ATO,2025,Q2,4647,24,116,0.00516,0.02496,0.39848,0.26137,17.75894,12.42289
COMPANY_252978_AVY,2023,Q1,8629,50,158,0.00579,0.01831,0.59961,0.2594,20.24288,14.53895
COMPANY_252978_AVY,2023,Q2,8275,37,169,0.00447,0.02042,0.56488,0.29837,21.44442,14.51426
COMPANY_252978_AVY,2023,Q3,7093,45,136,0.00634,0.01917,0.57594,0.24371,19.71588,14.54256
COMPANY_252978_AVY,2023,Q4,8047,57,132,0.00708,0.0164,0.54253,0.3105,20.29901,14.34232
COMPANY_252978_AVY,2024,Q1,6889,38,110,0.00552,0.01597,0.49724,0.28073,19.11611,13.70676
COMPANY_252978_AVY,2024,Q2,7763,47,138,0.00605,0.01778,0.4719,0.29058,20.03374,15.43702
COMPANY_252978_AVY,2024,Q3,6910,47,110,0.0068,0.01592,0.54783,0.26378,18.03208,12.49626
COMPANY_252978_AVY,2024,Q4,9057,72,127,0.00795,0.01402,0.53135,0.35699,20.01767,13.30939
COMPANY_252978_AVY,2025,Q1,11254,63,223,0.0056,0.01982,0.45368,0.23683,18.58975,13.93639
COMPANY_25307_AZO,2023,Q1,11192,24,126,0.00214,0.01126,0.46116,0.22481,16.53333,10.39416
COMPANY_25307_AZO,2023,Q2,11017,32,147,0.0029,0.01334,0.35298,0.25978,18.74567,10.84234
COMPANY_25307_AZO,2023,Q3,10916,22,162,0.00202,0.01484,0.26622,0.31055,18.52702,10.13837
COMPANY_25307_AZO,2023,Q4,12199,39,152,0.0032,0.01246,0.28813,0.32085,16.43598,10.95733
COMPANY_25307_AZO,2024,Q1,11814,31,157,0.00262,0.01329,0.33411,0.26115,21.75742,12.66921
COMPANY_25307_AZO,2024,Q2,11702,37,206,0.00316,0.0176,0.39324,0.3063,17.87542,10.71424
COMPANY_25307_AZO,2024,Q3,10640,29,142,0.00273,0.01335,0.54956,0.28667,19.15548,13.39757
COMPANY_25307_AZO,2024,Q4,12241,27,175,0.00221,0.0143,0.34667,0.35563,16.37745,11.39812
COMPANY_25307_AZO,2025,Q1,11950,23,210,0.00192,0.01757,0.42032,0.27758,17.16246,10.2802
COMPANY_25307_AZO,2025,Q2,11552,38,165,0.00329,0.01428,0.4019,0.2592,18.13533,11.9467
COMPANY_254225545_PAYC,2023,Q1,10070,49,199,0.00487,0.01976,0.29405,0.36589,15.90434,11.41319
COMPANY_254225545_PAYC,2023,Q2,9952,17,168,0.00171,0.01688,0.17598,0.25152,14.76535,11.39713
COMPANY_254225545_PAYC,2023,Q3,6450,11,124,0.00171,0.01922,0.23095,0.20687,14.81953,10.57524
COMPANY_254225545_PAYC,2023,Q4,9318,49,185,0.00526,0.01985,0.48707,0.32157,15.47193,11.17006
COMPANY_254225545_PAYC,2024,Q1,8006,44,162,0.0055,0.02023,0.42434,0.23549,15.56545,11.7075
COMPANY_254225545_PAYC,2024,Q2,8129,58,154,0.00713,0.01894,0.35451,0.21844,16.69917,10.56475
COMPANY_254225545_PAYC,2024,Q3,6226,72,129,0.01156,0.02072,0.34478,0.24461,15.12473,9.86135
COMPANY_254225545_PAYC,2024,Q4,8858,41,140,0.00463,0.0158,0.42316,0.24569,16.31505,10.41854
COMPANY_254225545_PAYC,2025,Q1,6428,50,96,0.00778,0.01493,0.30469,0.29372,16.61966,11.47893
COMPANY_254504_WRB,2023,Q1,10816,9,218,0.00083,0.02016,0.42302,0.24994,16.93187,10.77671
COMPANY_254504_WRB,2023,Q2,10111,12,172,0.00119,0.01701,0.24856,0.16587,16.36992,10.94289
COMPANY_254504_WRB,2023,Q3,8512,8,177,0.00094,0.02079,0.1673,0.0965,14.22065,10.28375
COMPANY_254504_WRB,2023,Q4,10634,10,228,0.00094,0.02144,0.33576,0.06464,18.09302,9.92266
COMPANY_254504_WRB,2024,Q1,8372,8,164,0.00096,0.01959,0.42454,0.10599,20.49728,11.68563
COMPANY_254504_WRB,2024,Q2,9476,8,210,0.00084,0.02216,0.10389,0.03086,18.92786,9.69014
COMPANY_254504_WRB,2024,Q3,10468,11,201,0.00105,0.0192,0.07023,0.06263,17.66607,10.9482
COMPANY_254504_WRB,2024,Q4,11276,12,216,0.00106,0.01916,0.41806,0.07306,19.22274,10.15696
COMPANY_256839_BF.B,2025,Q1,11672,9,213,0.00077,0.01825,0.52411,0.29904,21.52353,14.56919
COMPANY_256839_BF.B,2025,Q2,11365,15,180,0.00132,0.01584,0.44501,0.29709,19.29522,15.26428
COMPANY_256839_BF.B,2025,Q3,11302,20,183,0.00177,0.01619,0.47996,0.26785,21.92176,15.487
COMPANY_257682_CMS,2023,Q1,12034,27,238,0.00224,0.01978,0.38123,0.2845,16.88623,13.10675
COMPANY_257682_CMS,2023,Q2,5022,19,111,0.00378,0.0221,0.40387,0.34608,14.3828,12.21193
COMPANY_257682_CMS,2023,Q3,11151,41,263,0.00368,0.02359,0.36111,0.28453,17.6421,11.96277
COMPANY_257682_CMS,2023,Q4,11556,10,227,0.00087,0.01964,0.57507,0.32278,21.96483,13.35015
COMPANY_257682_CMS,2024,Q1,7289,32,147,0.00439,0.02017,0.5241,0.30778,16.71136,12.62376
COMPANY_257682_CMS,2024,Q2,8672,23,187,0.00265,0.02156,0.36444,0.28413,14.00083,12.59433
COMPANY_257682_CMS,2024,Q3,13103,29,240,0.00221,0.01832,0.40845,0.35075,19.63154,12.45539
COMPANY_257682_CMS,2024,Q4,11465,25,228,0.00218,0.01989,0.51339,0.31176,18.25968,11.97693
COMPANY_257682_CMS,2025,Q1,12182,17,238,0.0014,0.01954,0.35154,0.30283,17.46953,12.0462
COMPANY_257948_CSX,2023,Q1,9974,35,195,0.00351,0.01955,0.48609,0.33692,17.54147,12.45279
COMPANY_257948_CSX,2023,Q2,10491,20,156,0.00191,0.01487,0.50649,0.32876,18.45151,11.27053
COMPANY_257948_CSX,2023,Q3,13042,26,171,0.00199,0.01311,0.43642,0.29998,15.88018,11.31807
COMPANY_257948_CSX,2023,Q4,10527,40,161,0.0038,0.01529,0.45722,0.33993,15.30269,10.90369
COMPANY_257948_CSX,2024,Q1,13649,27,170,0.00198,0.01246,0.47736,0.31235,17.2009,10.56653
COMPANY_257948_CSX,2024,Q2,11741,50,174,0.00426,0.01482,0.48201,0.2846,17.65754,11.3126
COMPANY_257948_CSX,2024,Q3,12847,36,182,0.0028,0.01417,0.42939,0.26359,19.27095,12.58947
COMPANY_257948_CSX,2024,Q4,12477,45,199,0.00361,0.01595,0.38003,0.32988,17.66048,12.85256
COMPANY_257948_CSX,2025,Q1,12494,51,215,0.00408,0.01721,0.35401,0.24796,15.39732,11.62664
COMPANY_25798_BMY,2023,Q1,11329,39,187,0.00344,0.01651,0.39799,0.28347,17.84257,11.8001
COMPANY_25798_BMY,2023,Q2,14116,27,231,0.00191,0.01636,0.48794,0.29153,19.26653,12.29795
COMPANY_25798_BMY,2023,Q3,11457,11,165,0.00096,0.0144,0.42244,0.40533,19.23875,10.90225
COMPANY_25798_BMY,2023,Q4,11629,34,194,0.00292,0.01668,0.34865,0.27332,18.31437,10.00468
COMPANY_25798_BMY,2024,Q1,12098,34,206,0.00281,0.01703,0.27363,0.23075,16.04175,11.87961
COMPANY_25798_BMY,2024,Q2,13498,26,241,0.00193,0.01785,0.49195,0.30058,18.92082,11.61137
COMPANY_25798_BMY,2024,Q3,11737,19,264,0.00162,0.02249,0.40128,0.23022,17.07554,11.67502
COMPANY_25798_BMY,2024,Q4,14827,27,263,0.00182,0.01774,0.49853,0.26274,18.10776,12.91866
COMPANY_25798_BMY,2025,Q1,14094,27,280,0.00192,0.01987,0.37936,0.27684,16.82915,12.10454
COMPANY_258181_CTRA,2023,Q1,6003,13,109,0.00217,0.01816,0.41237,0.28007,18.62432,10.83923
COMPANY_258181_CTRA,2023,Q2,9622,21,200,0.00218,0.02079,0.26232,0.25724,14.54169,10.60492
COMPANY_258181_CTRA,2023,Q3,11144,30,206,0.00269,0.01849,0.27292,0.3004,16.40947,10.01436
COMPANY_258181_CTRA,2023,Q4,8243,15,157,0.00182,0.01905,0.46698,0.212,14.74399,10.12686
COMPANY_258181_CTRA,2024,Q1,10250,18,205,0.00176,0.02,0.46625,0.26395,15.445,10.32336
COMPANY_258181_CTRA,2024,Q2,10465,13,193,0.00124,0.01844,0.41858,0.26828,18.26152,11.39507
COMPANY_258181_CTRA,2024,Q3,10249,23,169,0.00224,0.01649,0.241,0.27983,17.197,11.28636
COMPANY_258181_CTRA,2024,Q4,11283,19,221,0.00168,0.01959,0.29819,0.28973,14.80778,10.86967
COMPANY_258181_CTRA,2025,Q1,10516,12,219,0.00114,0.02083,0.4521,0.2416,16.26903,11.5877
COMPANY_258458_CPB,2023,Q1,9337,15,144,0.00161,0.01542,0.68804,0.31737,20.70695,13.04623
COMPANY_255397_BBY,2023,Q1,11236,41,238,0.00365,0.02118,0.44645,0.2689,18.38931,12.66944
COMPANY_255397_BBY,2023,Q2,11395,31,223,0.00272,0.01957,0.51308,0.20461,18.17988,14.07301
COMPANY_255397_BBY,2023,Q3,11653,35,213,0.003,0.01828,0.35472,0.29563,18.13996,12.87636
COMPANY_255397_BBY,2023,Q4,11351,59,186,0.0052,0.01639,0.3787,0.28589,17.88635,14.62579
COMPANY_255397_BBY,2024,Q1,11919,37,221,0.0031,0.01854,0.41319,0.33102,19.19635,13.06007
COMPANY_255397_BBY,2024,Q2,12002,37,217,0.00308,0.01808,0.50143,0.39668,20.52483,14.03509
COMPANY_255397_BBY,2024,Q3,11785,26,204,0.00221,0.01731,0.42808,0.30527,19.65422,13.7545
COMPANY_255397_BBY,2024,Q4,11168,48,175,0.0043,0.01567,0.53938,0.31941,19.93533,14.60657
COMPANY_255397_BBY,2025,Q1,11410,33,182,0.00289,0.01595,0.48871,0.3097,19.39119,13.86785
COMPANY_255397_BBY,2025,Q2,11462,56,203,0.00489,0.01771,0.45866,0.3036,18.46893,12.69766
COMPANY_255397_BBY,2025,Q3,12282,55,215,0.00448,0.01751,0.37194,0.33932,18.76841,12.56299
COMPANY_255397_BBY,2025,Q4,11492,56,212,0.00487,0.01845,0.47528,0.30961,18.40215,13.83736
COMPANY_256839_BF.B,2023,Q1,11028,13,186,0.00118,0.01687,0.57253,0.32354,17.16326,13.59029
COMPANY_256839_BF.B,2023,Q2,10646,12,162,0.00113,0.01522,0.49572,0.33593,18.40887,15.20038
COMPANY_256839_BF.B,2023,Q3,10552,15,191,0.00142,0.0181,0.38709,0.24757,17.83046,15.59955
COMPANY_256839_BF.B,2023,Q4,10469,16,182,0.00153,0.01738,0.42318,0.36678,18.78674,14.96407
COMPANY_256839_BF.B,2024,Q1,11406,10,209,0.00088,0.01832,0.48347,0.25145,19.85196,14.53373
COMPANY_256839_BF.B,2024,Q2,11313,19,186,0.00168,0.01644,0.56138,0.32172,19.78036,15.05288
COMPANY_256839_BF.B,2024,Q3,11501,20,208,0.00174,0.01809,0.55954,0.3515,21.42997,16.18245
COMPANY_256839_BF.B,2024,Q4,11783,24,210,0.00204,0.01782,0.58541,0.26826,19.93487,14.67742
COMPANY_258458_CPB,2023,Q2,10280,21,107,0.00204,0.01041,0.53265,0.39771,19.52695,13.68851
COMPANY_258458_CPB,2023,Q3,10696,16,170,0.0015,0.01589,0.51685,0.33574,17.7724,14.69849
COMPANY_258458_CPB,2023,Q4,10244,11,145,0.00107,0.01415,0.51371,0.35654,21.94563,13.82463
COMPANY_258458_CPB,2024,Q1,10184,23,137,0.00226,0.01345,0.49508,0.41581,18.29346,14.52178
COMPANY_258458_CPB,2024,Q2,10351,30,139,0.0029,0.01343,0.59204,0.39155,21.08833,14.76763
COMPANY_258458_CPB,2024,Q3,10457,21,176,0.00201,0.01683,0.58337,0.34982,19.88556,15.4519
COMPANY_258458_CPB,2024,Q4,11383,6,177,0.00053,0.01555,0.46178,0.32111,18.0049,13.04298
COMPANY_258458_CPB,2025,Q1,10842,12,159,0.00111,0.01467,0.58251,0.32576,18.96588,13.42596
COMPANY_258458_CPB,2025,Q2,9947,21,185,0.00211,0.0186,0.64864,0.32574,22.17347,15.68525
COMPANY_258589_STZ,2023,Q1,9554,25,128,0.00262,0.0134,0.47247,0.35847,22.34884,14.54338
COMPANY_258589_STZ,2023,Q2,10993,34,168,0.00309,0.01528,0.5151,0.36489,20.68941,15.34269
COMPANY_258589_STZ,2023,Q3,13360,52,187,0.00389,0.014,0.53069,0.32073,20.02154,14.52442
COMPANY_258589_STZ,2023,Q4,10916,27,145,0.00247,0.01328,0.61149,0.30358,23.37873,15.26779
COMPANY_258589_STZ,2024,Q1,8513,23,125,0.0027,0.01468,0.46813,0.37643,19.30787,15.35455
COMPANY_258589_STZ,2024,Q2,9335,14,139,0.0015,0.01489,0.4575,0.3303,17.64135,14.11948
COMPANY_258589_STZ,2024,Q3,11320,20,179,0.00177,0.01581,0.52003,0.3892,21.5138,15.12764
COMPANY_258589_STZ,2024,Q4,10749,27,154,0.00251,0.01433,0.5793,0.36232,22.44394,15.90745
COMPANY_258589_STZ,2025,Q1,10099,23,138,0.00228,0.01366,0.55866,0.34267,17.96678,13.06583
COMPANY_258589_STZ,2025,Q2,7941,9,102,0.00113,0.01284,0.55379,0.32382,21.43827,12.72301
COMPANY_258589_STZ,2025,Q3,8551,8,139,0.00094,0.01626,0.61585,0.23205,20.81909,14.95438
COMPANY_258589_STZ,2025,Q4,10237,16,150,0.00156,0.01465,0.4077,0.29855,20.169,12.57563
COMPANY_258823_CCL,2023,Q1,10968,9,185,0.00082,0.01687,0.51282,0.24459,20.83819,10.95883
COMPANY_258823_CCL,2023,Q2,10085,17,169,0.00169,0.01676,0.52743,0.30653,21.80713,11.19424
COMPANY_258823_CCL,2023,Q3,10326,6,169,0.00058,0.01637,0.58265,0.25308,20.11707,9.69649
COMPANY_258823_CCL,2023,Q4,10517,21,165,0.002,0.01569,0.31678,0.34861,16.1384,10.78459
COMPANY_258823_CCL,2024,Q1,10276,17,162,0.00165,0.01576,0.45184,0.31485,19.78584,10.82174
COMPANY_258823_CCL,2024,Q2,10850,7,178,0.00065,0.01641,0.32856,0.32344,19.08063,10.10876
COMPANY_258823_CCL,2024,Q3,11278,7,188,0.00062,0.01667,0.66973,0.31225,18.77421,9.06784
COMPANY_258823_CCL,2024,Q4,10779,19,137,0.00176,0.01271,0.44891,0.36462,19.32604,10.68177
COMPANY_258823_CCL,2025,Q1,11021,8,159,0.00073,0.01443,0.35118,0.31692,16.71847,9.15175
COMPANY_25915843_EXPE,2023,Q1,10084,55,112,0.00545,0.01111,0.33987,0.30709,16.87894,11.85798
COMPANY_25915843_EXPE,2023,Q2,10709,37,112,0.00346,0.01046,0.43595,0.36707,18.1198,11.11542
COMPANY_25915843_EXPE,2023,Q3,10707,32,115,0.00299,0.01074,0.38017,0.27543,17.86793,11.59
COMPANY_25915843_EXPE,2023,Q4,10777,60,124,0.00557,0.01151,0.47087,0.43606,20.18776,13.71139
COMPANY_25915843_EXPE,2024,Q1,10193,29,139,0.00285,0.01364,0.53289,0.31906,16.84596,11.62203
COMPANY_25915843_EXPE,2024,Q2,9695,26,120,0.00268,0.01238,0.38166,0.2805,17.13254,12.44617
COMPANY_25915843_EXPE,2024,Q3,7437,30,69,0.00403,0.00928,0.47685,0.31473,15.72651,11.7598
COMPANY_25915843_EXPE,2024,Q4,8588,18,162,0.0021,0.01886,0.43806,0.29611,17.00944,10.61833
COMPANY_25915843_EXPE,2025,Q1,8591,22,114,0.00256,0.01327,0.43998,0.33077,17.70673,12.45317
COMPANY_259378_CAT,2023,Q1,11269,18,288,0.0016,0.02556,0.43104,0.27252,19.53126,11.39355
COMPANY_254504_WRB,2025,Q1,9310,10,180,0.00107,0.01933,0.30995,0.11983,15.25133,10.28415
COMPANY_254571_BAX,2023,Q1,9891,41,187,0.00415,0.01891,0.40231,0.33603,17.61015,12.07925
COMPANY_254571_BAX,2023,Q2,9862,32,145,0.00324,0.0147,0.52426,0.36418,17.80569,14.78542
COMPANY_254571_BAX,2023,Q3,10442,45,171,0.00431,0.01638,0.46197,0.38769,18.85512,13.42841
COMPANY_254571_BAX,2023,Q4,10512,35,156,0.00333,0.01484,0.49775,0.35047,18.72501,13.84487
COMPANY_254571_BAX,2024,Q1,10055,61,123,0.00607,0.01223,0.45023,0.38177,18.69919,14.36524
COMPANY_254571_BAX,2024,Q2,10668,40,178,0.00375,0.01669,0.54409,0.33027,19.53525,12.76898
COMPANY_254571_BAX,2024,Q3,11545,41,163,0.00355,0.01412,0.4603,0.27367,18.91166,13.24605
COMPANY_254571_BAX,2024,Q4,11515,46,207,0.00399,0.01798,0.57958,0.35761,17.06261,13.34627
COMPANY_254571_BAX,2025,Q1,10624,35,198,0.00329,0.01864,0.53178,0.31119,17.38396,12.49248
COMPANY_25460099_PANW,2023,Q1,10795,102,222,0.00945,0.02057,0.3164,0.24231,16.18775,12.42691
COMPANY_25460099_PANW,2023,Q2,12974,121,186,0.00933,0.01434,0.34878,0.3082,15.0185,11.22358
COMPANY_25460099_PANW,2023,Q3,12218,186,193,0.01522,0.0158,0.34607,0.30725,17.87666,13.02715
COMPANY_25460099_PANW,2023,Q4,28716,437,395,0.01522,0.01376,0.35633,0.33771,16.45115,13.48994
COMPANY_25460099_PANW,2024,Q1,11074,101,194,0.00912,0.01752,0.36207,0.32647,17.09973,11.62504
COMPANY_25460099_PANW,2024,Q2,12624,151,166,0.01196,0.01315,0.33773,0.394,16.88123,11.89625
COMPANY_25460099_PANW,2024,Q3,12110,129,204,0.01065,0.01685,0.32382,0.34398,18.00692,11.01113
COMPANY_25460099_PANW,2024,Q4,11769,131,160,0.01113,0.0136,0.4622,0.37484,16.74489,13.49512
COMPANY_25460099_PANW,2025,Q1,11606,158,180,0.01361,0.01551,0.34958,0.35491,17.33985,12.71187
COMPANY_25460099_PANW,2025,Q2,11644,172,212,0.01477,0.01821,0.39777,0.33818,15.86613,12.45608
COMPANY_260334235_SYF,2023,Q4,12670,53,262,0.00418,0.02068,0.48647,0.30004,19.61284,11.07574
COMPANY_260334235_SYF,2024,Q1,11294,40,198,0.00354,0.01753,0.5328,0.2642,20.15715,12.13209
COMPANY_260334235_SYF,2024,Q2,10482,35,230,0.00334,0.02194,0.47355,0.31121,21.24142,10.78487
COMPANY_260334235_SYF,2024,Q3,11894,35,227,0.00294,0.01909,0.42839,0.30062,18.22907,11.2175
COMPANY_260334235_SYF,2024,Q4,14304,48,238,0.00336,0.01664,0.46572,0.29742,18.87625,10.50968
COMPANY_260334235_SYF,2025,Q1,13336,30,233,0.00225,0.01747,0.49433,0.28919,18.08716,10.94549
COMPANY_260681_CINF,2023,Q1,9068,8,150,0.00088,0.01654,0.21953,0.22558,18.17376,10.02978
COMPANY_260681_CINF,2023,Q2,5911,4,104,0.00068,0.01759,0.49697,0.26646,18.95541,11.36771
COMPANY_260681_CINF,2023,Q3,5882,15,99,0.00255,0.01683,0.43384,0.18648,17.01292,13.78281
COMPANY_260681_CINF,2023,Q4,7834,10,137,0.00128,0.01749,0.39047,0.20498,21.02808,11.87777
COMPANY_260681_CINF,2024,Q1,6487,8,105,0.00123,0.01619,0.19243,0.25877,18.82681,11.57697
COMPANY_260681_CINF,2024,Q2,8197,11,142,0.00134,0.01732,0.36998,0.16742,18.06434,11.78008
COMPANY_260681_CINF,2024,Q3,7078,15,116,0.00212,0.01639,0.26741,0.22498,15.19567,12.05419
COMPANY_260681_CINF,2024,Q4,5718,5,100,0.00087,0.01749,0.5042,0.16899,22.3928,10.41047
COMPANY_260725_CTAS,2023,Q1,11279,21,190,0.00186,0.01685,0.5145,0.32617,13.62304,9.0379
COMPANY_260725_CTAS,2023,Q2,8997,7,151,0.00078,0.01678,0.54323,0.387,17.64342,10.5184
COMPANY_260725_CTAS,2023,Q3,9956,23,166,0.00231,0.01667,0.49519,0.39137,16.60087,11.09115
COMPANY_260725_CTAS,2023,Q4,11259,42,197,0.00373,0.0175,0.45115,0.32458,17.01614,9.51155
COMPANY_260725_CTAS,2024,Q1,9483,47,160,0.00496,0.01687,0.33154,0.31184,13.41703,9.82776
COMPANY_260725_CTAS,2024,Q2,10454,31,181,0.00297,0.01731,0.43065,0.34726,16.16173,10.09304
COMPANY_259378_CAT,2023,Q2,10937,22,251,0.00201,0.02295,0.4945,0.3184,18.42409,11.40807
COMPANY_259378_CAT,2023,Q3,11101,34,243,0.00306,0.02189,0.48029,0.27399,18.74129,12.13162
COMPANY_259378_CAT,2023,Q4,11022,32,230,0.0029,0.02087,0.39091,0.27075,16.84813,12.32958
COMPANY_259378_CAT,2024,Q1,10656,32,196,0.003,0.01839,0.42341,0.24414,18.81852,12.94254
COMPANY_259378_CAT,2024,Q2,10941,30,216,0.00274,0.01974,0.36364,0.2762,18.60091,12.15623
COMPANY_259378_CAT,2024,Q3,10966,48,230,0.00438,0.02097,0.43666,0.28824,18.79491,13.19428
COMPANY_259378_CAT,2024,Q4,11324,34,231,0.003,0.0204,0.36691,0.27618,18.66225,14.24499
COMPANY_259378_CAT,2025,Q1,11522,40,208,0.00347,0.01805,0.35296,0.26957,17.8008,13.25337
COMPANY_25941_CDNS,2023,Q1,11643,193,230,0.01658,0.01975,0.4327,0.31371,17.12042,11.87554
COMPANY_25941_CDNS,2023,Q2,12420,190,259,0.0153,0.02085,0.35359,0.29584,16.59854,11.95678
COMPANY_25941_CDNS,2023,Q3,11357,157,208,0.01382,0.01831,0.35346,0.31928,16.11873,11.2953
COMPANY_25941_CDNS,2023,Q4,12703,171,218,0.01346,0.01716,0.46098,0.34358,16.93902,11.25575
COMPANY_25941_CDNS,2024,Q1,11578,175,203,0.01511,0.01753,0.39186,0.32116,16.52177,11.75723
COMPANY_25941_CDNS,2024,Q2,10888,154,221,0.01414,0.0203,0.29667,0.25127,16.96327,11.30985
COMPANY_25941_CDNS,2024,Q3,11409,162,210,0.0142,0.01841,0.47349,0.35311,17.41564,11.69936
COMPANY_25941_CDNS,2024,Q4,8168,101,150,0.01237,0.01836,0.37889,0.33071,16.52669,11.86285
COMPANY_25941_CDNS,2025,Q1,8564,126,180,0.01471,0.02102,0.28841,0.31559,15.81645,11.97552
COMPANY_260334235_SYF,2023,Q1,10860,33,197,0.00304,0.01814,0.42649,0.23462,18.56377,12.30386
COMPANY_260334235_SYF,2023,Q2,12084,37,238,0.00306,0.0197,0.40124,0.294,17.78818,11.38064
COMPANY_260334235_SYF,2023,Q3,11032,39,198,0.00354,0.01795,0.31636,0.26477,17.15495,12.50797
COMPANY_260725_CTAS,2024,Q3,8704,28,149,0.00322,0.01712,0.56297,0.36104,17.67629,9.70251
COMPANY_260725_CTAS,2024,Q4,9512,45,183,0.00473,0.01924,0.46747,0.33882,16.5742,11.83162
COMPANY_260725_CTAS,2025,Q1,10220,39,206,0.00382,0.02016,0.47478,0.34597,17.99383,10.22944
COMPANY_260725_CTAS,2025,Q2,10002,20,168,0.002,0.0168,0.43509,0.32958,17.92644,10.15709
COMPANY_260725_CTAS,2025,Q3,10153,39,194,0.00384,0.01911,0.39922,0.30963,17.20798,11.23236
COMPANY_261105_CHD,2023,Q1,9658,2,165,0.00021,0.01708,0.20215,0.29506,12.72063,9.09431
COMPANY_261105_CHD,2023,Q2,10307,18,169,0.00175,0.0164,0.43302,0.30712,19.26381,8.99487
COMPANY_261105_CHD,2023,Q3,11191,7,168,0.00063,0.01501,0.23845,0.29953,14.80481,10.5727
COMPANY_261105_CHD,2023,Q4,17747,51,228,0.00287,0.01285,0.25816,0.24133,14.19864,9.50064
COMPANY_261105_CHD,2024,Q1,9648,5,142,0.00052,0.01472,0.332,0.29111,19.83508,9.44329
COMPANY_261105_CHD,2024,Q2,11422,3,198,0.00026,0.01733,0.5852,0.2579,15.39409,9.43043
COMPANY_261105_CHD,2024,Q3,12845,14,216,0.00109,0.01682,0.333,0.33445,15.41662,9.82164
COMPANY_261105_CHD,2025,Q4,22654,68,214,0.003,0.00945,0.3227,0.34519,13.79475,10.20724
COMPANY_261105_CHD,2025,Q1,12447,15,212,0.00121,0.01703,0.44986,0.23829,13.698,10.24751
COMPANY_261825_HCA,2023,Q1,8745,22,131,0.00252,0.01498,0.42954,0.24309,18.46019,11.16485
COMPANY_261825_HCA,2023,Q2,7695,20,121,0.0026,0.01572,0.58342,0.23462,18.75087,11.78735
COMPANY_261825_HCA,2023,Q3,8934,12,158,0.00134,0.01769,0.43091,0.23341,17.20128,10.78723
COMPANY_261825_HCA,2023,Q4,9756,38,141,0.0039,0.01445,0.57237,0.37226,20.67562,12.669
COMPANY_261825_HCA,2024,Q1,7697,18,107,0.00234,0.0139,0.29889,0.20033,17.67387,11.51917
COMPANY_261825_HCA,2024,Q2,8612,42,138,0.00488,0.01602,0.31585,0.19198,13.91516,10.58606
COMPANY_261825_HCA,2024,Q3,9792,36,146,0.00368,0.01491,0.4015,0.21861,19.45745,12.16129
COMPANY_261825_HCA,2024,Q4,10135,40,180,0.00395,0.01776,0.33092,0.25457,17.53713,11.3439
COMPANY_261825_HCA,2025,Q1,10213,26,173,0.00255,0.01694,0.43507,0.21579,19.50795,10.8112
COMPANY_262247_CL,2023,Q1,10910,14,134,0.00128,0.01228,0.35537,0.25869,18.40497,11.35561
COMPANY_262247_CL,2023,Q2,8530,9,106,0.00106,0.01243,0.2361,0.2473,18.86944,11.85661
COMPANY_262247_CL,2023,Q3,7550,15,80,0.00199,0.0106,0.43066,0.34918,17.73174,11.90105
COMPANY_262247_CL,2023,Q4,9443,29,160,0.00307,0.01694,0.55976,0.34454,20.17081,12.20642
COMPANY_262247_CL,2024,Q1,8064,30,97,0.00372,0.01203,0.6194,0.35184,21.26618,13.07372
COMPANY_262247_CL,2024,Q2,8879,22,120,0.00248,0.01352,0.72328,0.45675,26.77449,14.34823
COMPANY_262247_CL,2024,Q3,9974,41,122,0.00411,0.01223,0.44108,0.30389,15.88016,11.01166
COMPANY_262247_CL,2024,Q4,12354,46,144,0.00372,0.01166,0.46785,0.35512,18.59359,11.86397
COMPANY_262247_CL,2025,Q1,12095,30,170,0.00248,0.01406,0.51392,0.31086,21.23997,13.42503
COMPANY_26273_CNC,2023,Q1,12893,62,196,0.00481,0.0152,0.46993,0.36707,22.07794,14.8303
COMPANY_26273_CNC,2023,Q2,10591,23,171,0.00217,0.01615,0.43867,0.24134,21.51213,14.23208
COMPANY_26273_CNC,2023,Q3,10015,36,160,0.00359,0.01598,0.46945,0.36276,21.82501,14.21569
COMPANY_26273_CNC,2023,Q4,10115,22,160,0.00217,0.01582,0.42073,0.40568,24.44318,14.53544
COMPANY_26273_CNC,2024,Q1,10201,33,184,0.00323,0.01804,0.37725,0.26734,19.0923,12.78892
COMPANY_26273_CNC,2024,Q2,11071,29,257,0.00262,0.02321,0.48519,0.29977,20.08027,10.4915
COMPANY_26273_CNC,2024,Q3,9835,28,186,0.00285,0.01891,0.62886,0.28958,22.86851,13.37656
COMPANY_26273_CNC,2024,Q4,9444,24,159,0.00254,0.01684,0.49025,0.39652,21.2727,14.34553
COMPANY_26273_CNC,2025,Q1,10454,18,159,0.00172,0.01521,0.50706,0.23794,21.47442,12.20529
COMPANY_263609_COO,2023,Q1,10285,20,140,0.00194,0.01361,0.40066,0.3291,18.70094,9.99136
COMPANY_263609_COO,2023,Q2,10453,15,156,0.00143,0.01492,0.42461,0.22238,19.57002,10.40158
COMPANY_263609_COO,2023,Q3,9492,30,139,0.00316,0.01464,0.37223,0.31889,18.38481,10.12441
COMPANY_263609_COO,2023,Q4,9956,9,150,0.0009,0.01507,0.46974,0.30727,22.43373,10.01879
COMPANY_263609_COO,2024,Q1,10706,27,136,0.00252,0.0127,0.53433,0.30447,19.88133,10.16891
COMPANY_263609_COO,2024,Q2,10577,23,179,0.00217,0.01692,0.35965,0.25794,19.32941,9.11848
COMPANY_263609_COO,2024,Q3,10848,20,157,0.00184,0.01447,0.59996,0.33675,21.44126,10.03727
COMPANY_263609_COO,2024,Q4,10929,21,154,0.00192,0.01409,0.51497,0.24277,21.97328,9.78629
COMPANY_263609_COO,2025,Q1,12210,29,176,0.00238,0.01441,0.46735,0.30075,17.67424,8.34493
COMPANY_263765_TAP,2023,Q1,10622,15,159,0.00141,0.01497,0.45906,0.31449,17.64401,12.65652
COMPANY_263765_TAP,2023,Q2,10843,25,152,0.00231,0.01402,0.36203,0.26163,16.43116,12.17736
COMPANY_263765_TAP,2023,Q3,9441,14,119,0.00148,0.0126,0.42841,0.22555,15.46109,12.16357
COMPANY_263765_TAP,2023,Q4,11197,11,150,0.00098,0.0134,0.37655,0.32052,16.30883,12.10946
COMPANY_263765_TAP,2024,Q1,10065,13,112,0.00129,0.01113,0.37444,0.274,16.15366,12.31633
COMPANY_263765_TAP,2024,Q2,9699,26,117,0.00268,0.01206,0.33075,0.29116,17.34972,12.4565
COMPANY_263765_TAP,2024,Q3,9813,24,141,0.00245,0.01437,0.58673,0.31936,19.00084,13.57644
COMPANY_263765_TAP,2024,Q4,11328,36,170,0.00318,0.01501,0.43442,0.41292,18.85171,13.61772
COMPANY_263765_TAP,2025,Q1,12114,22,177,0.00182,0.01461,0.45866,0.34128,17.34984,14.15975
COMPANY_264048_ZBH,2023,Q1,11969,36,183,0.00301,0.01529,0.3253,0.30856,14.25517,9.82639
COMPANY_265253_CMI,2023,Q4,9834,28,197,0.00285,0.02003,0.5035,0.26852,20.40816,14.33525
COMPANY_265253_CMI,2024,Q1,8797,34,168,0.00386,0.0191,0.34707,0.22972,19.71904,13.17859
COMPANY_265253_CMI,2024,Q2,8717,19,174,0.00218,0.01996,0.25344,0.27832,19.8715,12.60403
COMPANY_265253_CMI,2024,Q3,9717,32,219,0.00329,0.02254,0.35656,0.27058,18.55073,14.08984
COMPANY_265253_CMI,2024,Q4,9761,28,210,0.00287,0.02151,0.31653,0.32539,18.74244,13.26904
COMPANY_265253_CMI,2025,Q1,10010,26,216,0.0026,0.02158,0.19531,0.19237,17.02234,13.12875
COMPANY_265621_DHR,2023,Q1,9048,26,161,0.00287,0.01779,0.53758,0.31033,19.84245,11.17279
COMPANY_265621_DHR,2023,Q2,8668,28,162,0.00323,0.01869,0.54758,0.30196,22.35151,12.71379
COMPANY_265621_DHR,2023,Q3,7674,35,136,0.00456,0.01772,0.4971,0.30173,20.17164,12.06707
COMPANY_265621_DHR,2023,Q4,9596,31,164,0.00323,0.01709,0.37668,0.30617,19.89329,12.47026
COMPANY_265621_DHR,2024,Q1,5553,17,128,0.00306,0.02305,0.44142,0.2513,19.86688,11.40969
COMPANY_265621_DHR,2024,Q2,8900,28,178,0.00315,0.02,0.3491,0.36717,19.78343,13.08374
COMPANY_265621_DHR,2024,Q3,8356,19,177,0.00227,0.02118,0.63518,0.28712,22.86262,12.15658
COMPANY_265621_DHR,2024,Q4,8341,39,152,0.00468,0.01822,0.41896,0.32689,19.76409,10.87559
COMPANY_265621_DHR,2025,Q1,9369,27,185,0.00288,0.01975,0.5181,0.25155,21.90397,11.69248
COMPANY_265777695_GDDY,2023,Q1,9054,56,121,0.00619,0.01336,0.37493,0.34138,16.31047,10.48825
COMPANY_265777695_GDDY,2023,Q2,10246,57,138,0.00556,0.01347,0.46605,0.3763,16.58676,12.51963
COMPANY_265777695_GDDY,2023,Q3,9629,61,135,0.00634,0.01402,0.42763,0.32248,16.23999,10.59778
COMPANY_265777695_GDDY,2023,Q4,10703,85,166,0.00794,0.01551,0.33168,0.3021,16.60508,10.98841
COMPANY_265777695_GDDY,2024,Q1,10644,59,153,0.00554,0.01437,0.42626,0.31399,15.84829,11.29633
COMPANY_264048_ZBH,2023,Q2,11908,37,188,0.00311,0.01579,0.40335,0.29625,15.63043,10.8548
COMPANY_264048_ZBH,2023,Q3,13005,44,179,0.00338,0.01376,0.37454,0.36664,14.68365,10.30263
COMPANY_264048_ZBH,2023,Q4,12782,19,210,0.00149,0.01643,0.60192,0.35201,17.48354,9.97182
COMPANY_264048_ZBH,2024,Q1,10725,24,159,0.00224,0.01483,0.49601,0.32431,15.77142,11.25601
COMPANY_264048_ZBH,2024,Q2,9888,49,125,0.00496,0.01264,0.33506,0.34477,14.61053,8.77707
COMPANY_264048_ZBH,2024,Q3,8146,26,124,0.00319,0.01522,0.4078,0.32396,17.51313,9.76372
COMPANY_264048_ZBH,2024,Q4,10880,31,171,0.00285,0.01572,0.4169,0.33115,17.66149,11.51364
COMPANY_264048_ZBH,2025,Q1,11518,42,202,0.00365,0.01754,0.24892,0.29087,15.75059,11.77755
COMPANY_26446_CMG,2023,Q1,12354,34,189,0.00275,0.0153,0.55273,0.32729,17.73251,10.55202
COMPANY_26446_CMG,2023,Q2,12140,31,180,0.00255,0.01483,0.51975,0.36358,17.49248,11.60748
COMPANY_26446_CMG,2023,Q3,11775,25,189,0.00212,0.01605,0.62234,0.33793,17.92245,10.45543
COMPANY_26446_CMG,2023,Q4,12228,37,146,0.00303,0.01194,0.4883,0.36434,17.86304,11.22523
COMPANY_26446_CMG,2024,Q1,11248,30,160,0.00267,0.01422,0.5963,0.31361,18.00342,11.66297
COMPANY_26446_CMG,2024,Q2,12236,34,198,0.00278,0.01618,0.40333,0.37151,16.14104,11.27723
COMPANY_26446_CMG,2024,Q3,11509,51,168,0.00443,0.0146,0.46837,0.38836,18.15668,12.03041
COMPANY_26446_CMG,2024,Q4,12107,30,184,0.00248,0.0152,0.50292,0.36194,18.255,12.37631
COMPANY_26446_CMG,2025,Q1,11586,20,172,0.00173,0.01485,0.54671,0.28053,18.00551,10.96868
COMPANY_265253_CMI,2023,Q1,9951,19,202,0.00191,0.0203,0.38958,0.3012,17.20529,12.83063
COMPANY_265253_CMI,2023,Q2,10300,20,244,0.00194,0.02369,0.47048,0.24522,17.42571,11.22472
COMPANY_265253_CMI,2023,Q3,10010,20,248,0.002,0.02478,0.59703,0.23717,19.45449,13.82516
COMPANY_266598_DTE,2024,Q4,11615,19,245,0.00164,0.02109,0.59396,0.34981,19.49542,12.31156
COMPANY_266598_DTE,2025,Q1,10288,33,219,0.00321,0.02129,0.40077,0.3274,18.05294,11.69654
COMPANY_266974_DG,2023,Q3,11287,24,182,0.00213,0.01612,0.4857,0.40692,18.71236,13.92225
COMPANY_266974_DG,2023,Q4,10507,24,177,0.00228,0.01685,0.47174,0.32243,17.733,14.00144
COMPANY_266974_DG,2024,Q1,10700,22,174,0.00206,0.01626,0.36305,0.32976,17.12268,14.00303
COMPANY_266974_DG,2024,Q2,10954,15,165,0.00137,0.01506,0.34433,0.26772,17.58912,13.52382
COMPANY_266974_DG,2024,Q3,10755,31,156,0.00288,0.0145,0.5816,0.33904,19.43781,12.49805
COMPANY_266974_DG,2024,Q4,10876,43,151,0.00395,0.01388,0.46819,0.3582,18.9645,13.79205
COMPANY_267105_D,2023,Q1,5272,14,104,0.00266,0.01973,0.45923,0.30496,20.36443,13.17881
COMPANY_267105_D,2023,Q2,4987,6,82,0.0012,0.01644,0.38985,0.35294,18.32534,13.35274
COMPANY_267105_D,2023,Q3,8967,22,168,0.00245,0.01874,0.33905,0.31983,24.63899,16.91522
COMPANY_267105_D,2023,Q4,9795,10,182,0.00102,0.01858,0.22772,0.2166,18.05685,12.4338
COMPANY_267105_D,2024,Q1,7015,25,131,0.00356,0.01867,0.42278,0.24202,17.89951,13.39044
COMPANY_267105_D,2024,Q2,6712,21,136,0.00313,0.02026,0.44797,0.32663,18.01759,14.49463
COMPANY_267105_D,2024,Q3,9774,34,188,0.00348,0.01923,0.24416,0.25837,17.50225,13.08198
COMPANY_267105_D,2024,Q4,8141,34,156,0.00418,0.01916,0.32573,0.2859,17.54833,14.22206
COMPANY_267105_D,2025,Q1,7155,11,151,0.00154,0.0211,0.36189,0.2808,15.7665,11.5265
COMPANY_267850_DUK,2023,Q1,5765,8,121,0.00139,0.02099,0.47732,0.44617,17.61579,12.40206
COMPANY_267850_DUK,2023,Q2,5761,10,97,0.00174,0.01684,0.39819,0.31545,18.7318,13.21605
COMPANY_267850_DUK,2023,Q3,6210,16,132,0.00258,0.02126,0.49278,0.33063,17.61866,13.20312
COMPANY_26642_KO,2024,Q2,9588,42,131,0.00438,0.01366,0.47669,0.33172,19.52725,13.1758
COMPANY_26642_KO,2024,Q3,10524,56,163,0.00532,0.01549,0.33878,0.319,19.01812,13.04257
COMPANY_26642_KO,2024,Q4,10060,54,209,0.00537,0.02078,0.4321,0.31919,19.50844,14.24841
COMPANY_26642_KO,2025,Q1,11586,60,202,0.00518,0.01743,0.4012,0.28087,17.96591,12.66982
COMPANY_266510_DVN,2023,Q1,11687,33,210,0.00282,0.01797,0.54587,0.4059,16.95501,11.45059
COMPANY_266510_DVN,2023,Q2,11568,18,203,0.00156,0.01755,0.48572,0.42363,17.87424,12.44529
COMPANY_266510_DVN,2023,Q3,11754,33,209,0.00281,0.01778,0.36249,0.33005,17.89858,10.61226
COMPANY_266510_DVN,2023,Q4,12233,30,196,0.00245,0.01602,0.45795,0.35942,18.24219,11.68539
COMPANY_266510_DVN,2024,Q1,10872,27,186,0.00248,0.01711,0.532,0.38558,16.77446,12.96665
COMPANY_266510_DVN,2024,Q2,11629,20,231,0.00172,0.01986,0.42001,0.39098,18.19192,11.79448
COMPANY_266510_DVN,2024,Q3,11155,25,193,0.00224,0.0173,0.43492,0.31594,17.31223,11.76181
COMPANY_266510_DVN,2024,Q4,11383,36,203,0.00316,0.01783,0.5021,0.35781,16.45042,11.45613
COMPANY_266510_DVN,2025,Q1,11119,50,216,0.0045,0.01943,0.46293,0.43462,17.92019,12.87464
COMPANY_266598_DTE,2023,Q1,8683,49,190,0.00564,0.02188,0.30131,0.25969,17.60124,11.45776
COMPANY_266598_DTE,2023,Q2,7135,18,148,0.00252,0.02074,0.45316,0.29724,17.47098,12.07949
COMPANY_266598_DTE,2023,Q3,9876,13,218,0.00132,0.02207,0.52034,0.22065,20.38146,12.21606
COMPANY_266598_DTE,2023,Q4,9648,30,233,0.00311,0.02415,0.44328,0.32001,18.95171,12.49844
COMPANY_266598_DTE,2024,Q1,8931,30,154,0.00336,0.01724,0.48013,0.31654,18.96218,14.21359
COMPANY_266598_DTE,2024,Q2,9805,31,193,0.00316,0.01968,0.4313,0.36473,19.02397,14.25378
COMPANY_266598_DTE,2024,Q3,10384,34,274,0.00327,0.02639,0.44417,0.29564,19.3724,12.5116
COMPANY_265777695_GDDY,2024,Q2,8639,35,144,0.00405,0.01667,0.42545,0.27597,17.35707,10.25095
COMPANY_265777695_GDDY,2024,Q3,10615,62,172,0.00584,0.0162,0.493,0.30842,18.15843,11.51347
COMPANY_265777695_GDDY,2024,Q4,11293,82,189,0.00726,0.01674,0.39577,0.2875,15.31727,10.12454
COMPANY_265777695_GDDY,2025,Q1,10232,66,144,0.00645,0.01407,0.43649,0.3143,16.47602,11.55635
COMPANY_266017_DELL,2023,Q1,11231,73,239,0.0065,0.02128,0.39435,0.23874,17.86834,12.27977
COMPANY_266017_DELL,2023,Q2,11854,67,257,0.00565,0.02168,0.35667,0.23778,19.25097,11.91582
COMPANY_266017_DELL,2023,Q3,10791,40,230,0.00371,0.02131,0.3171,0.21529,18.00263,12.6574
COMPANY_266017_DELL,2023,Q4,9516,28,225,0.00294,0.02364,0.41981,0.2064,18.23946,12.10428
COMPANY_266017_DELL,2024,Q1,9377,49,182,0.00523,0.01941,0.48604,0.24605,17.3107,11.47477
COMPANY_266017_DELL,2024,Q2,9687,69,189,0.00712,0.01951,0.47619,0.24739,18.97284,12.19997
COMPANY_266017_DELL,2024,Q3,9706,49,223,0.00505,0.02298,0.42383,0.17631,16.67313,10.07907
COMPANY_266017_DELL,2024,Q4,10074,63,209,0.00625,0.02075,0.44245,0.29464,19.86269,11.32021
COMPANY_266017_DELL,2025,Q1,9870,74,220,0.0075,0.02229,0.37023,0.23,17.42056,10.33277
COMPANY_266017_DELL,2025,Q2,10529,69,206,0.00655,0.01957,0.4805,0.29132,18.25932,11.04527
COMPANY_266017_DELL,2025,Q3,10036,105,256,0.01046,0.02551,0.40224,0.287,18.31239,10.90376
COMPANY_266017_DELL,2025,Q4,10023,87,200,0.00868,0.01995,0.34543,0.30626,18.15421,11.55833
COMPANY_266112_DE,2023,Q1,11560,35,273,0.00303,0.02362,0.4751,0.24241,18.40574,11.16672
COMPANY_266112_DE,2023,Q2,10881,36,298,0.00331,0.02739,0.52203,0.31529,18.65902,13.29511
COMPANY_266112_DE,2023,Q3,11046,61,266,0.00552,0.02408,0.35625,0.23491,16.96765,14.55178
COMPANY_266112_DE,2023,Q4,10642,48,245,0.00451,0.02302,0.45242,0.25186,18.54872,13.77656
COMPANY_267850_DUK,2023,Q4,7259,20,193,0.00276,0.02659,0.33151,0.39773,16.61498,11.50751
COMPANY_267850_DUK,2024,Q1,6014,16,147,0.00266,0.02444,0.42359,0.34448,19.88151,12.94796
COMPANY_267850_DUK,2024,Q2,6926,18,148,0.0026,0.02137,0.40609,0.38912,18.72318,14.42854
COMPANY_267850_DUK,2024,Q3,8461,14,196,0.00165,0.02317,0.23798,0.31238,16.8161,10.73049
COMPANY_267850_DUK,2024,Q4,7804,31,202,0.00397,0.02588,0.54625,0.32805,18.75683,12.79901
COMPANY_267850_DUK,2025,Q1,4642,21,109,0.00452,0.02348,0.43938,0.32284,18.20874,13.1832
COMPANY_268363_RVTY,2023,Q1,11134,26,182,0.00234,0.01635,0.36207,0.24172,18.68312,11.8701
COMPANY_268363_RVTY,2023,Q2,11701,19,201,0.00162,0.01718,0.27103,0.25731,18.85793,11.83145
COMPANY_268363_RVTY,2023,Q3,10680,11,180,0.00103,0.01685,0.46342,0.27914,19.21836,11.03928
COMPANY_268363_RVTY,2023,Q4,10228,39,171,0.00381,0.01672,0.41751,0.33209,20.92138,13.63644
COMPANY_268363_RVTY,2024,Q1,10498,20,167,0.00191,0.01591,0.40182,0.2077,20.43824,12.8039
COMPANY_268363_RVTY,2024,Q2,10815,19,210,0.00176,0.01942,0.31646,0.25188,18.15032,11.1605
COMPANY_268363_RVTY,2024,Q3,11043,20,213,0.00181,0.01929,0.56753,0.37564,20.31545,14.48592
COMPANY_268363_RVTY,2024,Q4,11187,23,203,0.00206,0.01815,0.30349,0.22495,20.64179,12.60637
COMPANY_268363_RVTY,2025,Q1,10042,24,178,0.00239,0.01773,0.38204,0.2865,18.10381,12.98105
COMPANY_268799_ECL,2023,Q1,11867,24,156,0.00202,0.01315,0.50601,0.33801,19.46093,10.79399
COMPANY_268799_ECL,2023,Q2,9973,41,142,0.00411,0.01424,0.49851,0.3302,19.41007,11.58302
COMPANY_268799_ECL,2023,Q3,8743,33,103,0.00377,0.01178,0.61766,0.37202,20.13162,12.08974
COMPANY_268799_ECL,2023,Q4,8990,19,117,0.00211,0.01301,0.48943,0.31605,17.36359,11.28435
COMPANY_268799_ECL,2024,Q1,9029,51,114,0.00565,0.01263,0.35698,0.31298,17.70618,12.32399
COMPANY_266112_DE,2024,Q1,11440,96,274,0.00839,0.02395,0.42851,0.25166,18.65232,13.35812
COMPANY_266112_DE,2024,Q2,9831,32,259,0.00326,0.02635,0.49061,0.22283,17.56564,12.65587
COMPANY_266112_DE,2024,Q3,10676,37,291,0.00347,0.02726,0.5798,0.26086,20.06297,14.64947
COMPANY_266112_DE,2024,Q4,11326,59,256,0.00521,0.0226,0.38743,0.25087,19.13489,13.28453
COMPANY_266112_DE,2025,Q1,12576,38,270,0.00302,0.02147,0.41461,0.20965,18.85763,12.07112
COMPANY_266112_DE,2025,Q2,10630,74,235,0.00696,0.02211,0.46004,0.24428,18.91717,13.51288
COMPANY_266311_DAL,2023,Q1,11853,34,205,0.00287,0.0173,0.29994,0.23149,16.90374,13.25803
COMPANY_266311_DAL,2023,Q2,8259,18,143,0.00218,0.01731,0.47782,0.21757,18.93395,11.71505
COMPANY_266311_DAL,2023,Q3,11467,34,216,0.00297,0.01884,0.43801,0.26984,18.17086,11.28885
COMPANY_266311_DAL,2023,Q4,12085,39,220,0.00323,0.0182,0.4546,0.32512,17.93615,11.93558
COMPANY_266311_DAL,2024,Q1,10083,24,178,0.00238,0.01765,0.40789,0.32202,18.0675,11.13299
COMPANY_266311_DAL,2024,Q2,10847,31,172,0.00286,0.01586,0.42059,0.33827,18.06119,11.02249
COMPANY_266311_DAL,2024,Q3,10554,38,207,0.0036,0.01961,0.31744,0.31586,15.93182,11.64932
COMPANY_266311_DAL,2024,Q4,11238,30,182,0.00267,0.0162,0.35608,0.29184,16.1286,11.23034
COMPANY_266311_DAL,2025,Q1,10974,25,222,0.00228,0.02023,0.32471,0.23783,21.53056,12.08196
COMPANY_26642_KO,2023,Q1,9430,39,155,0.00414,0.01644,0.51792,0.30558,18.05759,13.06238
COMPANY_26642_KO,2023,Q2,9842,51,149,0.00518,0.01514,0.39573,0.26317,18.86382,13.03862
COMPANY_26642_KO,2023,Q3,9364,48,157,0.00513,0.01677,0.41947,0.3282,18.34669,13.81203
COMPANY_26642_KO,2023,Q4,11043,59,169,0.00534,0.0153,0.48985,0.30929,18.6959,12.6633
COMPANY_26642_KO,2024,Q1,9349,40,129,0.00428,0.0138,0.47584,0.28293,16.06605,11.71916
COMPANY_269660_EOG,2024,Q3,11189,41,183,0.00366,0.01636,0.46754,0.32355,18.80886,13.26791
COMPANY_269660_EOG,2024,Q4,10943,43,170,0.00393,0.01554,0.48195,0.36749,21.22428,12.91007
COMPANY_269660_EOG,2025,Q1,10986,27,169,0.00246,0.01538,0.53601,0.40618,20.74205,13.17578
COMPANY_269764_ETR,2023,Q1,7398,23,110,0.00311,0.01487,0.32751,0.27376,19.08491,13.51558
COMPANY_269764_ETR,2023,Q2,6454,12,131,0.00186,0.0203,0.22633,0.27531,16.0541,15.04529
COMPANY_269764_ETR,2023,Q3,8273,15,198,0.00181,0.02393,0.3649,0.30509,19.74209,12.98091
COMPANY_269764_ETR,2023,Q4,5822,10,102,0.00172,0.01752,0.51399,0.31391,19.43485,13.21366
COMPANY_269764_ETR,2024,Q1,7663,18,147,0.00235,0.01918,0.47414,0.23641,19.13981,13.04107
COMPANY_269764_ETR,2024,Q2,7782,14,173,0.0018,0.02223,0.55118,0.29277,19.9223,11.75567
COMPANY_269764_ETR,2024,Q3,10570,29,212,0.00274,0.02006,0.45566,0.33701,18.71234,11.96344
COMPANY_269764_ETR,2024,Q4,8134,17,198,0.00209,0.02434,0.26122,0.31637,15.10805,11.42887
COMPANY_269764_ETR,2025,Q1,8942,15,212,0.00168,0.02371,0.27671,0.20053,16.57384,12.85958
COMPANY_269924_EQT,2023,Q3,12856,53,279,0.00412,0.0217,0.47774,0.39487,19.94955,15.65871
COMPANY_269924_EQT,2023,Q4,12903,43,288,0.00333,0.02232,0.47586,0.29539,19.51149,13.91761
COMPANY_269924_EQT,2024,Q1,10190,31,204,0.00304,0.02002,0.37716,0.26686,18.77472,13.59873
COMPANY_269924_EQT,2024,Q2,11160,33,263,0.00296,0.02357,0.32327,0.31236,18.98551,15.14054
COMPANY_269924_EQT,2024,Q3,10245,29,212,0.00283,0.02069,0.36422,0.30029,19.37256,13.52246
COMPANY_269924_EQT,2024,Q4,11835,24,234,0.00203,0.01977,0.33498,0.28093,18.81261,12.8282
COMPANY_269924_EQT,2025,Q1,11500,30,236,0.00261,0.02052,0.47666,0.32767,18.09064,13.05458
COMPANY_27023_CPRT,2023,Q1,6067,22,138,0.00363,0.02275,0.30008,0.2098,19.00064,13.17735
COMPANY_27023_CPRT,2023,Q2,5848,25,119,0.00427,0.02035,0.36306,0.27093,20.91591,10.66918
COMPANY_27023_CPRT,2023,Q3,7008,31,118,0.00442,0.01684,0.31581,0.30372,19.71901,9.89459
COMPANY_27023_CPRT,2023,Q4,8444,33,120,0.00391,0.01421,0.34606,0.25191,20.66677,11.53348
COMPANY_27023_CPRT,2024,Q1,8305,46,153,0.00554,0.01842,0.29793,0.27833,18.22812,11.46205
COMPANY_27023_CPRT,2024,Q2,6071,29,99,0.00478,0.01631,0.38185,0.27744,17.82187,11.46484
COMPANY_27023_CPRT,2024,Q3,6623,28,94,0.00423,0.01419,0.41988,0.2826,20.35805,13.05247
COMPANY_27023_CPRT,2024,Q4,7278,24,118,0.0033,0.01621,0.29965,0.2968,18.6225,10.80016
COMPANY_27023_CPRT,2025,Q1,7208,25,104,0.00347,0.01443,0.24284,0.2525,20.63474,12.3867
COMPANY_27023_CPRT,2025,Q2,6857,19,101,0.00277,0.01473,0.31295,0.24375,18.28632,11.42312
COMPANY_270427_FICO,2023,Q1,6487,39,127,0.00601,0.01958,0.42682,0.22218,14.7916,9.92008
COMPANY_270427_FICO,2023,Q2,6236,33,113,0.00529,0.01812,0.37481,0.22015,15.54298,10.25352
COMPANY_270427_FICO,2023,Q3,6724,36,119,0.00535,0.0177,0.43434,0.20868,13.38369,10.03311
COMPANY_270427_FICO,2023,Q4,5512,35,91,0.00635,0.01651,0.27018,0.25909,14.09839,9.5296
COMPANY_270427_FICO,2024,Q1,7444,37,124,0.00497,0.01666,0.3283,0.21798,15.21414,9.78577
COMPANY_270427_FICO,2024,Q2,6010,32,112,0.00532,0.01864,0.29313,0.21595,13.42198,10.38224
COMPANY_270427_FICO,2024,Q3,6452,42,134,0.00651,0.02077,0.34637,0.25431,12.37089,9.68941
COMPANY_270427_FICO,2024,Q4,8871,81,146,0.00913,0.01646,0.2638,0.25707,16.12106,9.72414
COMPANY_270427_FICO,2025,Q1,9194,48,179,0.00522,0.01947,0.24055,0.21653,14.30382,8.57999
COMPANY_270427_FICO,2025,Q2,7740,49,174,0.00633,0.02248,0.2106,0.21163,15.18347,9.48245
COMPANY_270586_NEE,2023,Q1,9403,23,169,0.00245,0.01797,0.63528,0.35984,22.69525,16.08472
COMPANY_268799_ECL,2024,Q2,10112,52,114,0.00514,0.01127,0.39443,0.37375,19.1774,11.29747
COMPANY_268799_ECL,2024,Q3,10932,32,152,0.00293,0.0139,0.56256,0.37125,17.86957,12.58288
COMPANY_268799_ECL,2024,Q4,10822,43,137,0.00397,0.01266,0.37564,0.26658,15.85439,9.75413
COMPANY_268799_ECL,2025,Q1,10714,48,146,0.00448,0.01363,0.43016,0.35202,17.28701,11.5283
COMPANY_2689126_FTNT,2023,Q1,11233,90,223,0.00801,0.01985,0.53285,0.34827,19.75848,12.51604
COMPANY_2689126_FTNT,2023,Q2,10906,106,217,0.00972,0.0199,0.58276,0.3476,19.64714,12.32708
COMPANY_2689126_FTNT,2023,Q3,10093,87,179,0.00862,0.01774,0.44441,0.29594,18.29357,11.89591
COMPANY_2689126_FTNT,2023,Q4,11036,99,201,0.00897,0.01821,0.538,0.36147,19.63249,12.97296
COMPANY_2689126_FTNT,2024,Q1,11037,74,223,0.0067,0.0202,0.54724,0.33388,20.14879,12.09271
COMPANY_2689126_FTNT,2024,Q2,10547,107,206,0.01015,0.01953,0.54858,0.28468,19.1358,12.61413
COMPANY_2689126_FTNT,2024,Q3,9998,86,166,0.0086,0.0166,0.52789,0.35515,18.57596,10.79247
COMPANY_2689126_FTNT,2024,Q4,10624,77,178,0.00725,0.01675,0.43251,0.3228,18.27548,10.53598
COMPANY_2689126_FTNT,2025,Q1,10190,93,187,0.00913,0.01835,0.45938,0.32197,17.21459,11.41737
COMPANY_26893_CAG,2023,Q1,10543,2,191,0.00019,0.01812,0.33435,0.24944,21.73939,11.86124
COMPANY_26893_CAG,2023,Q2,11378,7,187,0.00062,0.01644,0.33207,0.29807,16.96862,13.18106
COMPANY_26893_CAG,2023,Q3,10550,14,187,0.00133,0.01773,0.37213,0.25885,17.28525,13.7528
COMPANY_26893_CAG,2023,Q4,10558,6,194,0.00057,0.01837,0.63282,0.26934,19.50098,13.54573
COMPANY_26893_CAG,2024,Q1,9800,5,164,0.00051,0.01673,0.19342,0.30217,19.25843,13.23737
COMPANY_26893_CAG,2024,Q2,10077,2,156,0.0002,0.01548,0.3243,0.28914,17.78788,13.65274
COMPANY_26893_CAG,2024,Q3,5646,2,84,0.00035,0.01488,-0.11315,0.1929,21.2706,14.17546
COMPANY_26893_CAG,2024,Q4,3806,1,48,0.00026,0.01261,0.8221,0.3783,16.02105,16.60299
COMPANY_26893_CAG,2025,Q1,3780,6,50,0.00159,0.01323,0.48228,0.23643,20.5097,17.50866
COMPANY_26893_CAG,2025,Q2,3325,3,30,0.0009,0.00902,0.255,0.35562,17.57778,15.25243
COMPANY_26893_CAG,2025,Q3,6734,4,108,0.00059,0.01604,0.36873,0.25917,14.60679,11.86468
COMPANY_269231_EMR,2023,Q1,10148,37,229,0.00365,0.02257,0.35172,0.29973,18.66441,9.52233
COMPANY_269231_EMR,2023,Q2,9426,62,160,0.00658,0.01697,0.4628,0.29141,18.81092,14.25672
COMPANY_269231_EMR,2023,Q3,9656,89,178,0.00922,0.01843,0.47848,0.38305,19.21627,12.29212
COMPANY_269231_EMR,2023,Q4,8942,92,183,0.01029,0.02047,0.38943,0.29634,19.24921,12.05322
COMPANY_269231_EMR,2024,Q1,9261,53,208,0.00572,0.02246,0.43485,0.29238,21.02293,11.04864
COMPANY_269231_EMR,2024,Q2,8563,55,189,0.00642,0.02207,0.33476,0.29396,18.69123,12.78834
COMPANY_269231_EMR,2024,Q3,8945,59,219,0.0066,0.02448,0.27418,0.30418,18.96482,10.75566
COMPANY_269231_EMR,2024,Q4,9375,114,215,0.01216,0.02293,0.4788,0.35985,22.05364,14.71902
COMPANY_269231_EMR,2025,Q1,8735,67,181,0.00767,0.02072,0.50373,0.41012,19.27966,11.74393
COMPANY_269231_EMR,2025,Q2,7467,35,147,0.00469,0.01969,0.23968,0.27677,19.0889,13.42892
COMPANY_269660_EOG,2023,Q1,10859,54,160,0.00497,0.01473,0.40355,0.34187,17.53528,11.45314
COMPANY_269660_EOG,2023,Q2,9272,44,137,0.00475,0.01478,0.47905,0.34377,20.00636,12.27158
COMPANY_269660_EOG,2023,Q3,10942,55,211,0.00503,0.01928,0.39213,0.33357,18.17522,12.54062
COMPANY_269660_EOG,2023,Q4,11260,56,184,0.00497,0.01634,0.33939,0.32554,17.71422,11.48936
COMPANY_269660_EOG,2024,Q1,11665,51,191,0.00437,0.01637,0.32205,0.3653,17.05879,12.99255
COMPANY_269660_EOG,2024,Q2,11947,39,173,0.00326,0.01448,0.29076,0.31672,17.83751,12.95391
COMPANY_270586_NEE,2023,Q2,9722,28,169,0.00288,0.01738,0.43559,0.37624,19.17146,15.35198
COMPANY_270586_NEE,2023,Q3,9774,25,193,0.00256,0.01975,0.51687,0.38356,21.05383,14.96704
COMPANY_270586_NEE,2023,Q4,8800,27,153,0.00307,0.01739,0.48455,0.41235,21.18001,16.41863
COMPANY_270586_NEE,2024,Q1,8737,47,141,0.00538,0.01614,0.5709,0.39519,19.93808,14.76749
COMPANY_270586_NEE,2024,Q2,10084,33,177,0.00327,0.01755,0.48368,0.33871,20.40391,15.64863
COMPANY_270586_NEE,2024,Q3,9422,34,172,0.00361,0.01826,0.29696,0.31367,17.57927,14.35628
COMPANY_270586_NEE,2024,Q4,10217,43,201,0.00421,0.01967,0.29099,0.32417,19.06222,14.85363
COMPANY_270586_NEE,2025,Q1,9237,45,165,0.00487,0.01786,0.39503,0.26482,16.0269,13.96865
COMPANY_270747_FAST,2023,Q1,11880,22,224,0.00185,0.01886,0.36643,0.22853,15.30407,11.24187
COMPANY_270747_FAST,2023,Q2,11021,41,189,0.00372,0.01715,0.33642,0.19401,15.75084,13.78728
COMPANY_270747_FAST,2023,Q3,10716,38,176,0.00355,0.01642,0.20852,0.21839,15.29955,11.46869
COMPANY_270747_FAST,2023,Q4,11209,33,139,0.00294,0.0124,0.3447,0.21977,16.48201,12.71799
COMPANY_270747_FAST,2024,Q1,10681,21,179,0.00197,0.01676,0.30626,0.24996,17.646,12.05671
COMPANY_270747_FAST,2024,Q2,10878,32,162,0.00294,0.01489,0.31418,0.29204,17.02016,12.1599
COMPANY_270747_FAST,2024,Q3,11548,42,167,0.00364,0.01446,0.26688,0.23328,14.66149,11.91427
COMPANY_270747_FAST,2024,Q4,11150,37,133,0.00332,0.01193,0.37907,0.28376,17.04179,11.39697
COMPANY_270747_FAST,2025,Q1,10718,39,185,0.00364,0.01726,0.23037,0.15186,15.55994,11.5304
COMPANY_270961_FITB,2023,Q1,11292,31,246,0.00275,0.02179,0.3197,0.27361,19.0884,14.07264
COMPANY_270961_FITB,2023,Q2,10005,23,187,0.0023,0.01869,0.33755,0.22303,20.16199,14.32453
COMPANY_270961_FITB,2023,Q3,10980,13,186,0.00118,0.01694,0.44099,0.29644,19.18624,14.38967
COMPANY_270961_FITB,2023,Q4,10165,15,201,0.00148,0.01977,0.45952,0.27435,17.34225,13.52485
COMPANY_270961_FITB,2024,Q1,11415,25,192,0.00219,0.01682,0.3369,0.3206,18.89073,12.27672
COMPANY_270961_FITB,2024,Q2,10895,15,223,0.00138,0.02047,0.40418,0.30732,20.61219,12.53268
COMPANY_270961_FITB,2024,Q3,11119,16,205,0.00144,0.01844,0.39041,0.3151,19.80328,13.01995
COMPANY_270961_FITB,2024,Q4,11176,28,206,0.00251,0.01843,0.49639,0.31673,16.50176,11.11163
COMPANY_270961_FITB,2025,Q1,11132,20,187,0.0018,0.0168,0.30151,0.21454,18.35924,11.57458
COMPANY_271305_FRT,2023,Q1,7975,1,122,0.00013,0.0153,0.5709,0.19851,24.67368,11.65885
COMPANY_271305_FRT,2023,Q2,7965,6,119,0.00075,0.01494,0.5323,0.27113,19.51472,11.07642
COMPANY_271305_FRT,2023,Q3,8018,4,127,0.0005,0.01584,0.284,0.22903,13.99141,10.49471
COMPANY_271305_FRT,2023,Q4,9593,5,165,0.00052,0.0172,0.33932,0.31737,20.8009,12.0301
COMPANY_271305_FRT,2024,Q1,7957,1,110,0.00013,0.01382,0.8221,0.34499,18.09231,11.64018
COMPANY_271305_FRT,2024,Q2,9723,4,148,0.00041,0.01522,0.7078,0.26583,19.25023,11.96058
COMPANY_271305_FRT,2024,Q3,7818,3,120,0.00038,0.01535,0.86517,0.30345,25.32343,12.365
COMPANY_271305_FRT,2024,Q4,9803,10,241,0.00102,0.02458,0.51304,0.22652,18.54677,9.92718
COMPANY_271305_FRT,2025,Q1,9528,6,165,0.00063,0.01732,0.06065,0.26068,17.99909,11.06238
COMPANY_271409_RF,2023,Q1,10272,17,184,0.00165,0.01791,0.29863,0.19654,16.74758,11.8445
COMPANY_271409_RF,2023,Q2,9133,29,170,0.00318,0.01861,0.34968,0.26012,16.08272,10.37981
COMPANY_271409_RF,2023,Q3,9105,10,188,0.0011,0.02065,0.42351,0.23652,18.66025,10.59411
COMPANY_271409_RF,2023,Q4,9675,20,197,0.00207,0.02036,0.21717,0.25929,16.73802,9.96624
COMPANY_271409_RF,2024,Q1,7420,3,150,0.0004,0.02022,-0.05683,0.1949,15.98788,10.59729
COMPANY_271409_RF,2024,Q2,8950,15,181,0.00168,0.02022,0.26512,0.24198,16.04763,11.43021
COMPANY_271409_RF,2024,Q3,5953,12,137,0.00202,0.02301,0.50244,0.28576,17.3835,10.47612
COMPANY_271409_RF,2024,Q4,9535,41,173,0.0043,0.01814,0.32941,0.27127,14.59607,10.70965
COMPANY_271409_RF,2025,Q1,7177,6,149,0.00084,0.02076,0.4245,0.25975,17.87652,12.26679
COMPANY_27198_CCI,2023,Q1,12468,90,218,0.00722,0.01748,0.38654,0.31776,18.22719,12.06846
COMPANY_27198_CCI,2023,Q2,11459,39,252,0.0034,0.02199,0.35606,0.23534,19.04706,11.71633
COMPANY_27198_CCI,2023,Q3,10784,60,173,0.00556,0.01604,0.41192,0.33055,18.97847,12.33339
COMPANY_27198_CCI,2023,Q4,8652,33,159,0.00381,0.01838,0.53864,0.29589,19.72664,10.5292
COMPANY_27198_CCI,2024,Q1,8816,39,185,0.00442,0.02098,0.45129,0.30766,19.52821,12.04719
COMPANY_27198_CCI,2024,Q2,11136,41,198,0.00368,0.01778,0.44219,0.27677,17.10329,10.94383
COMPANY_27198_CCI,2024,Q3,10608,77,165,0.00726,0.01555,0.46696,0.33109,19.71209,13.03461
COMPANY_27198_CCI,2024,Q4,9437,32,142,0.00339,0.01505,0.65589,0.41477,20.06339,12.14001
COMPANY_27198_CCI,2025,Q1,8816,27,154,0.00306,0.01747,0.50325,0.36049,18.6076,11.60457
COMPANY_272285_MTB,2023,Q1,13047,4,182,0.00031,0.01395,0.47893,0.19757,16.57162,11.14882
COMPANY_272285_MTB,2023,Q2,11915,10,203,0.00084,0.01704,0.54395,0.25726,17.73542,9.67581
COMPANY_272285_MTB,2023,Q3,9052,18,141,0.00199,0.01558,0.3358,0.28884,15.44953,11.5779
COMPANY_272285_MTB,2023,Q4,12245,17,221,0.00139,0.01805,0.36611,0.21561,15.00305,10.56809
COMPANY_272285_MTB,2024,Q1,10902,4,195,0.00037,0.01789,0.1638,0.23764,14.08715,9.8352
COMPANY_272285_MTB,2024,Q2,9326,8,134,0.00086,0.01437,0.25842,0.23388,16.16199,9.63745
COMPANY_272285_MTB,2024,Q3,9629,7,160,0.00073,0.01662,0.32093,0.29379,14.02629,9.7045
COMPANY_272285_MTB,2024,Q4,10449,23,147,0.0022,0.01407,0.24091,0.27172,15.80842,12.58913
COMPANY_272285_MTB,2025,Q1,9648,10,173,0.00104,0.01793,0.395,0.2346,20.23546,10.75854
COMPANY_27306532_PSX,2023,Q1,9615,26,190,0.0027,0.01976,0.35468,0.28627,15.54404,10.32209
COMPANY_27306532_PSX,2023,Q2,10395,35,202,0.00337,0.01943,0.38916,0.30391,17.0873,10.30825
COMPANY_27306532_PSX,2023,Q3,9710,30,190,0.00309,0.01957,0.32768,0.25581,17.02464,9.56272
COMPANY_27306532_PSX,2023,Q4,8910,17,185,0.00191,0.02076,0.36754,0.24568,18.03811,10.92483
COMPANY_27306532_PSX,2024,Q1,10164,27,212,0.00266,0.02086,0.2462,0.26123,15.67545,11.9432
COMPANY_27306532_PSX,2024,Q2,9133,26,175,0.00285,0.01916,0.41125,0.29989,15.75774,10.92115
COMPANY_27306532_PSX,2024,Q3,9580,21,206,0.00219,0.0215,0.3943,0.28683,16.2283,10.51079
COMPANY_27306532_PSX,2024,Q4,10511,34,233,0.00323,0.02217,0.42991,0.295,14.64595,10.95738
COMPANY_27306532_PSX,2025,Q1,10592,35,193,0.0033,0.01822,0.26793,0.28721,16.24738,10.94913
COMPANY_273607_FCX,2023,Q1,11031,46,198,0.00417,0.01795,0.36513,0.2586,17.74717,12.67776
COMPANY_273607_FCX,2023,Q2,9153,21,143,0.00229,0.01562,0.38496,0.27007,19.82553,12.98346
COMPANY_273607_FCX,2023,Q3,9805,21,149,0.00214,0.0152,0.36569,0.24267,20.12867,12.84501
COMPANY_273607_FCX,2023,Q4,12177,35,177,0.00287,0.01454,0.3021,0.20183,18.04831,13.93727
COMPANY_273607_FCX,2024,Q1,9770,16,153,0.00164,0.01566,0.39344,0.25311,16.93172,12.39593
COMPANY_273607_FCX,2024,Q2,11697,51,196,0.00436,0.01676,0.35772,0.27664,19.81769,12.26386
COMPANY_273607_FCX,2024,Q3,9442,24,142,0.00254,0.01504,0.43367,0.21175,19.39564,14.06275
COMPANY_273607_FCX,2024,Q4,11261,28,187,0.00249,0.01661,0.49667,0.33253,18.55465,11.35016
COMPANY_273607_FCX,2025,Q1,10215,34,178,0.00333,0.01743,0.39656,0.26589,18.2569,12.29515
COMPANY_274561_GD,2023,Q3,9717,18,188,0.00185,0.01935,0.39941,0.241,26.13564,13.11297
COMPANY_274561_GD,2023,Q4,8768,9,184,0.00103,0.02099,0.41171,0.32418,15.07497,12.75587
COMPANY_274561_GD,2024,Q1,7625,4,177,0.00052,0.02321,0.68348,0.15958,16.88562,9.48863
COMPANY_274561_GD,2024,Q2,8564,4,214,0.00047,0.02499,0.46692,0.24121,15.17817,8.60859
COMPANY_274561_GD,2024,Q3,8854,10,196,0.00113,0.02214,0.3327,0.27888,13.5788,10.56667
COMPANY_274561_GD,2025,Q1,8727,23,202,0.00264,0.02315,0.48004,0.29814,19.17246,9.55244
COMPANY_274715_GIS,2023,Q1,7104,0,162,0.0,0.0228,,0.22943,,11.2894
COMPANY_274715_GIS,2023,Q2,12291,40,196,0.00325,0.01595,0.47573,0.2702,18.35002,13.69619
COMPANY_274715_GIS,2023,Q3,6478,12,111,0.00185,0.01713,0.24724,0.23672,15.63044,11.00635
COMPANY_274715_GIS,2023,Q4,8510,13,184,0.00153,0.02162,0.51341,0.32457,16.32699,11.43487
COMPANY_274715_GIS,2024,Q1,6253,11,113,0.00176,0.01807,0.16278,0.22956,15.58878,10.3953
COMPANY_274715_GIS,2024,Q2,7011,3,138,0.00043,0.01968,0.5818,0.20524,23.54991,11.06503
COMPANY_274715_GIS,2024,Q3,7944,2,142,0.00025,0.01788,0.57025,0.29419,16.64286,10.50218
COMPANY_274715_GIS,2024,Q4,7862,5,126,0.00064,0.01603,0.27124,0.27599,14.6193,11.05165
COMPANY_274715_GIS,2025,Q1,6936,2,125,0.00029,0.01802,0.0,0.29174,14.9395,10.61935
COMPANY_274715_GIS,2025,Q2,4358,7,47,0.00161,0.01078,0.4719,0.35393,19.58399,15.447
COMPANY_274715_GIS,2025,Q3,6887,1,86,0.00015,0.01249,0.0,0.2085,12.43636,11.96014
COMPANY_275034_GPC,2023,Q1,10442,44,175,0.00421,0.01676,0.49815,0.31034,18.13597,11.94725
COMPANY_275034_GPC,2023,Q2,11058,33,157,0.00298,0.0142,0.47658,0.33291,18.55514,12.78411
COMPANY_275034_GPC,2023,Q3,11335,35,192,0.00309,0.01694,0.50333,0.27621,20.90786,12.07871
COMPANY_277914_WELL,2025,Q1,11444,66,197,0.00577,0.01721,0.35445,0.27893,18.36353,13.90575
COMPANY_277966_DOC,2023,Q1,9074,18,182,0.00198,0.02006,0.51275,0.25136,18.74019,9.57368
COMPANY_277966_DOC,2023,Q2,8530,14,199,0.00164,0.02333,0.36199,0.30775,18.91043,10.34928
COMPANY_277966_DOC,2023,Q4,11015,14,163,0.00127,0.0148,0.29219,0.2502,16.23561,10.56804
COMPANY_277966_DOC,2024,Q1,8841,18,196,0.00204,0.02217,0.26569,0.2355,16.45125,10.71391
COMPANY_277966_DOC,2024,Q2,9743,17,184,0.00174,0.01889,0.5112,0.312,17.45653,9.63718
COMPANY_277966_DOC,2024,Q3,11319,6,202,0.00053,0.01785,0.43565,0.24862,16.10771,10.04363
COMPANY_277966_DOC,2024,Q4,11773,16,215,0.00136,0.01826,0.41156,0.30789,16.57013,9.07669
COMPANY_277966_DOC,2025,Q1,9256,15,225,0.00162,0.02431,0.53213,0.28201,18.14497,10.7221
COMPANY_278212_KHC,2023,Q1,5232,18,80,0.00344,0.01529,0.55363,0.22995,17.52436,12.21615
COMPANY_278212_KHC,2023,Q2,5662,22,98,0.00389,0.01731,0.42854,0.31703,19.37963,11.77623
COMPANY_278212_KHC,2023,Q3,5462,25,99,0.00458,0.01813,0.53594,0.36034,20.9784,10.55826
COMPANY_278212_KHC,2023,Q4,6033,19,101,0.00315,0.01674,0.40588,0.36551,17.98133,8.90313
COMPANY_278212_KHC,2024,Q1,6011,21,80,0.00349,0.01331,0.27559,0.29047,18.10262,11.19495
COMPANY_278212_KHC,2024,Q2,5871,14,77,0.00238,0.01312,0.30438,0.34975,16.05452,12.65805
COMPANY_278212_KHC,2024,Q3,6186,20,100,0.00323,0.01617,0.62567,0.32617,18.81233,9.87561
COMPANY_278212_KHC,2024,Q4,5306,20,72,0.00377,0.01357,0.43897,0.28802,16.1956,11.44155
COMPANY_278212_KHC,2025,Q1,5012,19,72,0.00379,0.01437,0.4301,0.30767,18.31589,10.74604
COMPANY_278576_JBHT,2023,Q1,11162,53,199,0.00475,0.01783,0.46603,0.30775,18.01735,11.89678
COMPANY_278576_JBHT,2023,Q2,10951,60,208,0.00548,0.01899,0.4738,0.26591,18.48082,12.40214
COMPANY_275034_GPC,2023,Q4,11166,47,187,0.00421,0.01675,0.41054,0.32501,19.36557,12.42452
COMPANY_275034_GPC,2024,Q1,9779,35,159,0.00358,0.01626,0.37216,0.37631,18.91342,12.9286
COMPANY_275034_GPC,2024,Q2,11139,40,234,0.00359,0.02101,0.44151,0.30969,19.2899,13.75005
COMPANY_275034_GPC,2024,Q3,11094,40,203,0.00361,0.0183,0.3498,0.27125,19.90277,13.43969
COMPANY_275034_GPC,2024,Q4,11703,60,209,0.00513,0.01786,0.47419,0.29813,19.3372,12.40468
COMPANY_275034_GPC,2025,Q1,10517,29,213,0.00276,0.02025,0.34258,0.27357,17.33896,13.73623
COMPANY_276060_GWW,2023,Q1,6968,22,133,0.00316,0.01909,0.48205,0.34189,16.68637,12.56484
COMPANY_276060_GWW,2023,Q2,6564,15,132,0.00229,0.02011,0.50752,0.28853,19.00414,14.20685
COMPANY_276060_GWW,2023,Q3,8059,23,151,0.00285,0.01874,0.51045,0.26941,15.54595,12.60837
COMPANY_276060_GWW,2023,Q4,11371,65,200,0.00572,0.01759,0.52085,0.27429,17.87145,13.89315
COMPANY_276060_GWW,2024,Q1,6211,13,112,0.00209,0.01803,0.34585,0.21195,15.22379,12.30065
COMPANY_276060_GWW,2024,Q2,5814,15,110,0.00258,0.01892,0.51823,0.2441,16.39304,12.37918
COMPANY_276060_GWW,2024,Q3,5952,22,118,0.0037,0.01983,0.66527,0.3995,18.03127,13.37196
COMPANY_276060_GWW,2024,Q4,10753,87,216,0.00809,0.02009,0.44141,0.22251,17.39346,13.07726
COMPANY_276060_GWW,2025,Q1,10127,15,201,0.00148,0.01985,0.31383,0.29703,16.48672,12.82087
COMPANY_27685_DLTR,2023,Q1,9814,20,198,0.00204,0.02018,0.49571,0.27384,16.61033,12.24985
COMPANY_27685_DLTR,2023,Q2,8649,16,160,0.00185,0.0185,0.31106,0.27315,17.36335,12.72007
COMPANY_27685_DLTR,2023,Q3,9219,16,167,0.00174,0.01811,0.51884,0.2032,17.02133,12.04176
COMPANY_27685_DLTR,2023,Q4,10591,37,193,0.00349,0.01822,0.45039,0.23641,17.09613,12.78572
COMPANY_27685_DLTR,2024,Q1,9464,15,169,0.00158,0.01786,0.26211,0.19612,17.11813,11.80447
COMPANY_27763231_PARA,2024,Q3,7452,52,108,0.00698,0.01449,0.36406,0.30579,16.94312,10.88312
COMPANY_27763231_PARA,2024,Q4,6708,34,87,0.00507,0.01297,0.47051,0.3061,16.37332,12.02446
COMPANY_27763231_PARA,2025,Q1,5785,33,90,0.0057,0.01556,0.48645,0.36696,15.90361,11.58533
COMPANY_277746_HAS,2023,Q1,7309,19,119,0.0026,0.01628,0.47491,0.34764,17.79539,11.3466
COMPANY_277746_HAS,2023,Q2,8830,18,175,0.00204,0.01982,0.35744,0.30266,19.26541,12.42232
COMPANY_277746_HAS,2023,Q3,10623,28,166,0.00264,0.01563,0.34209,0.29025,19.02046,11.54136
COMPANY_277746_HAS,2023,Q4,12284,45,205,0.00366,0.01669,0.56613,0.3241,18.1598,12.47345
COMPANY_277746_HAS,2024,Q1,10363,23,185,0.00222,0.01785,0.42625,0.2984,14.62527,11.82846
COMPANY_277746_HAS,2024,Q2,10305,23,146,0.00223,0.01417,0.36694,0.30565,18.59202,10.8263
COMPANY_277746_HAS,2024,Q3,8926,23,141,0.00258,0.0158,0.39028,0.31197,16.63878,10.78611
COMPANY_277746_HAS,2024,Q4,11701,44,199,0.00376,0.01701,0.51161,0.37671,18.95142,11.05448
COMPANY_277746_HAS,2025,Q1,11109,29,184,0.00261,0.01656,0.3798,0.27448,16.05893,10.49828
COMPANY_277914_WELL,2023,Q1,11163,20,164,0.00179,0.01469,0.4398,0.28556,18.16736,13.04372
COMPANY_277914_WELL,2023,Q2,9381,24,116,0.00256,0.01237,0.33959,0.29966,15.41982,12.25544
COMPANY_277914_WELL,2023,Q3,10848,26,161,0.0024,0.01484,0.34809,0.23725,17.4459,11.7494
COMPANY_277914_WELL,2023,Q4,12120,29,155,0.00239,0.01279,0.53081,0.30541,20.64296,11.35705
COMPANY_277914_WELL,2024,Q1,8735,23,125,0.00263,0.01431,0.4751,0.3223,18.98993,12.35242
COMPANY_277914_WELL,2024,Q2,10599,30,164,0.00283,0.01547,0.50051,0.29504,19.62826,13.04971
COMPANY_277914_WELL,2024,Q3,10122,49,149,0.00484,0.01472,0.32929,0.28588,17.96793,12.83468
COMPANY_277914_WELL,2024,Q4,11999,55,180,0.00458,0.015,0.44819,0.29527,19.58598,13.94065
COMPANY_273983758_HPE,2023,Q1,10947,117,175,0.01069,0.01599,0.40841,0.34009,17.53285,13.08375
COMPANY_273983758_HPE,2023,Q2,10603,123,147,0.0116,0.01386,0.38339,0.31335,17.88792,13.43771
COMPANY_273983758_HPE,2023,Q3,10156,102,143,0.01004,0.01408,0.37631,0.28937,19.09474,14.62131
COMPANY_273983758_HPE,2023,Q4,10406,95,152,0.00913,0.01461,0.34766,0.22673,16.57958,12.72185
COMPANY_273983758_HPE,2024,Q1,9845,96,209,0.00975,0.02123,0.34687,0.2967,16.07371,12.05546
COMPANY_273983758_HPE,2024,Q2,9801,108,177,0.01102,0.01806,0.28416,0.28497,16.49267,12.79754
COMPANY_273983758_HPE,2024,Q3,10006,113,164,0.01129,0.01639,0.42241,0.3655,18.62893,13.96123
COMPANY_273983758_HPE,2024,Q4,10466,89,168,0.0085,0.01605,0.3285,0.30594,16.3085,11.8641
COMPANY_273983758_HPE,2025,Q1,10159,68,168,0.00669,0.01654,0.30274,0.21562,17.81848,12.50754
COMPANY_27444752_TSLA,2023,Q1,10640,33,246,0.0031,0.02312,0.14369,0.26407,16.11226,10.8726
COMPANY_27444752_TSLA,2023,Q2,10627,39,225,0.00367,0.02117,0.30759,0.22935,17.55215,11.67451
COMPANY_27444752_TSLA,2023,Q3,9442,36,197,0.00381,0.02086,0.19386,0.25994,15.8478,12.08952
COMPANY_27444752_TSLA,2023,Q4,10193,82,262,0.00804,0.0257,0.30792,0.25782,15.14679,10.74864
COMPANY_27444752_TSLA,2024,Q1,11807,62,321,0.00525,0.02719,0.38858,0.29649,16.91219,10.42154
COMPANY_27444752_TSLA,2024,Q2,9740,56,169,0.00575,0.01735,0.31335,0.28848,14.79578,12.29922
COMPANY_27444752_TSLA,2024,Q3,11602,73,237,0.00629,0.02043,0.32957,0.29271,15.06511,10.99319
COMPANY_27444752_TSLA,2024,Q4,11259,63,209,0.0056,0.01856,0.19106,0.24907,14.36733,11.89264
COMPANY_27444752_TSLA,2025,Q1,14116,91,301,0.00645,0.02132,0.26915,0.19347,15.05534,12.01646
COMPANY_274561_GD,2023,Q1,7451,12,167,0.00161,0.02241,0.41458,0.23036,15.33336,11.73046
COMPANY_274561_GD,2023,Q2,8452,13,158,0.00154,0.01869,0.56689,0.25704,16.59148,10.45341
COMPANY_27862_EBAY,2024,Q1,9336,60,128,0.00643,0.01371,0.44773,0.34596,18.02286,14.82843
COMPANY_27862_EBAY,2024,Q2,10719,56,146,0.00522,0.01362,0.477,0.39925,19.66073,14.70246
COMPANY_27862_EBAY,2024,Q3,11113,66,160,0.00594,0.0144,0.4499,0.35051,19.2773,14.23083
COMPANY_27862_EBAY,2024,Q4,11898,73,160,0.00614,0.01345,0.56756,0.32641,17.72925,12.56065
COMPANY_27862_EBAY,2025,Q1,10792,86,148,0.00797,0.01371,0.41508,0.28768,16.73842,14.29035
COMPANY_278679_HD,2023,Q1,10336,22,191,0.00213,0.01848,0.35067,0.2423,15.43805,11.45253
COMPANY_278679_HD,2023,Q2,10154,23,199,0.00227,0.0196,0.30888,0.23418,16.36662,11.12741
COMPANY_278679_HD,2023,Q3,9472,37,178,0.00391,0.01879,0.32837,0.24958,16.68556,11.82298
COMPANY_278679_HD,2023,Q4,9129,32,150,0.00351,0.01643,0.55931,0.31615,18.59506,13.45721
COMPANY_278679_HD,2024,Q1,10108,39,152,0.00386,0.01504,0.42373,0.28991,17.91125,11.38883
COMPANY_278679_HD,2024,Q2,9993,27,202,0.0027,0.02021,0.44614,0.17143,16.83566,12.15682
COMPANY_278679_HD,2024,Q3,9922,27,172,0.00272,0.01734,0.40928,0.29468,17.7746,11.20204
COMPANY_278679_HD,2024,Q4,9879,33,141,0.00334,0.01427,0.51513,0.28011,19.19391,10.7908
COMPANY_279042_HRL,2023,Q1,10567,23,198,0.00218,0.01874,0.27107,0.22544,17.04272,12.88461
COMPANY_279042_HRL,2023,Q2,8936,20,161,0.00224,0.01802,0.43822,0.34071,19.18002,14.53905
COMPANY_279042_HRL,2023,Q3,9235,29,178,0.00314,0.01927,0.55448,0.32472,21.39222,14.63803
COMPANY_279042_HRL,2023,Q4,8972,51,165,0.00568,0.01839,0.42693,0.33699,19.15698,13.11284
COMPANY_279042_HRL,2024,Q1,8390,49,161,0.00584,0.01919,0.40719,0.33472,18.67114,12.64839
COMPANY_279042_HRL,2024,Q2,9955,24,164,0.00241,0.01647,0.49485,0.32245,18.92087,11.84557
COMPANY_279042_HRL,2024,Q3,8763,16,157,0.00183,0.01792,0.45326,0.23979,16.01366,11.13266
COMPANY_27685_DLTR,2024,Q2,11047,28,160,0.00253,0.01448,0.41922,0.2402,18.33743,13.91212
COMPANY_27685_DLTR,2024,Q3,11062,14,154,0.00127,0.01392,0.34962,0.26939,15.85367,10.7849
COMPANY_27685_DLTR,2024,Q4,11240,18,181,0.0016,0.0161,0.2644,0.22354,15.67174,12.35014
COMPANY_277617_JKHY,2023,Q1,11420,121,207,0.0106,0.01813,0.34768,0.28077,18.23579,10.93601
COMPANY_277617_JKHY,2023,Q2,11941,124,174,0.01038,0.01457,0.34613,0.31247,16.55574,12.16013
COMPANY_277617_JKHY,2023,Q3,13166,93,215,0.00706,0.01633,0.44446,0.33893,17.6311,12.37547
COMPANY_277617_JKHY,2023,Q4,11389,68,155,0.00597,0.01361,0.36858,0.37255,19.02588,11.40178
COMPANY_277617_JKHY,2024,Q1,11037,135,189,0.01223,0.01712,0.40677,0.28184,17.18581,10.7155
COMPANY_277617_JKHY,2024,Q2,12940,127,206,0.00981,0.01592,0.37423,0.3254,18.37163,11.62849
COMPANY_277617_JKHY,2024,Q3,13179,124,200,0.00941,0.01518,0.43546,0.3561,18.26505,11.67647
COMPANY_277617_JKHY,2024,Q4,11247,46,167,0.00409,0.01485,0.40857,0.3053,17.50191,9.77663
COMPANY_277617_JKHY,2025,Q1,10934,57,150,0.00521,0.01372,0.33479,0.28689,16.91081,12.29886
COMPANY_277617_JKHY,2025,Q2,10498,60,137,0.00572,0.01305,0.32183,0.31587,16.90754,11.62272
COMPANY_277617_JKHY,2025,Q3,12343,70,188,0.00567,0.01523,0.35883,0.30446,17.41714,12.76117
COMPANY_27763231_PARA,2023,Q1,10198,82,150,0.00804,0.01471,0.49636,0.41241,19.16345,14.8645
COMPANY_27763231_PARA,2023,Q2,9993,79,114,0.00791,0.01141,0.4686,0.36942,18.22975,13.02003
COMPANY_27763231_PARA,2023,Q3,9958,79,127,0.00793,0.01275,0.39299,0.35577,18.23912,12.66341
COMPANY_27763231_PARA,2023,Q4,9983,78,128,0.00781,0.01282,0.38858,0.41625,16.83273,13.78634
COMPANY_27763231_PARA,2024,Q1,1541,3,15,0.00195,0.00973,0.5348,0.51207,16.59301,11.20119
COMPANY_27763231_PARA,2024,Q2,7146,45,90,0.0063,0.01259,0.31477,0.27136,16.6543,11.75168
COMPANY_278576_JBHT,2023,Q3,12390,54,196,0.00436,0.01582,0.50399,0.27026,17.62863,12.21158
COMPANY_278576_JBHT,2023,Q4,12023,48,175,0.00399,0.01456,0.46275,0.3267,18.29501,12.05358
COMPANY_278576_JBHT,2024,Q1,11198,41,212,0.00366,0.01893,0.42801,0.24794,18.35605,11.41824
COMPANY_278576_JBHT,2024,Q2,10970,48,163,0.00438,0.01486,0.52415,0.33559,19.97114,12.83237
COMPANY_278576_JBHT,2024,Q3,11173,65,164,0.00582,0.01468,0.54156,0.36517,16.91056,12.43339
COMPANY_278576_JBHT,2024,Q4,11111,46,157,0.00414,0.01413,0.53437,0.38235,15.99944,12.58081
COMPANY_278576_JBHT,2025,Q1,11195,35,227,0.00313,0.02028,0.50722,0.30603,15.9423,11.78148
COMPANY_278614_HBAN,2023,Q1,10427,29,202,0.00278,0.01937,0.49643,0.30055,21.66763,12.39755
COMPANY_278614_HBAN,2023,Q2,9415,8,147,0.00085,0.01561,0.45011,0.29659,20.28668,12.98837
COMPANY_278614_HBAN,2023,Q3,12187,36,237,0.00295,0.01945,0.4518,0.33666,17.45923,12.88214
COMPANY_278614_HBAN,2023,Q4,10363,19,229,0.00183,0.0221,0.29535,0.29441,16.57591,13.05975
COMPANY_278614_HBAN,2024,Q1,11047,10,248,0.00091,0.02245,0.65146,0.27747,17.59108,12.31574
COMPANY_278614_HBAN,2024,Q2,9711,10,220,0.00103,0.02265,0.48636,0.32668,19.2136,11.3613
COMPANY_278614_HBAN,2024,Q3,8299,20,169,0.00241,0.02036,0.39346,0.28499,18.83316,12.56999
COMPANY_278614_HBAN,2024,Q4,9668,9,188,0.00093,0.01945,0.61482,0.3804,22.32018,13.7979
COMPANY_278614_HBAN,2025,Q1,9874,30,186,0.00304,0.01884,0.35963,0.28462,16.79255,11.72046
COMPANY_27862_EBAY,2023,Q1,11112,51,188,0.00459,0.01692,0.4229,0.27836,17.8433,13.6643
COMPANY_27862_EBAY,2023,Q2,10311,97,149,0.00941,0.01445,0.39241,0.32492,17.56526,15.22028
COMPANY_27862_EBAY,2023,Q3,11166,57,153,0.0051,0.0137,0.42096,0.35777,17.16901,14.53774
COMPANY_27862_EBAY,2023,Q4,10315,55,133,0.00533,0.01289,0.37675,0.37661,16.74347,14.34651
COMPANY_27963_EA,2025,Q2,8428,39,112,0.00463,0.01329,0.46642,0.42384,19.39794,13.27609
COMPANY_27963_EA,2025,Q3,8962,31,132,0.00346,0.01473,0.66487,0.35928,20.52008,13.62436
COMPANY_27963_EA,2025,Q4,9861,32,147,0.00325,0.01491,0.51287,0.37748,18.82397,13.56134
COMPANY_279750_HUBB,2023,Q1,10005,20,152,0.002,0.01519,0.54504,0.27118,21.59904,12.10018
COMPANY_279750_HUBB,2023,Q2,8979,26,152,0.0029,0.01693,0.40711,0.246,18.63963,14.03365
COMPANY_279750_HUBB,2023,Q3,9578,26,150,0.00271,0.01566,0.49048,0.27804,21.48101,14.84139
COMPANY_279750_HUBB,2023,Q4,9301,15,167,0.00161,0.01796,0.51286,0.39247,21.74948,13.0238
COMPANY_279750_HUBB,2024,Q1,8675,44,158,0.00507,0.01821,0.37428,0.26679,19.02846,11.49604
COMPANY_279750_HUBB,2024,Q2,7885,27,164,0.00342,0.0208,0.53488,0.32594,22.76469,10.5766
COMPANY_279750_HUBB,2024,Q3,9309,48,179,0.00516,0.01923,0.55987,0.35249,20.58382,10.9655
COMPANY_279750_HUBB,2024,Q4,9580,38,174,0.00397,0.01816,0.50133,0.33165,18.64146,11.73498
COMPANY_279750_HUBB,2025,Q1,9539,30,192,0.00314,0.02013,0.40602,0.3202,18.43431,10.84194
COMPANY_280561_ITW,2023,Q1,8167,5,150,0.00061,0.01837,0.48806,0.26148,20.58479,9.44577
COMPANY_280561_ITW,2023,Q2,6729,5,156,0.00074,0.02318,0.40282,0.31534,18.17228,10.33635
COMPANY_280561_ITW,2023,Q3,7434,33,168,0.00444,0.0226,0.5472,0.31629,20.96706,12.42373
COMPANY_280561_ITW,2023,Q4,8219,21,185,0.00256,0.02251,0.63991,0.316,22.38428,14.68367
COMPANY_280561_ITW,2024,Q1,7527,5,149,0.00066,0.0198,0.26184,0.32052,19.09424,12.01157
COMPANY_280561_ITW,2024,Q2,6268,10,122,0.0016,0.01946,0.56133,0.3316,19.5127,13.2725
COMPANY_280561_ITW,2024,Q3,9777,21,179,0.00215,0.01831,0.44629,0.28811,19.39458,11.28018
COMPANY_280561_ITW,2024,Q4,11739,23,185,0.00196,0.01576,0.6098,0.33404,20.20543,11.79078
COMPANY_279042_HRL,2024,Q4,12043,77,237,0.00639,0.01968,0.46359,0.38636,19.24906,12.26762
COMPANY_279042_HRL,2025,Q1,12548,38,211,0.00303,0.01682,0.46635,0.2854,18.15058,10.34213
COMPANY_279513_CNP,2023,Q1,6582,6,125,0.00091,0.01899,0.28527,0.33898,20.16754,13.30496
COMPANY_279513_CNP,2023,Q2,10183,10,186,0.00098,0.01827,0.47823,0.33519,21.27392,13.31111
COMPANY_279513_CNP,2023,Q3,10380,8,196,0.00077,0.01888,0.62081,0.34588,16.05983,13.51228
COMPANY_279513_CNP,2023,Q4,10800,18,202,0.00167,0.0187,0.55892,0.33993,19.72071,13.2856
COMPANY_279513_CNP,2024,Q1,9359,24,160,0.00256,0.0171,0.30293,0.34349,17.36824,15.51114
COMPANY_279513_CNP,2024,Q2,8288,27,160,0.00326,0.01931,0.1914,0.25737,18.06992,12.33117
COMPANY_279513_CNP,2024,Q3,9313,41,184,0.0044,0.01976,0.40307,0.32591,18.98956,13.08033
COMPANY_279513_CNP,2024,Q4,10881,49,224,0.0045,0.02059,0.41096,0.31324,17.9562,13.52424
COMPANY_279513_CNP,2025,Q1,10698,50,193,0.00467,0.01804,0.21176,0.24111,16.12382,12.37438
COMPANY_27963_EA,2023,Q1,9099,45,145,0.00495,0.01594,0.38682,0.33363,15.0423,11.01119
COMPANY_27963_EA,2023,Q2,10591,46,119,0.00434,0.01124,0.58073,0.33295,17.34005,13.41334
COMPANY_27963_EA,2023,Q3,9968,32,139,0.00321,0.01394,0.47028,0.31857,19.99648,12.66019
COMPANY_27963_EA,2023,Q4,9396,58,118,0.00617,0.01256,0.46048,0.31232,16.87033,14.09492
COMPANY_27963_EA,2024,Q1,10520,49,154,0.00466,0.01464,0.51476,0.31456,19.97371,11.34363
COMPANY_27963_EA,2024,Q2,6457,26,90,0.00403,0.01394,0.59668,0.39568,19.32313,11.50087
COMPANY_27963_EA,2024,Q3,8491,41,100,0.00483,0.01178,0.54294,0.33239,19.58912,10.44258
COMPANY_27963_EA,2024,Q4,8617,43,124,0.00499,0.01439,0.48722,0.38856,18.33475,13.46994
COMPANY_27963_EA,2025,Q1,9423,62,121,0.00658,0.01284,0.48203,0.34207,16.6796,13.76984
COMPANY_280561_ITW,2025,Q1,7978,23,170,0.00288,0.02131,0.3678,0.3397,20.14764,14.23486
COMPANY_280944_TT,2023,Q1,12724,39,200,0.00307,0.01572,0.49939,0.29112,17.35158,12.28202
COMPANY_280944_TT,2023,Q2,11706,43,207,0.00367,0.01768,0.3883,0.25738,15.76265,10.35576
COMPANY_280944_TT,2023,Q3,11543,43,226,0.00373,0.01958,0.48051,0.3014,17.51875,12.17736
COMPANY_280944_TT,2023,Q4,12309,55,243,0.00447,0.01974,0.45912,0.33488,16.14798,10.78014
COMPANY_280944_TT,2024,Q1,9565,68,168,0.00711,0.01756,0.39617,0.32276,16.27908,12.21802
COMPANY_280944_TT,2024,Q2,11596,31,193,0.00267,0.01664,0.4623,0.28911,16.06641,10.73137
COMPANY_280944_TT,2024,Q3,11707,20,185,0.00171,0.0158,0.44882,0.29823,15.10127,10.53039
COMPANY_280944_TT,2024,Q4,12022,41,203,0.00341,0.01689,0.3633,0.33609,15.9831,9.66354
COMPANY_280944_TT,2025,Q1,11844,32,214,0.0027,0.01807,0.41274,0.30424,15.72656,10.35334
COMPANY_281407_IFF,2023,Q1,9601,29,169,0.00302,0.0176,0.41285,0.27214,19.49276,14.15815
COMPANY_281407_IFF,2023,Q2,11766,45,225,0.00382,0.01912,0.51101,0.38414,19.71219,14.13884
COMPANY_281407_IFF,2023,Q3,7624,16,145,0.0021,0.01902,0.47011,0.28106,18.19699,12.95113
COMPANY_281407_IFF,2023,Q4,11129,32,148,0.00288,0.0133,0.56816,0.32347,18.30197,11.85897
COMPANY_281407_IFF,2024,Q1,9932,58,155,0.00584,0.01561,0.50274,0.29646,20.30345,12.93256
COMPANY_281407_IFF,2024,Q2,10290,48,138,0.00466,0.01341,0.39022,0.38357,19.2182,12.85304
COMPANY_281407_IFF,2024,Q3,8673,16,136,0.00184,0.01568,0.64679,0.39154,18.79872,12.20839
COMPANY_281407_IFF,2024,Q4,10791,50,152,0.00463,0.01409,0.50159,0.29048,19.19276,10.78335
COMPANY_281407_IFF,2025,Q1,8106,41,165,0.00506,0.02036,0.39825,0.32002,20.49653,12.58421
COMPANY_28202_EQIX,2023,Q1,12440,74,152,0.00595,0.01222,0.38138,0.32308,18.65803,12.51745
COMPANY_285930_L,2023,Q3,3328,1,37,0.0003,0.01112,-0.5267,0.21081,14.0,14.83718
COMPANY_285930_L,2023,Q4,3243,5,43,0.00154,0.01326,0.4882,0.33399,17.80299,16.23393
COMPANY_285930_L,2024,Q1,2550,10,35,0.00392,0.01373,0.68388,0.38567,17.97693,15.13983
COMPANY_285930_L,2024,Q4,10640,14,168,0.00132,0.01579,0.27418,0.27583,15.89711,9.96717
COMPANY_286798_MGM,2023,Q1,9987,18,163,0.0018,0.01632,0.45008,0.30628,18.10323,11.94895
COMPANY_286798_MGM,2023,Q2,10643,17,175,0.0016,0.01644,0.41387,0.29987,20.11688,13.07385
COMPANY_286798_MGM,2023,Q3,10092,12,148,0.00119,0.01467,0.27655,0.29779,16.14902,13.53953
COMPANY_286798_MGM,2023,Q4,10540,21,136,0.00199,0.0129,0.26152,0.25152,15.87776,13.0629
COMPANY_286798_MGM,2024,Q1,9707,21,153,0.00216,0.01576,0.26645,0.25467,14.61083,12.06157
COMPANY_286798_MGM,2024,Q2,11558,28,184,0.00242,0.01592,0.33377,0.25337,16.38644,10.84845
COMPANY_286798_MGM,2024,Q3,10078,15,160,0.00149,0.01588,0.48157,0.31358,17.76818,12.13619
COMPANY_286798_MGM,2024,Q4,9745,27,157,0.00277,0.01611,0.44923,0.32613,19.36189,11.44608
COMPANY_286798_MGM,2025,Q1,8678,9,141,0.00104,0.01625,0.64039,0.25903,17.99895,12.06781
COMPANY_28703_BEN,2023,Q1,10295,27,155,0.00262,0.01506,0.3392,0.23063,16.99573,11.97001
COMPANY_28703_BEN,2023,Q2,10238,42,183,0.0041,0.01787,0.55114,0.35389,17.23264,11.67804
COMPANY_28703_BEN,2023,Q3,9609,58,164,0.00604,0.01707,0.41244,0.3526,17.19898,12.75019
COMPANY_28703_BEN,2023,Q4,11084,60,184,0.00541,0.0166,0.44957,0.24711,19.21938,11.56215
COMPANY_28703_BEN,2024,Q1,9609,40,165,0.00416,0.01717,0.46332,0.27365,18.35905,12.5896
COMPANY_28703_BEN,2024,Q2,10209,54,164,0.00529,0.01606,0.36596,0.31909,17.91901,12.9351
COMPANY_28703_BEN,2024,Q3,9635,64,130,0.00664,0.01349,0.54129,0.34412,19.50952,11.58187
COMPANY_282159_J,2023,Q4,9921,75,191,0.00756,0.01925,0.389,0.31835,18.03031,13.55922
COMPANY_282159_J,2024,Q1,7978,49,155,0.00614,0.01943,0.39225,0.27296,18.26226,13.30532
COMPANY_282159_J,2024,Q2,9387,56,181,0.00597,0.01928,0.55047,0.30162,20.16975,11.73128
COMPANY_282159_J,2024,Q3,10020,56,183,0.00559,0.01826,0.50255,0.3708,19.13753,12.45656
COMPANY_282159_J,2024,Q4,8946,45,172,0.00503,0.01923,0.48441,0.32286,17.89389,11.77694
COMPANY_282159_J,2025,Q1,7414,36,128,0.00486,0.01726,0.44496,0.361,16.82245,10.46252
COMPANY_282159_J,2025,Q2,9928,49,171,0.00494,0.01722,0.42192,0.34868,18.76516,11.41894
COMPANY_282225_KLAC,2023,Q1,10826,54,196,0.00499,0.0181,0.36261,0.26315,20.52803,12.67998
COMPANY_282225_KLAC,2023,Q2,9860,43,190,0.00436,0.01927,0.43619,0.227,21.09048,11.97102
COMPANY_282225_KLAC,2023,Q3,10888,53,186,0.00487,0.01708,0.3694,0.20944,18.12725,10.91435
COMPANY_282225_KLAC,2023,Q4,6574,41,116,0.00624,0.01765,0.30635,0.19838,20.19335,12.18652
COMPANY_282225_KLAC,2024,Q1,10462,66,206,0.00631,0.01969,0.37257,0.23875,19.26657,12.73374
COMPANY_282225_KLAC,2024,Q2,9058,29,151,0.0032,0.01667,0.42407,0.21736,18.90214,11.73938
COMPANY_282225_KLAC,2024,Q3,9645,58,200,0.00601,0.02074,0.3162,0.27977,18.05502,12.46301
COMPANY_282225_KLAC,2024,Q4,11834,50,232,0.00423,0.0196,0.36497,0.28577,18.86694,10.2966
COMPANY_282225_KLAC,2025,Q1,11252,44,212,0.00391,0.01884,0.35979,0.2845,16.32309,10.61092
COMPANY_282225_KLAC,2025,Q2,10094,41,190,0.00406,0.01882,0.39918,0.32547,17.3239,10.9892
COMPANY_282225_KLAC,2025,Q3,11568,60,203,0.00519,0.01755,0.38477,0.2643,19.13947,11.4092
COMPANY_282590_JCI,2023,Q1,12318,65,265,0.00528,0.02151,0.5354,0.34174,20.4587,13.75266
COMPANY_282590_JCI,2023,Q2,12146,75,243,0.00617,0.02001,0.44434,0.35383,18.86671,13.20848
COMPANY_283356_K,2023,Q4,10616,24,169,0.00226,0.01592,0.44356,0.36898,19.02212,10.81463
COMPANY_283356_K,2024,Q1,10867,22,164,0.00202,0.01509,0.53351,0.34228,20.38424,11.86269
COMPANY_283356_K,2024,Q2,10209,15,152,0.00147,0.01489,0.51724,0.26776,19.30321,10.26622
COMPANY_283857_KMB,2023,Q1,11368,12,180,0.00106,0.01583,0.57778,0.34971,19.05195,11.6599
COMPANY_283857_KMB,2023,Q2,11167,21,130,0.00188,0.01164,0.50689,0.34918,18.51628,13.36477
COMPANY_283857_KMB,2023,Q3,6372,16,78,0.00251,0.01224,0.449,0.29356,17.24248,11.30351
COMPANY_283857_KMB,2023,Q4,10714,28,162,0.00261,0.01512,0.5883,0.32162,20.67292,12.751
COMPANY_283857_KMB,2024,Q1,8229,19,160,0.00231,0.01944,0.45214,0.32735,17.97166,12.38865
COMPANY_283857_KMB,2024,Q2,7236,32,153,0.00442,0.02114,0.48741,0.34304,15.01825,11.17088
COMPANY_283857_KMB,2024,Q3,7825,33,156,0.00422,0.01994,0.49545,0.28092,16.60459,11.73681
COMPANY_283857_KMB,2024,Q4,7625,22,133,0.00289,0.01744,0.45592,0.2295,17.24502,10.43522
COMPANY_283857_KMB,2025,Q1,8784,43,153,0.0049,0.01742,0.41871,0.28315,17.60094,12.67143
COMPANY_284342_KR,2023,Q1,10395,39,173,0.00375,0.01664,0.55147,0.27702,18.84718,14.22048
COMPANY_284342_KR,2023,Q2,10608,50,181,0.00471,0.01706,0.54306,0.31249,18.29721,14.52801
COMPANY_284342_KR,2023,Q3,10867,53,153,0.00488,0.01408,0.55143,0.3428,17.74834,15.36676
COMPANY_284342_KR,2023,Q4,12524,90,196,0.00719,0.01565,0.51744,0.30094,19.93008,15.02398
COMPANY_284342_KR,2024,Q1,10448,40,171,0.00383,0.01637,0.4405,0.27585,18.3936,12.74577
COMPANY_284342_KR,2024,Q2,10168,30,163,0.00295,0.01603,0.56476,0.36497,19.08125,13.42142
COMPANY_284342_KR,2024,Q3,11088,53,169,0.00478,0.01524,0.57192,0.37615,19.60717,13.51161
COMPANY_284342_KR,2024,Q4,11413,42,166,0.00368,0.01454,0.53333,0.3521,16.12544,11.48948
COMPANY_28202_EQIX,2023,Q2,11224,96,144,0.00855,0.01283,0.42934,0.29725,21.09426,13.70461
COMPANY_28202_EQIX,2023,Q3,11448,87,159,0.0076,0.01389,0.44976,0.36319,21.81997,14.42418
COMPANY_28202_EQIX,2023,Q4,11051,70,150,0.00633,0.01357,0.34698,0.35015,19.7154,13.4793
COMPANY_28202_EQIX,2024,Q1,11779,66,165,0.0056,0.01401,0.50317,0.32996,22.01417,14.43995
COMPANY_28202_EQIX,2024,Q2,10339,73,174,0.00706,0.01683,0.31764,0.35036,18.75434,13.01272
COMPANY_28202_EQIX,2024,Q3,10793,84,179,0.00778,0.01658,0.36085,0.32861,18.28099,12.10443
COMPANY_28202_EQIX,2024,Q4,11409,66,184,0.00578,0.01613,0.34972,0.37848,19.22651,13.86009
COMPANY_28202_EQIX,2025,Q1,9542,73,144,0.00765,0.01509,0.38029,0.37034,18.71047,14.76582
COMPANY_28209_EQR,2023,Q1,14264,24,226,0.00168,0.01584,0.34517,0.21966,19.0727,10.62286
COMPANY_28209_EQR,2023,Q2,12748,30,201,0.00235,0.01577,0.46777,0.29431,18.2437,11.26336
COMPANY_28209_EQR,2023,Q3,12960,18,230,0.00139,0.01775,0.37741,0.17169,17.48247,11.7834
COMPANY_28209_EQR,2023,Q4,17774,21,277,0.00118,0.01558,0.46077,0.26117,18.7416,11.65135
COMPANY_28209_EQR,2024,Q1,11646,14,160,0.0012,0.01374,0.4964,0.26891,21.80158,11.73376
COMPANY_28209_EQR,2024,Q2,12280,19,206,0.00155,0.01678,0.57813,0.24788,20.65424,10.97202
COMPANY_28209_EQR,2024,Q3,14717,22,229,0.00149,0.01556,0.52689,0.25896,17.63129,11.73899
COMPANY_28209_EQR,2024,Q4,18468,27,310,0.00146,0.01679,0.32613,0.29433,15.72319,10.46617
COMPANY_28209_EQR,2025,Q1,11173,6,195,0.00054,0.01745,0.31878,0.24717,19.3552,10.20586
COMPANY_282159_J,2023,Q1,7842,65,130,0.00829,0.01658,0.52439,0.30956,20.3756,15.55617
COMPANY_282159_J,2023,Q2,9527,61,161,0.0064,0.0169,0.4759,0.3578,19.64403,13.94793
COMPANY_282159_J,2023,Q3,9660,66,178,0.00683,0.01843,0.47309,0.34335,19.13139,13.46904
COMPANY_285467_LLY,2023,Q1,13081,32,241,0.00245,0.01842,0.37471,0.31063,18.29291,12.71975
COMPANY_285467_LLY,2023,Q2,13046,24,264,0.00184,0.02024,0.18739,0.25437,17.88027,12.86583
COMPANY_285467_LLY,2023,Q3,11932,10,238,0.00084,0.01995,0.49895,0.31011,19.17011,11.09285
COMPANY_285467_LLY,2023,Q4,13326,33,293,0.00248,0.02199,0.33843,0.29531,18.05239,11.79947
COMPANY_285467_LLY,2024,Q1,10565,18,273,0.0017,0.02584,0.26728,0.23347,15.75248,11.7462
COMPANY_285467_LLY,2024,Q2,11766,20,226,0.0017,0.01921,0.23675,0.25546,17.08353,11.61737
COMPANY_285467_LLY,2024,Q3,11509,16,244,0.00139,0.0212,0.31711,0.25194,18.03814,11.56019
COMPANY_285467_LLY,2024,Q4,10321,16,214,0.00155,0.02073,0.44374,0.24465,16.57742,10.75077
COMPANY_285467_LLY,2025,Q1,11537,15,215,0.0013,0.01864,0.27979,0.22613,17.07576,10.65646
COMPANY_285827_LMT,2023,Q1,10517,70,173,0.00666,0.01645,0.36334,0.29359,18.85189,13.82797
COMPANY_285827_LMT,2023,Q2,11239,62,215,0.00552,0.01913,0.30477,0.3078,18.49604,13.44747
COMPANY_285827_LMT,2023,Q3,9888,64,183,0.00647,0.01851,0.36101,0.28085,20.4967,13.5316
COMPANY_285827_LMT,2023,Q4,10679,103,225,0.00965,0.02107,0.34876,0.26387,19.37103,14.1175
COMPANY_285827_LMT,2024,Q1,10837,117,214,0.0108,0.01975,0.26479,0.22796,19.41227,14.82986
COMPANY_285827_LMT,2024,Q2,10278,71,218,0.00691,0.02121,0.34551,0.27966,20.10342,13.23646
COMPANY_285827_LMT,2024,Q3,10652,67,186,0.00629,0.01746,0.3047,0.31678,18.67536,14.24679
COMPANY_285827_LMT,2024,Q4,10371,75,189,0.00723,0.01822,0.3937,0.29705,18.49946,12.96916
COMPANY_285827_LMT,2025,Q1,10078,103,161,0.01022,0.01598,0.33683,0.27624,18.18135,13.40849
COMPANY_285930_L,2023,Q1,3383,7,45,0.00207,0.0133,-0.1581,0.11818,16.46218,15.89653
COMPANY_285930_L,2023,Q2,3268,2,40,0.00061,0.01224,-0.2392,0.29825,14.96667,16.03628
COMPANY_28703_BEN,2024,Q4,9700,64,124,0.0066,0.01278,0.50139,0.32784,18.20894,12.19126
COMPANY_28703_BEN,2025,Q1,9906,39,156,0.00394,0.01575,0.42652,0.33335,18.69922,12.94177
COMPANY_28703_BEN,2025,Q2,10739,46,153,0.00428,0.01425,0.40397,0.3381,16.33663,12.17872
COMPANY_28756_CPAY,2023,Q1,11596,49,128,0.00423,0.01104,0.34546,0.28678,15.72499,10.67691
COMPANY_28756_CPAY,2023,Q2,11739,22,163,0.00187,0.01389,0.42368,0.25961,15.30155,9.3574
COMPANY_28756_CPAY,2023,Q3,13048,57,181,0.00437,0.01387,0.32126,0.27176,14.27536,10.86108
COMPANY_28756_CPAY,2023,Q4,12510,51,182,0.00408,0.01455,0.35179,0.22256,14.52231,10.90222
COMPANY_28756_CPAY,2024,Q1,11847,34,159,0.00287,0.01342,0.33066,0.25656,16.99909,10.34418
COMPANY_28756_CPAY,2024,Q3,7949,21,120,0.00264,0.0151,0.35724,0.29177,14.99313,10.06895
COMPANY_28756_CPAY,2024,Q4,11570,32,167,0.00277,0.01443,0.42655,0.34272,16.63657,10.34052
COMPANY_28756_CPAY,2025,Q1,10014,26,140,0.0026,0.01398,0.50454,0.26288,18.69341,10.57339
COMPANY_288195_MCK,2023,Q1,9705,77,147,0.00793,0.01515,0.55184,0.41515,20.20578,14.03047
COMPANY_288195_MCK,2023,Q2,10428,105,173,0.01007,0.01659,0.47179,0.36435,18.8793,13.78863
COMPANY_288195_MCK,2023,Q3,9681,111,164,0.01147,0.01694,0.49307,0.45147,19.95899,14.85901
COMPANY_288195_MCK,2023,Q4,11478,115,175,0.01002,0.01525,0.5303,0.41242,20.13067,13.3619
COMPANY_288195_MCK,2024,Q1,9389,84,164,0.00895,0.01747,0.5468,0.39103,18.88696,14.43953
COMPANY_288195_MCK,2024,Q2,8306,77,161,0.00927,0.01938,0.53036,0.34187,20.86296,13.56529
COMPANY_288195_MCK,2024,Q3,10035,108,180,0.01076,0.01794,0.52099,0.40838,18.23737,13.61213
COMPANY_288195_MCK,2024,Q4,10540,129,190,0.01224,0.01803,0.52818,0.43281,20.24497,15.29074
COMPANY_288195_MCK,2025,Q1,9465,137,161,0.01447,0.01701,0.54458,0.41349,21.23163,14.89994
COMPANY_288195_MCK,2025,Q2,10767,112,155,0.0104,0.0144,0.4733,0.38615,20.71851,14.77756
COMPANY_288195_MCK,2025,Q3,10155,115,182,0.01132,0.01792,0.49168,0.45042,20.15124,14.65722
COMPANY_288195_MCK,2025,Q4,10256,104,184,0.01014,0.01794,0.44259,0.41808,19.62846,14.38348
COMPANY_288502_MRK,2023,Q1,9781,29,207,0.00296,0.02116,0.31334,0.26872,19.29626,15.15119
COMPANY_288502_MRK,2023,Q2,10108,26,173,0.00257,0.01712,0.21028,0.27609,17.72152,14.0388
COMPANY_288502_MRK,2023,Q3,11110,29,195,0.00261,0.01755,0.45033,0.19523,19.77839,13.29952
COMPANY_288502_MRK,2023,Q4,10190,23,174,0.00226,0.01708,0.45805,0.29785,20.10363,12.79735
COMPANY_288502_MRK,2024,Q1,11708,21,184,0.00179,0.01572,0.28175,0.21115,17.23366,13.55829
COMPANY_288502_MRK,2024,Q2,12514,20,188,0.0016,0.01502,0.41234,0.26994,21.61502,12.58136
COMPANY_288502_MRK,2024,Q3,9648,11,175,0.00114,0.01814,0.4132,0.28044,19.79271,14.58286
COMPANY_288502_MRK,2024,Q4,11081,23,207,0.00208,0.01868,0.3362,0.20646,18.6332,13.94072
COMPANY_288502_MRK,2025,Q1,10317,17,180,0.00165,0.01745,0.2523,0.24323,15.83119,14.06395
COMPANY_289030_MU,2023,Q1,8527,35,212,0.0041,0.02486,0.34846,0.18208,17.33522,14.63725
COMPANY_289030_MU,2023,Q2,8540,41,190,0.0048,0.02225,0.45774,0.16405,17.55507,15.00201
COMPANY_289030_MU,2023,Q3,9137,47,166,0.00514,0.01817,0.42902,0.23341,19.77712,15.10968
COMPANY_289030_MU,2023,Q4,8353,32,162,0.00383,0.01939,0.52621,0.30751,19.65125,15.68682
COMPANY_289030_MU,2024,Q1,8849,54,178,0.0061,0.02012,0.47713,0.37158,18.37057,14.42475
COMPANY_289030_MU,2024,Q2,8327,53,147,0.00636,0.01765,0.45755,0.3461,19.36453,13.63121
COMPANY_289030_MU,2024,Q3,8930,51,159,0.00571,0.01781,0.41907,0.31319,18.46167,13.23362
COMPANY_289030_MU,2024,Q4,8564,52,167,0.00607,0.0195,0.40406,0.34651,19.18819,13.86063
COMPANY_282590_JCI,2023,Q3,9792,68,208,0.00694,0.02124,0.50046,0.35234,18.42856,13.26399
COMPANY_282590_JCI,2023,Q4,11344,72,205,0.00635,0.01807,0.44472,0.28195,18.01232,12.85129
COMPANY_282590_JCI,2024,Q1,10880,101,243,0.00928,0.02233,0.47383,0.3764,19.26757,13.82641
COMPANY_282590_JCI,2024,Q2,11382,96,222,0.00843,0.0195,0.41163,0.27381,17.13443,12.67305
COMPANY_282590_JCI,2024,Q3,10006,88,194,0.00879,0.01939,0.39811,0.36554,17.56021,13.79781
COMPANY_282590_JCI,2024,Q4,8378,62,172,0.0074,0.02053,0.48949,0.33071,19.09677,11.52096
COMPANY_282590_JCI,2025,Q1,10579,86,202,0.00813,0.01909,0.50121,0.32271,19.14598,13.18928
COMPANY_282590_JCI,2025,Q2,10680,106,239,0.00993,0.02238,0.38109,0.31614,16.81599,12.48146
COMPANY_283024_EVRG,2023,Q1,6924,23,152,0.00332,0.02195,0.31375,0.29645,20.3744,13.0227
COMPANY_283024_EVRG,2023,Q2,6833,20,143,0.00293,0.02093,0.29931,0.25068,17.63517,13.28009
COMPANY_283024_EVRG,2023,Q3,9174,11,232,0.0012,0.02529,0.53966,0.33658,21.2078,13.26963
COMPANY_283024_EVRG,2023,Q4,8438,18,177,0.00213,0.02098,0.61062,0.36124,22.08838,13.66645
COMPANY_283024_EVRG,2024,Q1,9711,31,189,0.00319,0.01946,0.26464,0.27221,18.88795,14.05915
COMPANY_283024_EVRG,2024,Q2,8715,28,229,0.00321,0.02628,0.33901,0.35997,19.01928,13.12858
COMPANY_283024_EVRG,2024,Q3,10104,27,228,0.00267,0.02257,0.4981,0.31211,18.38093,13.76679
COMPANY_283024_EVRG,2024,Q4,9910,36,237,0.00363,0.02392,0.43806,0.27857,20.56346,14.28204
COMPANY_283024_EVRG,2025,Q1,8086,19,169,0.00235,0.0209,0.45038,0.32549,20.2178,12.63771
COMPANY_283356_K,2023,Q1,10948,8,141,0.00073,0.01288,0.39233,0.33952,19.66629,10.97171
COMPANY_283356_K,2023,Q2,10709,6,185,0.00056,0.01728,0.5375,0.28956,18.09187,11.74369
COMPANY_283356_K,2023,Q3,11126,10,167,0.0009,0.01501,0.57246,0.29546,18.97132,10.61457
COMPANY_290203_VTRS,2023,Q1,8067,26,124,0.00322,0.01537,0.52692,0.33878,19.88417,12.45541
COMPANY_290203_VTRS,2023,Q2,6813,12,111,0.00176,0.01629,0.49723,0.28419,19.20641,12.24365
COMPANY_290203_VTRS,2023,Q3,6252,13,108,0.00208,0.01727,0.56653,0.32051,18.0304,12.71261
COMPANY_290203_VTRS,2023,Q4,8649,43,131,0.00497,0.01515,0.4847,0.33,18.71093,12.53266
COMPANY_290203_VTRS,2024,Q1,5827,13,92,0.00223,0.01579,0.45491,0.32575,16.82764,13.67025
COMPANY_290203_VTRS,2024,Q2,7227,26,124,0.0036,0.01716,0.52184,0.41901,19.1271,13.83144
COMPANY_290203_VTRS,2024,Q3,5955,22,79,0.00369,0.01327,0.46524,0.32345,17.07413,11.93238
COMPANY_290203_VTRS,2024,Q4,9161,33,168,0.0036,0.01834,0.40336,0.29455,19.27951,14.34516
COMPANY_290203_VTRS,2025,Q1,7653,34,167,0.00444,0.02182,0.21154,0.25668,18.28521,13.68648
COMPANY_29096_GOOGL,2023,Q1,9630,77,170,0.008,0.01765,0.43553,0.35525,18.03579,13.58368
COMPANY_29096_GOOGL,2023,Q2,9444,73,160,0.00773,0.01694,0.43482,0.36146,17.08507,13.32301
COMPANY_29096_GOOGL,2023,Q3,8780,74,142,0.00843,0.01617,0.5052,0.35954,18.07182,12.65235
COMPANY_29096_GOOGL,2023,Q4,9419,79,166,0.00839,0.01762,0.42691,0.34648,18.04459,13.49075
COMPANY_29096_GOOGL,2024,Q1,9537,92,163,0.00965,0.01709,0.40629,0.30222,18.01556,13.56659
COMPANY_29096_GOOGL,2024,Q2,9765,103,157,0.01055,0.01608,0.35635,0.40953,17.04866,13.33038
COMPANY_29096_GOOGL,2024,Q3,10866,99,189,0.00911,0.01739,0.41259,0.32589,16.36776,12.52849
COMPANY_29096_GOOGL,2024,Q4,10105,104,170,0.01029,0.01682,0.36774,0.34466,15.3744,13.68512
COMPANY_29096_GOOGL,2025,Q1,9546,92,153,0.00964,0.01603,0.37117,0.34416,15.86439,12.67148
COMPANY_291795_NEM,2023,Q1,11097,44,230,0.00397,0.02073,0.38006,0.30439,21.35647,15.72821
COMPANY_291795_NEM,2023,Q2,9173,20,166,0.00218,0.0181,0.39719,0.26705,16.75957,11.86405
COMPANY_291795_NEM,2023,Q3,9885,28,157,0.00283,0.01588,0.37452,0.27228,19.60177,15.81658
COMPANY_291795_NEM,2023,Q4,9591,42,167,0.00438,0.01741,0.2159,0.28079,17.88207,14.63397
COMPANY_291795_NEM,2024,Q1,8936,19,191,0.00213,0.02137,0.46368,0.27956,18.33129,13.08147
COMPANY_291795_NEM,2024,Q2,9645,17,226,0.00176,0.02343,0.42764,0.32825,21.46231,11.41791
COMPANY_291795_NEM,2024,Q3,9528,8,179,0.00084,0.01879,0.27422,0.28303,18.42455,12.27308
COMPANY_291795_NEM,2024,Q4,9409,24,170,0.00255,0.01807,0.39743,0.27157,18.78289,14.07831
COMPANY_291795_NEM,2025,Q1,9070,10,167,0.0011,0.01841,0.6122,0.25945,23.8042,11.6667
COMPANY_291896_NTRS,2023,Q1,11542,17,212,0.00147,0.01837,0.34223,0.26829,15.36839,10.43254
COMPANY_291896_NTRS,2023,Q2,9185,26,154,0.00283,0.01677,0.35473,0.27852,15.18401,10.85013
COMPANY_291896_NTRS,2023,Q3,8822,20,148,0.00227,0.01678,0.31885,0.26728,14.29971,11.73426
COMPANY_291896_NTRS,2023,Q4,10065,26,153,0.00258,0.0152,0.41799,0.30956,16.7439,12.49577
COMPANY_291896_NTRS,2024,Q1,8474,16,139,0.00189,0.0164,0.5549,0.27969,18.31112,8.80782
COMPANY_291896_NTRS,2024,Q2,9552,35,178,0.00366,0.01863,0.34999,0.24692,19.51094,11.04596
COMPANY_291896_NTRS,2024,Q3,12190,62,221,0.00509,0.01813,0.45857,0.27312,16.7458,9.9914
COMPANY_291896_NTRS,2024,Q4,10570,67,163,0.00634,0.01542,0.48121,0.30039,18.28035,11.28502
COMPANY_291896_NTRS,2025,Q1,10896,81,198,0.00743,0.01817,0.30527,0.23163,16.60245,10.86341
COMPANY_291981_NKE,2023,Q1,10601,36,172,0.0034,0.01622,0.52135,0.40629,18.13533,15.108
COMPANY_291981_NKE,2023,Q2,10043,30,184,0.00299,0.01832,0.48087,0.36463,17.19582,14.44289
COMPANY_291981_NKE,2023,Q3,9847,44,189,0.00447,0.01919,0.36741,0.38334,16.87378,14.63769
COMPANY_291981_NKE,2023,Q4,10293,47,122,0.00457,0.01185,0.38309,0.42577,17.52072,14.49608
COMPANY_289030_MU,2025,Q1,6632,5,136,0.00075,0.02051,0.36016,0.24405,21.70876,11.12157
COMPANY_289030_MU,2025,Q2,8713,37,172,0.00425,0.01974,0.38134,0.25924,18.97766,13.38659
COMPANY_289194_MMM,2023,Q1,11501,52,233,0.00452,0.02026,0.42949,0.29062,19.84354,12.24872
COMPANY_289194_MMM,2023,Q2,10112,37,188,0.00366,0.01859,0.30779,0.24529,18.07484,12.69141
COMPANY_289194_MMM,2023,Q3,10487,29,170,0.00277,0.01621,0.39542,0.31485,17.08151,12.42629
COMPANY_289194_MMM,2023,Q4,12691,45,226,0.00355,0.01781,0.44806,0.23735,18.97264,12.94253
COMPANY_289194_MMM,2024,Q1,11589,43,206,0.00371,0.01778,0.30944,0.30296,14.17816,10.28139
COMPANY_289194_MMM,2024,Q2,13369,34,231,0.00254,0.01728,0.28607,0.31596,15.77031,10.1611
COMPANY_289194_MMM,2024,Q3,14561,33,255,0.00227,0.01751,0.42889,0.2684,17.23809,10.49607
COMPANY_289194_MMM,2024,Q4,12146,17,202,0.0014,0.01663,0.30167,0.29096,15.48618,9.80795
COMPANY_289194_MMM,2025,Q1,11533,18,206,0.00156,0.01786,0.49988,0.22151,18.11032,11.06526
COMPANY_29002_GILD,2023,Q1,11961,35,202,0.00293,0.01689,0.4515,0.29993,20.66317,13.03036
COMPANY_29002_GILD,2023,Q2,10121,11,192,0.00109,0.01897,0.44917,0.2432,21.64756,12.95737
COMPANY_29002_GILD,2023,Q3,10676,13,207,0.00122,0.01939,0.45218,0.32708,18.98796,13.18221
COMPANY_29002_GILD,2023,Q4,10145,16,170,0.00158,0.01676,0.39354,0.23931,20.25811,13.64993
COMPANY_29002_GILD,2024,Q1,10356,22,178,0.00212,0.01719,0.33347,0.22835,19.96617,13.34592
COMPANY_29002_GILD,2024,Q2,10809,17,170,0.00157,0.01573,0.32932,0.24418,19.11832,14.01702
COMPANY_29002_GILD,2024,Q3,10875,20,176,0.00184,0.01618,0.35356,0.2399,16.84629,13.91511
COMPANY_29002_GILD,2024,Q4,10190,28,163,0.00275,0.016,0.30828,0.19004,20.86939,13.94532
COMPANY_29002_GILD,2025,Q1,11200,18,173,0.00161,0.01545,0.4417,0.28627,18.87709,14.77744
COMPANY_291981_NKE,2024,Q1,10488,25,136,0.00238,0.01297,0.45483,0.38716,19.5677,13.54472
COMPANY_291981_NKE,2024,Q2,10091,22,128,0.00218,0.01268,0.48628,0.39147,19.35581,14.6009
COMPANY_291981_NKE,2024,Q3,10121,45,146,0.00445,0.01443,0.43962,0.386,16.58628,13.00065
COMPANY_291981_NKE,2024,Q4,10796,32,132,0.00296,0.01223,0.42961,0.32401,17.35461,14.28856
COMPANY_291981_NKE,2025,Q1,8149,18,98,0.00221,0.01203,0.30295,0.3457,19.3102,14.41313
COMPANY_291981_NKE,2025,Q2,10700,16,159,0.0015,0.01486,0.31327,0.31804,15.07507,14.87492
COMPANY_291981_NKE,2025,Q3,10783,16,130,0.00148,0.01206,0.46969,0.3573,15.29762,13.49215
COMPANY_292092_NI,2023,Q1,6309,28,182,0.00444,0.02885,0.53355,0.27664,21.91522,13.9682
COMPANY_292092_NI,2023,Q2,9436,27,200,0.00286,0.0212,0.39355,0.29273,20.73901,13.78983
COMPANY_292092_NI,2023,Q3,9555,43,212,0.0045,0.02219,0.42642,0.31409,21.03805,13.83501
COMPANY_292092_NI,2023,Q4,7166,28,148,0.00391,0.02065,0.57394,0.36172,21.25904,13.96934
COMPANY_292092_NI,2024,Q1,6293,46,141,0.00731,0.02241,0.34795,0.29285,21.7791,15.59265
COMPANY_292092_NI,2024,Q2,8881,41,172,0.00462,0.01937,0.55587,0.30507,22.53999,15.18825
COMPANY_292092_NI,2024,Q3,9402,50,188,0.00532,0.02,0.41367,0.30829,21.56152,14.55836
COMPANY_292092_NI,2024,Q4,9195,63,197,0.00685,0.02142,0.36025,0.27132,19.89365,14.08572
COMPANY_292092_NI,2025,Q1,9049,59,242,0.00652,0.02674,0.3728,0.26147,18.4334,11.97043
COMPANY_292268_NSC,2023,Q1,12747,60,202,0.00471,0.01585,0.34114,0.29113,16.99363,11.73959
COMPANY_292268_NSC,2023,Q2,11749,71,249,0.00604,0.02119,0.47671,0.33177,17.24048,12.54987
COMPANY_292268_NSC,2023,Q3,12429,62,205,0.00499,0.01649,0.40439,0.29435,19.33032,13.25165
COMPANY_292268_NSC,2023,Q4,14556,81,291,0.00556,0.01999,0.40998,0.301,17.14661,12.67178
COMPANY_292268_NSC,2024,Q1,10108,61,175,0.00603,0.01731,0.46259,0.27239,18.01733,13.4739
COMPANY_292268_NSC,2024,Q2,10646,48,188,0.00451,0.01766,0.5319,0.30483,18.78113,11.8863
COMPANY_292268_NSC,2024,Q3,10353,58,164,0.0056,0.01584,0.49876,0.36413,17.24292,11.48212
COMPANY_292268_NSC,2024,Q4,10791,43,195,0.00398,0.01807,0.35526,0.32981,15.97784,10.39279
COMPANY_292268_NSC,2025,Q1,10696,44,181,0.00411,0.01692,0.39558,0.30971,17.37204,11.91068
COMPANY_292525_ES,2023,Q1,7251,21,155,0.0029,0.02138,0.37384,0.31558,17.85629,10.81539
COMPANY_292525_ES,2023,Q2,9348,15,248,0.0016,0.02653,0.56683,0.28819,19.4821,11.53422
COMPANY_292525_ES,2023,Q3,10124,26,227,0.00257,0.02242,0.4238,0.30581,17.5668,12.11112
COMPANY_292525_ES,2023,Q4,10714,36,236,0.00336,0.02203,0.30766,0.25869,19.26257,13.36232
COMPANY_292525_ES,2024,Q1,8379,26,212,0.0031,0.0253,0.23655,0.27728,17.50382,14.48396
COMPANY_292525_ES,2024,Q2,9001,53,279,0.00589,0.031,0.39716,0.2943,19.96674,12.81434
COMPANY_292525_ES,2024,Q3,10989,37,269,0.00337,0.02448,0.49961,0.33937,17.38157,11.91241
COMPANY_292525_ES,2024,Q4,9391,44,237,0.00469,0.02524,0.52977,0.29811,21.8404,12.02037
COMPANY_292525_ES,2025,Q1,8581,29,223,0.00338,0.02599,0.50021,0.28672,21.58891,14.22209
COMPANY_292891_WFC,2023,Q1,11795,27,167,0.00229,0.01416,0.26197,0.27872,18.27294,12.08718
COMPANY_292891_WFC,2023,Q2,11218,13,162,0.00116,0.01444,0.43457,0.27118,19.09856,11.49703
COMPANY_292891_WFC,2023,Q3,12237,22,152,0.0018,0.01242,0.27842,0.25525,16.32159,13.39673
COMPANY_292891_WFC,2023,Q4,12430,21,168,0.00169,0.01352,0.27883,0.3326,18.15177,12.61811
COMPANY_292891_WFC,2024,Q1,13342,15,184,0.00112,0.01379,0.50222,0.23971,18.93683,11.63477
COMPANY_292891_WFC,2024,Q2,11453,14,150,0.00122,0.0131,0.50685,0.28124,17.72256,12.90641
COMPANY_295688_PNR,2023,Q4,8552,56,176,0.00655,0.02058,0.3546,0.25979,15.39897,10.79239
COMPANY_295688_PNR,2024,Q1,9281,54,250,0.00582,0.02694,0.36521,0.30191,16.7905,10.66538
COMPANY_295688_PNR,2024,Q2,10462,71,211,0.00679,0.02017,0.40911,0.32288,17.50086,11.3553
COMPANY_295688_PNR,2024,Q3,10616,81,230,0.00763,0.02167,0.40272,0.31821,16.77616,11.82035
COMPANY_295688_PNR,2024,Q4,10321,85,215,0.00824,0.02083,0.38029,0.24668,16.64822,11.05402
COMPANY_295688_PNR,2025,Q1,10055,58,238,0.00577,0.02367,0.38638,0.22352,16.75512,9.88306
COMPANY_29574_HST,2023,Q1,9510,19,160,0.002,0.01682,0.5077,0.29055,22.76809,11.93265
COMPANY_29574_HST,2023,Q2,9584,16,162,0.00167,0.0169,0.44353,0.31677,20.88461,11.11786
COMPANY_29574_HST,2023,Q3,9558,14,135,0.00146,0.01412,0.4605,0.31242,17.89358,11.37964
COMPANY_29574_HST,2023,Q4,9325,21,148,0.00225,0.01587,0.40552,0.32288,20.30583,11.24772
COMPANY_29574_HST,2024,Q1,8983,10,108,0.00111,0.01202,0.31534,0.2192,18.43144,11.2802
COMPANY_29574_HST,2024,Q2,8756,14,122,0.0016,0.01393,0.33456,0.26279,19.21602,11.70785
COMPANY_29574_HST,2024,Q3,9513,10,154,0.00105,0.01619,0.28183,0.31112,18.90999,10.31976
COMPANY_29574_HST,2024,Q4,8490,11,118,0.0013,0.0139,0.49248,0.32423,20.81232,11.42665
COMPANY_29574_HST,2025,Q1,8276,11,152,0.00133,0.01837,0.46604,0.24006,20.43143,13.09893
COMPANY_296181_EXC,2023,Q1,9153,54,223,0.0059,0.02436,0.54165,0.34324,20.46862,12.40937
COMPANY_296181_EXC,2023,Q2,9643,41,210,0.00425,0.02178,0.5729,0.36122,21.05365,13.29611
COMPANY_296181_EXC,2023,Q3,7708,28,151,0.00363,0.01959,0.56269,0.37128,22.29095,15.65134
COMPANY_296181_EXC,2023,Q4,11161,53,250,0.00475,0.0224,0.44312,0.33947,20.94998,14.80786
COMPANY_296181_EXC,2024,Q1,5805,25,115,0.00431,0.01981,0.64337,0.35494,23.0765,15.81311
COMPANY_296181_EXC,2024,Q2,9746,35,177,0.00359,0.01816,0.54748,0.37389,20.68486,12.72577
COMPANY_296181_EXC,2024,Q3,11064,43,217,0.00389,0.01961,0.43446,0.3273,18.50092,13.27026
COMPANY_296181_EXC,2024,Q4,11265,45,199,0.00399,0.01767,0.40741,0.35604,18.39919,13.69778
COMPANY_296181_EXC,2025,Q1,8283,20,183,0.00241,0.02209,0.50539,0.3149,20.45104,14.25355
COMPANY_29618_HUM,2023,Q1,13257,43,229,0.00324,0.01727,0.49005,0.34356,20.80037,12.63205
COMPANY_29618_HUM,2023,Q2,11239,47,161,0.00418,0.01433,0.55303,0.44501,21.33353,16.52168
COMPANY_29618_HUM,2023,Q3,10632,41,175,0.00386,0.01646,0.50347,0.37508,22.09959,14.12309
COMPANY_29618_HUM,2023,Q4,12432,30,220,0.00241,0.0177,0.45411,0.34938,23.12277,12.27079
COMPANY_29618_HUM,2024,Q1,9615,13,156,0.00135,0.01622,0.51097,0.2569,22.77487,13.20588
COMPANY_29618_HUM,2024,Q2,10702,15,172,0.0014,0.01607,0.30447,0.26956,16.68933,10.51458
COMPANY_29618_HUM,2024,Q3,9762,12,140,0.00123,0.01434,0.51664,0.28356,22.97522,10.98495
COMPANY_29618_HUM,2024,Q4,9135,24,144,0.00263,0.01576,0.31084,0.23548,15.49046,9.71036
COMPANY_29618_HUM,2025,Q1,7804,11,115,0.00141,0.01474,0.34407,0.20174,17.6834,10.42271
COMPANY_296308_MO,2023,Q1,6909,16,104,0.00232,0.01505,0.23492,0.21538,17.79514,12.78921
COMPANY_296308_MO,2023,Q2,6808,23,141,0.00338,0.02071,0.33243,0.28554,19.53103,11.61294
COMPANY_296308_MO,2023,Q3,9002,33,206,0.00367,0.02288,0.27556,0.27556,16.72232,9.9474
COMPANY_296308_MO,2023,Q4,9407,27,160,0.00287,0.01701,0.32619,0.25162,19.24181,13.24156
COMPANY_296308_MO,2024,Q1,7205,22,109,0.00305,0.01513,0.26505,0.23411,20.56722,13.10817
COMPANY_296308_MO,2024,Q2,8060,35,108,0.00434,0.0134,0.14423,0.19475,18.08645,12.29409
COMPANY_296308_MO,2024,Q3,6634,24,117,0.00362,0.01764,0.44634,0.34823,19.60738,11.7496
COMPANY_294585_PNC,2023,Q2,7361,1,154,0.00014,0.02092,0.5267,0.21545,20.0,10.28718
COMPANY_294585_PNC,2023,Q3,9094,12,189,0.00132,0.02078,0.37858,0.1582,17.1972,10.02056
COMPANY_294585_PNC,2023,Q4,10699,8,201,0.00075,0.01879,0.15543,0.09885,15.42203,12.16205
COMPANY_294585_PNC,2024,Q1,9348,5,190,0.00053,0.02033,0.08325,0.17321,22.43793,9.10271
COMPANY_294585_PNC,2024,Q2,10357,17,210,0.00164,0.02028,0.36293,0.27196,17.17371,9.35671
COMPANY_294585_PNC,2024,Q3,8737,5,194,0.00057,0.0222,0.5329,0.18248,17.81783,10.28734
COMPANY_294585_PNC,2024,Q4,9386,8,179,0.00085,0.01907,0.13066,0.20153,12.29951,10.03431
COMPANY_294585_PNC,2025,Q1,9182,9,182,0.00098,0.01982,0.3883,0.10664,16.31064,10.05473
COMPANY_294639_PPG,2023,Q1,9226,24,166,0.0026,0.01799,0.42501,0.20144,16.23883,11.30768
COMPANY_294639_PPG,2023,Q2,9130,22,210,0.00241,0.023,0.16168,0.20182,15.34599,11.03263
COMPANY_294639_PPG,2023,Q3,9563,50,168,0.00523,0.01757,0.42241,0.24427,16.31733,11.22933
COMPANY_294639_PPG,2023,Q4,12484,37,196,0.00296,0.0157,0.31807,0.25812,18.48658,12.66227
COMPANY_294639_PPG,2024,Q1,10449,35,166,0.00335,0.01589,0.28507,0.33975,15.74151,13.04984
COMPANY_294639_PPG,2024,Q2,10599,38,172,0.00359,0.01623,0.27144,0.2671,16.05593,12.21914
COMPANY_294639_PPG,2024,Q3,9635,37,167,0.00384,0.01733,0.33572,0.24145,16.71164,11.73011
COMPANY_294639_PPG,2024,Q4,11213,65,186,0.0058,0.01659,0.38275,0.37269,18.4146,11.27691
COMPANY_294639_PPG,2025,Q1,11038,33,170,0.00299,0.0154,0.27837,0.31401,16.9222,10.71198
COMPANY_29470_HLT,2023,Q1,11134,29,204,0.0026,0.01832,0.25345,0.22761,14.33931,13.66937
COMPANY_29470_HLT,2023,Q2,11109,14,129,0.00126,0.01161,0.60358,0.27686,18.12659,12.31128
COMPANY_29470_HLT,2023,Q3,10505,19,167,0.00181,0.0159,0.42481,0.27618,17.25101,12.81441
COMPANY_293515_FE,2025,Q1,9043,20,203,0.00221,0.02245,0.39589,0.23644,16.81232,12.27294
COMPANY_293889_OKE,2023,Q1,7574,14,177,0.00185,0.02337,0.38953,0.23934,18.43748,11.15152
COMPANY_293889_OKE,2023,Q2,8545,10,169,0.00117,0.01978,0.46016,0.24618,21.5401,13.09777
COMPANY_293889_OKE,2023,Q3,9024,23,200,0.00255,0.02216,0.34678,0.30541,20.41486,13.08601
COMPANY_293889_OKE,2023,Q4,9989,29,211,0.0029,0.02112,0.43356,0.30697,17.36824,11.70853
COMPANY_293889_OKE,2024,Q1,8512,23,193,0.0027,0.02267,0.36974,0.24757,16.87767,12.65783
COMPANY_293889_OKE,2024,Q2,7804,36,187,0.00461,0.02396,0.37241,0.28881,16.61411,14.45558
COMPANY_293889_OKE,2024,Q3,7537,25,184,0.00332,0.02441,0.3736,0.29212,18.57366,13.77349
COMPANY_293889_OKE,2024,Q4,8459,39,145,0.00461,0.01714,0.37247,0.26455,21.12445,13.82659
COMPANY_293889_OKE,2025,Q1,8694,47,180,0.00541,0.0207,0.19823,0.26568,17.1544,13.21537
COMPANY_294550_PHM,2023,Q1,10959,11,245,0.001,0.02236,0.26341,0.28411,15.68986,12.19951
COMPANY_294550_PHM,2023,Q2,11692,11,256,0.00094,0.0219,0.30336,0.28226,15.43479,11.12545
COMPANY_294550_PHM,2023,Q3,11885,20,241,0.00168,0.02028,0.42713,0.32913,17.84094,13.49759
COMPANY_294550_PHM,2023,Q4,11541,7,213,0.00061,0.01846,0.43906,0.2602,19.54402,10.71908
COMPANY_294550_PHM,2024,Q1,11111,11,237,0.00099,0.02133,0.49831,0.35264,18.53756,13.87119
COMPANY_294550_PHM,2024,Q2,10967,3,218,0.00027,0.01988,0.36353,0.24305,16.87633,11.48157
COMPANY_294550_PHM,2024,Q3,10808,12,210,0.00111,0.01943,0.61284,0.29271,19.11779,11.98645
COMPANY_294550_PHM,2024,Q4,10290,10,184,0.00097,0.01788,0.47774,0.24987,17.10693,14.05937
COMPANY_294550_PHM,2025,Q1,11063,23,252,0.00208,0.02278,0.4088,0.22962,18.20605,11.24329
COMPANY_294585_PNC,2023,Q1,8725,13,182,0.00149,0.02086,0.07284,0.15067,17.00431,11.86735
COMPANY_295170_PH,2024,Q2,8469,32,132,0.00378,0.01559,0.52844,0.2207,13.9389,12.00378
COMPANY_295170_PH,2024,Q3,10613,28,203,0.00264,0.01913,0.4657,0.24997,14.6265,11.92979
COMPANY_295170_PH,2024,Q4,10722,25,201,0.00233,0.01875,0.38905,0.28609,16.95761,11.24644
COMPANY_295170_PH,2025,Q1,9291,29,171,0.00312,0.0184,0.38467,0.27243,15.33288,10.43005
COMPANY_295170_PH,2025,Q2,9336,27,228,0.00289,0.02442,0.45452,0.25483,15.27825,10.11109
COMPANY_295170_PH,2025,Q3,10599,26,234,0.00245,0.02208,0.4371,0.29321,16.03075,11.6715
COMPANY_295368_PAYX,2023,Q1,16410,94,270,0.00573,0.01645,0.48367,0.39332,24.28407,14.20859
COMPANY_295368_PAYX,2023,Q2,12263,72,188,0.00587,0.01533,0.40216,0.24098,17.40811,10.97348
COMPANY_295368_PAYX,2023,Q3,15764,49,248,0.00311,0.01573,0.38763,0.29817,18.25189,12.3572
COMPANY_295368_PAYX,2023,Q4,15151,69,237,0.00455,0.01564,0.46307,0.29336,19.1469,11.43118
COMPANY_295368_PAYX,2024,Q1,13383,42,236,0.00314,0.01763,0.40441,0.28813,19.09298,11.21253
COMPANY_295368_PAYX,2024,Q2,14450,81,257,0.00561,0.01779,0.40221,0.32935,17.55192,10.35215
COMPANY_295368_PAYX,2024,Q3,11019,44,184,0.00399,0.0167,0.52684,0.20237,18.6138,11.08679
COMPANY_295368_PAYX,2024,Q4,10975,80,194,0.00729,0.01768,0.44129,0.28807,18.14741,11.20232
COMPANY_295368_PAYX,2025,Q1,12695,55,197,0.00433,0.01552,0.52735,0.32128,19.54598,11.17796
COMPANY_295368_PAYX,2025,Q2,13267,63,190,0.00475,0.01432,0.41554,0.24842,16.93841,9.41709
COMPANY_295368_PAYX,2025,Q3,15551,75,243,0.00482,0.01563,0.35409,0.20536,16.39151,10.1635
COMPANY_295688_PNR,2023,Q1,10640,91,283,0.00855,0.0266,0.48611,0.28005,18.39263,11.45392
COMPANY_295688_PNR,2023,Q2,9905,80,256,0.00808,0.02585,0.46747,0.3067,17.40173,14.49596
COMPANY_295688_PNR,2023,Q3,11256,96,291,0.00853,0.02585,0.42816,0.31249,18.00141,11.05795
COMPANY_292891_WFC,2024,Q3,9267,13,134,0.0014,0.01446,0.46708,0.23567,17.45823,10.9086
COMPANY_292891_WFC,2024,Q4,12305,28,140,0.00228,0.01138,0.32505,0.26237,21.02029,12.06672
COMPANY_292891_WFC,2025,Q1,15302,22,201,0.00144,0.01314,0.3396,0.24939,14.73995,12.17152
COMPANY_293286_OXY,2023,Q1,9694,20,183,0.00206,0.01888,0.47299,0.3179,19.31424,14.60748
COMPANY_293286_OXY,2023,Q2,11487,31,246,0.0027,0.02142,0.46357,0.32201,18.19074,13.75517
COMPANY_293286_OXY,2023,Q3,10012,94,212,0.00939,0.02117,0.36112,0.3248,17.46876,13.95728
COMPANY_293286_OXY,2023,Q4,9942,25,209,0.00251,0.02102,0.38306,0.27999,18.58948,14.20362
COMPANY_293286_OXY,2024,Q1,8527,24,184,0.00281,0.02158,0.47681,0.30474,19.96124,13.28092
COMPANY_293286_OXY,2024,Q2,9685,26,174,0.00268,0.01797,0.48953,0.30163,18.78872,13.09446
COMPANY_293286_OXY,2024,Q3,9632,33,173,0.00343,0.01796,0.49003,0.34805,19.07004,12.99349
COMPANY_293286_OXY,2024,Q4,9886,42,191,0.00425,0.01932,0.3116,0.24396,16.78629,11.92367
COMPANY_293286_OXY,2025,Q1,8909,25,191,0.00281,0.02144,0.42253,0.28164,17.30782,13.91903
COMPANY_293515_FE,2023,Q1,8795,18,206,0.00205,0.02342,0.44463,0.29959,19.89776,12.62432
COMPANY_293515_FE,2023,Q2,9767,22,208,0.00225,0.0213,0.41093,0.28091,17.70636,11.9123
COMPANY_293515_FE,2023,Q3,9505,26,222,0.00274,0.02336,0.49931,0.33883,20.80128,12.08692
COMPANY_293515_FE,2023,Q4,11295,18,278,0.00159,0.02461,0.49736,0.25856,20.08655,11.89916
COMPANY_293515_FE,2024,Q1,9339,27,200,0.00289,0.02142,0.35028,0.26322,17.65493,13.54754
COMPANY_293515_FE,2024,Q2,11146,25,241,0.00224,0.02162,0.51233,0.28049,20.29783,11.63826
COMPANY_293515_FE,2024,Q3,11088,45,253,0.00406,0.02282,0.41144,0.34162,18.00107,11.79884
COMPANY_293515_FE,2024,Q4,9598,25,259,0.0026,0.02698,0.48734,0.27095,18.52072,12.16154
COMPANY_296308_MO,2024,Q4,8501,23,144,0.00271,0.01694,0.25957,0.23858,22.0774,12.88337
COMPANY_296308_MO,2025,Q1,6709,20,126,0.00298,0.01878,0.30659,0.2849,14.83193,10.73233
COMPANY_296527_COP,2023,Q1,6024,9,140,0.00149,0.02324,0.12487,0.24532,17.23578,11.98085
COMPANY_296527_COP,2023,Q2,9965,14,204,0.0014,0.02047,0.37792,0.29736,16.44288,11.83701
COMPANY_296527_COP,2023,Q3,9050,15,192,0.00166,0.02122,0.34049,0.27739,19.60395,12.5639
COMPANY_296527_COP,2023,Q4,8464,11,182,0.0013,0.0215,0.3058,0.27972,19.85436,10.15078
COMPANY_296527_COP,2024,Q1,7562,22,146,0.00291,0.01931,0.36139,0.24194,16.86464,12.07274
COMPANY_296527_COP,2024,Q2,10394,22,213,0.00212,0.02049,0.33034,0.18501,17.43635,12.08454
COMPANY_296527_COP,2024,Q3,9329,14,200,0.0015,0.02144,0.3028,0.19456,19.79942,11.96189
COMPANY_296527_COP,2024,Q4,10823,21,197,0.00194,0.0182,0.32948,0.23589,15.73514,11.53297
COMPANY_296527_COP,2025,Q1,8713,14,214,0.00161,0.02456,0.25043,0.20273,18.90898,12.49267
COMPANY_296957_PNW,2023,Q1,5740,4,90,0.0007,0.01568,0.3022,0.36428,16.10296,12.45107
COMPANY_296957_PNW,2023,Q2,5801,9,130,0.00155,0.02241,0.47591,0.28347,17.80918,12.03595
COMPANY_296957_PNW,2023,Q3,9051,12,184,0.00133,0.02033,0.33743,0.26525,21.82402,15.34476
COMPANY_296957_PNW,2023,Q4,10688,27,276,0.00253,0.02582,0.49671,0.39701,20.70578,14.7109
COMPANY_296957_PNW,2024,Q1,6100,19,102,0.00311,0.01672,0.36957,0.29658,19.67013,14.28249
COMPANY_296957_PNW,2024,Q2,6592,10,131,0.00152,0.01987,0.36214,0.30472,19.21349,12.03967
COMPANY_296957_PNW,2024,Q3,10070,25,247,0.00248,0.02453,0.46393,0.33314,20.28275,12.64218
COMPANY_296957_PNW,2024,Q4,5714,20,152,0.0035,0.0266,0.56377,0.29768,23.82334,13.1955
COMPANY_296957_PNW,2025,Q1,7470,24,202,0.00321,0.02704,0.35412,0.26058,19.95485,13.12513
COMPANY_29470_HLT,2023,Q4,10173,34,204,0.00334,0.02005,0.41424,0.26721,15.69085,12.6165
COMPANY_29470_HLT,2024,Q1,10073,17,173,0.00169,0.01717,0.50399,0.30796,18.66077,13.36658
COMPANY_29470_HLT,2024,Q2,10567,20,193,0.00189,0.01826,0.38135,0.30459,20.01338,11.52384
COMPANY_29470_HLT,2024,Q3,10607,17,183,0.0016,0.01725,0.40194,0.30249,16.79562,12.35926
COMPANY_29470_HLT,2024,Q4,11289,17,189,0.00151,0.01674,0.37948,0.2546,13.73215,11.18871
COMPANY_29470_HLT,2025,Q1,11585,17,186,0.00147,0.01606,0.33842,0.24094,14.32972,11.94547
COMPANY_294721_PCAR,2023,Q1,8376,31,193,0.0037,0.02304,0.40519,0.28862,18.25497,8.23217
COMPANY_294721_PCAR,2023,Q2,8570,22,173,0.00257,0.02019,0.52216,0.27416,17.6747,8.06431
COMPANY_294721_PCAR,2023,Q3,7293,30,147,0.00411,0.02016,0.44901,0.23,18.16873,9.68736
COMPANY_294721_PCAR,2023,Q4,8070,18,175,0.00223,0.02169,0.34939,0.2781,15.83463,9.22201
COMPANY_294721_PCAR,2024,Q1,5367,21,122,0.00391,0.02273,0.43111,0.29414,17.71641,9.43217
COMPANY_294721_PCAR,2024,Q2,8844,19,210,0.00215,0.02374,0.57635,0.26094,18.09591,8.79581
COMPANY_294721_PCAR,2024,Q3,8911,10,222,0.00112,0.02491,0.64108,0.22569,17.35828,8.19698
COMPANY_294721_PCAR,2024,Q4,8089,12,178,0.00148,0.02201,0.41203,0.27134,16.72603,8.00257
COMPANY_294721_PCAR,2025,Q1,9625,11,205,0.00114,0.0213,0.61547,0.20445,20.03502,9.60834
COMPANY_295170_PH,2023,Q1,11014,23,175,0.00209,0.01589,0.50344,0.24603,16.13664,10.21767
COMPANY_295170_PH,2023,Q2,10435,34,176,0.00326,0.01687,0.44669,0.24578,15.19118,12.10516
COMPANY_295170_PH,2023,Q3,10935,24,232,0.00219,0.02122,0.4426,0.29507,15.59031,11.56868
COMPANY_295170_PH,2023,Q4,10205,18,164,0.00176,0.01607,0.56219,0.21858,14.24996,11.12402
COMPANY_295170_PH,2024,Q1,10731,33,201,0.00308,0.01873,0.47468,0.20964,16.61916,11.97568
COMPANY_297244_BRO,2023,Q1,9256,16,153,0.00173,0.01653,0.16968,0.27051,14.92369,8.18336
COMPANY_297244_BRO,2023,Q2,10772,14,178,0.0013,0.01652,0.44242,0.25274,16.58354,9.22567
COMPANY_297244_BRO,2023,Q3,7250,17,126,0.00234,0.01738,0.60646,0.25716,20.15813,9.56704
COMPANY_297244_BRO,2023,Q4,10649,22,188,0.00207,0.01765,0.25562,0.25126,15.35209,9.24396
COMPANY_297244_BRO,2024,Q1,9877,13,130,0.00132,0.01316,0.4439,0.26667,14.94083,11.5855
COMPANY_297244_BRO,2024,Q2,10407,27,173,0.00259,0.01662,0.50428,0.24717,17.42025,9.29546
COMPANY_297244_BRO,2024,Q3,9003,18,159,0.002,0.01766,0.58378,0.23849,19.18512,10.29384
COMPANY_297244_BRO,2024,Q4,8785,14,147,0.00159,0.01673,0.45485,0.23396,15.81345,10.43256
COMPANY_297244_BRO,2025,Q1,9340,9,149,0.00096,0.01595,0.13934,0.18792,15.54182,10.87962
COMPANY_29726_BIIB,2023,Q1,12443,29,200,0.00233,0.01607,0.29534,0.21725,18.12395,13.59408
COMPANY_29726_BIIB,2023,Q2,12873,20,186,0.00155,0.01445,0.20957,0.23084,16.22671,12.62548
COMPANY_29726_BIIB,2023,Q3,10469,17,191,0.00162,0.01824,0.31451,0.18593,18.25419,14.03058
COMPANY_29726_BIIB,2023,Q4,12178,28,188,0.0023,0.01544,0.25718,0.27905,17.46191,12.04955
COMPANY_29726_BIIB,2024,Q1,11087,25,177,0.00225,0.01596,0.21931,0.26002,14.0574,13.05483
COMPANY_29726_BIIB,2024,Q2,11711,26,192,0.00222,0.01639,0.4409,0.30689,17.88866,14.35616
COMPANY_29726_BIIB,2024,Q3,10400,34,177,0.00327,0.01702,0.30384,0.30165,18.18277,13.06041
COMPANY_29726_BIIB,2024,Q4,11965,18,178,0.0015,0.01488,0.37638,0.29263,17.28401,11.2871
COMPANY_29726_BIIB,2025,Q1,10785,13,173,0.00121,0.01604,0.41772,0.29199,16.53505,11.69614
COMPANY_29728_IEX,2023,Q1,9194,29,173,0.00315,0.01882,0.29665,0.1962,17.55105,12.21799
COMPANY_29728_IEX,2023,Q2,9862,37,196,0.00375,0.01987,0.27899,0.28255,17.79479,14.09989
COMPANY_29728_IEX,2023,Q3,9815,40,195,0.00408,0.01987,0.36487,0.20265,17.13542,13.55583
COMPANY_29728_IEX,2023,Q4,12731,37,242,0.00291,0.01901,0.3474,0.27022,19.26851,13.88886
COMPANY_29728_IEX,2024,Q1,8310,33,135,0.00397,0.01625,0.40954,0.29476,19.8247,14.64954
COMPANY_29728_IEX,2024,Q2,10299,40,216,0.00388,0.02097,0.37586,0.26961,18.61289,13.55999
COMPANY_29728_IEX,2024,Q3,12516,68,278,0.00543,0.02221,0.38891,0.2656,17.15042,13.10194
COMPANY_29728_IEX,2024,Q4,13662,82,219,0.006,0.01603,0.35604,0.26351,17.39751,13.12577
COMPANY_29728_IEX,2025,Q1,10958,65,197,0.00593,0.01798,0.44808,0.29852,17.82992,13.67778
COMPANY_29729_IDXX,2023,Q1,9447,54,142,0.00572,0.01503,0.57414,0.36314,18.71716,13.03453
COMPANY_29729_IDXX,2023,Q2,8596,40,103,0.00465,0.01198,0.57986,0.44873,19.75619,13.16499
COMPANY_29729_IDXX,2023,Q3,9821,65,142,0.00662,0.01446,0.46088,0.39433,19.19325,13.45605
COMPANY_29729_IDXX,2023,Q4,9119,67,108,0.00735,0.01184,0.54104,0.39338,21.65179,14.56988
COMPANY_29729_IDXX,2024,Q1,9800,70,121,0.00714,0.01235,0.54596,0.35056,19.45744,13.3636
COMPANY_29729_IDXX,2024,Q2,9533,46,118,0.00483,0.01238,0.48399,0.37415,20.49274,15.96141
COMPANY_29729_IDXX,2024,Q3,9961,56,130,0.00562,0.01305,0.48664,0.28639,20.53695,14.53965
COMPANY_29729_IDXX,2024,Q4,8858,51,119,0.00576,0.01343,0.47696,0.37707,20.10792,12.99908
COMPANY_29729_IDXX,2025,Q1,10119,45,140,0.00445,0.01384,0.30213,0.32585,19.35382,13.41373
COMPANY_298482_PEG,2023,Q1,10928,36,238,0.00329,0.02178,0.41209,0.29915,17.72144,10.56615
COMPANY_298482_PEG,2023,Q2,9868,24,197,0.00243,0.01996,0.36282,0.26445,19.63471,13.22736
COMPANY_298482_PEG,2023,Q3,10968,24,229,0.00219,0.02088,0.46639,0.22902,18.13728,11.02647
COMPANY_298482_PEG,2023,Q4,8111,16,175,0.00197,0.02158,0.51561,0.2906,18.49196,11.85356
COMPANY_298482_PEG,2024,Q1,9870,41,168,0.00415,0.01702,0.40175,0.25902,18.03385,13.21329
COMPANY_298482_PEG,2024,Q2,11504,33,254,0.00287,0.02208,0.40252,0.31138,17.3015,12.85834
COMPANY_298482_PEG,2024,Q3,11312,31,258,0.00274,0.02281,0.41761,0.24767,18.80676,11.57305
COMPANY_298482_PEG,2024,Q4,9251,13,179,0.00141,0.01935,0.56108,0.26487,17.13099,13.2552
COMPANY_298482_PEG,2025,Q1,11008,40,232,0.00363,0.02108,0.43545,0.27226,16.8652,12.41216
COMPANY_300504_ROK,2023,Q1,8852,49,181,0.00554,0.02045,0.5036,0.30713,18.60817,10.66789
COMPANY_300504_ROK,2023,Q2,9252,57,164,0.00616,0.01773,0.45673,0.26685,18.80615,12.01276
COMPANY_300504_ROK,2023,Q3,9421,71,170,0.00754,0.01804,0.46089,0.31651,17.63796,9.96427
COMPANY_300504_ROK,2023,Q4,10039,64,226,0.00638,0.02251,0.48833,0.26852,19.62346,10.68104
COMPANY_300504_ROK,2024,Q1,9829,47,209,0.00478,0.02126,0.39112,0.26726,18.82376,10.57578
COMPANY_300504_ROK,2024,Q2,9420,53,158,0.00563,0.01677,0.38678,0.26969,17.34665,12.87408
COMPANY_300504_ROK,2024,Q3,10877,57,208,0.00524,0.01912,0.39673,0.30999,17.32935,12.08492
COMPANY_300504_ROK,2024,Q4,10092,69,173,0.00684,0.01714,0.34223,0.29316,17.40349,11.81561
COMPANY_300504_ROK,2025,Q1,10536,65,181,0.00617,0.01718,0.38682,0.24538,16.16434,11.54217
COMPANY_300504_ROK,2025,Q2,10747,59,208,0.00549,0.01935,0.47739,0.26147,17.57704,11.95792
COMPANY_300753_ROL,2023,Q1,5996,10,85,0.00167,0.01418,0.52505,0.37457,17.96369,11.41145
COMPANY_300753_ROL,2023,Q2,7870,18,137,0.00229,0.01741,0.40716,0.32409,15.99819,11.33385
COMPANY_300753_ROL,2023,Q3,8572,27,145,0.00315,0.01692,0.50486,0.37358,18.32949,11.46704
COMPANY_300753_ROL,2023,Q4,9103,17,160,0.00187,0.01758,0.49516,0.35639,16.7181,9.12324
COMPANY_300753_ROL,2024,Q1,5257,10,98,0.0019,0.01864,0.54302,0.33982,16.29867,11.30492
COMPANY_301966_SLB,2024,Q4,9740,54,186,0.00554,0.0191,0.57615,0.35531,22.63938,13.40087
COMPANY_301966_SLB,2025,Q1,10139,67,193,0.00661,0.01904,0.43585,0.27562,19.07199,13.5779
COMPANY_30239_ISRG,2023,Q1,9831,35,181,0.00356,0.01841,0.14663,0.2021,16.09544,12.91284
COMPANY_30239_ISRG,2023,Q2,9512,63,180,0.00662,0.01892,0.2511,0.24307,16.26925,13.45772
COMPANY_30239_ISRG,2023,Q3,9343,44,168,0.00471,0.01798,0.22993,0.24743,15.95764,11.00314
COMPANY_30239_ISRG,2023,Q4,9961,81,169,0.00813,0.01697,0.23528,0.26029,16.57945,12.14817
COMPANY_30239_ISRG,2024,Q1,10081,60,193,0.00595,0.01914,0.29729,0.318,16.09277,12.00487
COMPANY_30239_ISRG,2024,Q2,10472,54,192,0.00516,0.01833,0.23958,0.26412,16.45552,10.85581
COMPANY_30239_ISRG,2024,Q3,9484,62,182,0.00654,0.01919,0.28134,0.27253,17.66611,12.45926
COMPANY_30239_ISRG,2024,Q4,10354,55,173,0.00531,0.01671,0.35539,0.30256,16.97415,12.00258
COMPANY_30239_ISRG,2025,Q1,9695,42,175,0.00433,0.01805,0.23136,0.27168,16.48281,11.68924
COMPANY_30292_IRM,2023,Q1,9270,35,104,0.00378,0.01122,0.56067,0.33546,21.05741,14.57785
COMPANY_30292_IRM,2023,Q2,9861,40,126,0.00406,0.01278,0.53928,0.32859,19.82835,14.10372
COMPANY_30292_IRM,2023,Q3,7937,55,90,0.00693,0.01134,0.54251,0.29503,19.6137,12.92737
COMPANY_30292_IRM,2023,Q4,7991,32,117,0.004,0.01464,0.57431,0.33746,19.77381,13.15012
COMPANY_30292_IRM,2024,Q1,6914,41,112,0.00593,0.0162,0.59875,0.37128,19.52407,12.12833
COMPANY_30292_IRM,2024,Q2,6927,36,83,0.0052,0.01198,0.66176,0.33378,20.85034,12.52454
COMPANY_30292_IRM,2024,Q3,7252,36,87,0.00496,0.012,0.47442,0.35093,16.61571,12.48129
COMPANY_30292_IRM,2024,Q4,8258,64,105,0.00775,0.01271,0.57771,0.36893,24.00028,14.93638
COMPANY_30292_IRM,2025,Q1,7637,47,109,0.00615,0.01427,0.54622,0.31636,19.8631,12.33123
COMPANY_300753_ROL,2024,Q2,6412,9,118,0.0014,0.0184,0.59026,0.29,20.08946,9.94248
COMPANY_300753_ROL,2024,Q3,7592,14,115,0.00184,0.01515,0.2735,0.28927,15.45954,12.02805
COMPANY_300753_ROL,2024,Q4,8723,11,121,0.00126,0.01387,0.36364,0.36068,14.80057,9.61797
COMPANY_300753_ROL,2025,Q1,9285,20,163,0.00215,0.01756,0.37131,0.22956,17.02098,10.86088
COMPANY_301891_EIX,2023,Q1,3943,18,105,0.00457,0.02663,0.32197,0.28789,21.17449,13.34425
COMPANY_301891_EIX,2023,Q2,9573,43,276,0.00449,0.02883,0.44021,0.26089,19.95402,14.35701
COMPANY_301891_EIX,2023,Q3,9354,35,224,0.00374,0.02395,0.21979,0.28881,17.36457,13.27029
COMPANY_301891_EIX,2023,Q4,10529,30,225,0.00285,0.02137,0.26604,0.27887,22.00907,13.43425
COMPANY_301891_EIX,2024,Q1,6954,34,127,0.00489,0.01826,0.13414,0.20279,19.36172,15.47677
COMPANY_301891_EIX,2024,Q2,6728,36,165,0.00535,0.02452,0.24887,0.25027,18.11026,14.95608
COMPANY_301891_EIX,2024,Q3,10415,29,243,0.00278,0.02333,0.25488,0.25713,16.61883,13.67366
COMPANY_301891_EIX,2024,Q4,10647,54,224,0.00507,0.02104,0.31611,0.25011,17.55841,14.59737
COMPANY_301891_EIX,2025,Q1,7962,32,190,0.00402,0.02386,0.21017,0.28239,18.49756,14.26342
COMPANY_301966_SLB,2023,Q1,9504,58,197,0.0061,0.02073,0.4771,0.37584,21.33607,14.44303
COMPANY_301966_SLB,2023,Q2,9241,59,164,0.00638,0.01775,0.59336,0.33912,24.45387,13.73715
COMPANY_301966_SLB,2023,Q3,9149,91,187,0.00995,0.02044,0.45385,0.3891,21.34542,14.09625
COMPANY_301966_SLB,2023,Q4,9244,65,139,0.00703,0.01504,0.45674,0.32305,21.00821,15.28279
COMPANY_301966_SLB,2024,Q1,9353,69,226,0.00738,0.02416,0.56565,0.38595,24.86708,15.61386
COMPANY_301966_SLB,2024,Q2,9186,51,168,0.00555,0.01829,0.53115,0.37636,22.17169,14.44103
COMPANY_301966_SLB,2024,Q3,9497,73,184,0.00769,0.01937,0.47303,0.35725,23.49576,15.64493
COMPANY_304977_SWK,2023,Q2,9275,53,236,0.00571,0.02544,0.53556,0.31214,19.80146,15.28764
COMPANY_304977_SWK,2023,Q3,9555,45,240,0.00471,0.02512,0.44362,0.30701,19.29407,14.59662
COMPANY_304977_SWK,2023,Q4,8706,63,210,0.00724,0.02412,0.33313,0.29689,19.44755,15.12344
COMPANY_304977_SWK,2024,Q1,9827,59,215,0.006,0.02188,0.41295,0.31546,18.97944,14.56051
COMPANY_304977_SWK,2024,Q2,9479,62,218,0.00654,0.023,0.43513,0.36604,20.59388,15.74414
COMPANY_304977_SWK,2024,Q3,9892,54,197,0.00546,0.01992,0.39385,0.36569,17.53136,14.94759
COMPANY_304977_SWK,2024,Q4,10436,52,181,0.00498,0.01734,0.42093,0.31918,17.69293,14.91628
COMPANY_304977_SWK,2025,Q1,9933,40,199,0.00403,0.02003,0.3838,0.30834,17.98624,14.7608
COMPANY_3051626_MPWR,2023,Q1,6716,35,128,0.00521,0.01906,0.38019,0.15231,14.13424,10.54795
COMPANY_3051626_MPWR,2023,Q2,6182,23,104,0.00372,0.01682,0.3863,0.24615,13.51558,10.05886
COMPANY_3051626_MPWR,2023,Q3,7716,29,157,0.00376,0.02035,0.44531,0.2332,13.4633,8.39177
COMPANY_3051626_MPWR,2023,Q4,8209,47,182,0.00573,0.02217,0.3286,0.20909,13.8029,9.90467
COMPANY_3051626_MPWR,2024,Q1,5911,34,137,0.00575,0.02318,0.35477,0.25681,14.69953,9.53816
COMPANY_3051626_MPWR,2024,Q2,5459,45,109,0.00824,0.01997,0.33741,0.29847,13.66051,9.09869
COMPANY_3051626_MPWR,2024,Q3,6113,34,166,0.00556,0.02716,0.54294,0.22736,16.74065,7.8787
COMPANY_3051626_MPWR,2024,Q4,7910,58,188,0.00733,0.02377,0.32898,0.23639,14.49862,8.37028
COMPANY_3051626_MPWR,2025,Q1,7464,53,191,0.0071,0.02559,0.38704,0.27053,13.69244,7.94575
COMPANY_305304_USB,2023,Q1,10500,9,252,0.00086,0.024,0.3677,0.23614,16.00007,11.15101
COMPANY_305304_USB,2023,Q2,8949,9,188,0.00101,0.02101,0.56831,0.25381,19.92273,11.36737
COMPANY_305304_USB,2023,Q3,9296,5,198,0.00054,0.0213,0.43296,0.29026,18.0522,12.71503
COMPANY_303104_SHW,2023,Q1,16658,61,258,0.00366,0.01549,0.39774,0.20807,17.32796,11.02658
COMPANY_303104_SHW,2023,Q2,16529,54,298,0.00327,0.01803,0.45683,0.29857,17.22661,10.21675
COMPANY_303104_SHW,2023,Q3,14877,48,260,0.00323,0.01748,0.34858,0.24499,15.83391,11.65176
COMPANY_303104_SHW,2023,Q4,11925,40,223,0.00335,0.0187,0.41147,0.3247,17.98065,10.21208
COMPANY_303104_SHW,2024,Q1,11094,53,177,0.00478,0.01595,0.44992,0.19084,17.35702,11.75406
COMPANY_303104_SHW,2024,Q2,10402,39,164,0.00375,0.01577,0.46386,0.25428,17.66986,12.48838
COMPANY_303104_SHW,2024,Q3,11692,41,191,0.00351,0.01634,0.45628,0.35117,16.98325,12.22918
COMPANY_303104_SHW,2024,Q4,12558,27,195,0.00215,0.01553,0.48401,0.35569,18.17435,13.00182
COMPANY_303104_SHW,2025,Q1,10511,40,167,0.00381,0.01589,0.4968,0.29147,19.59328,11.34943
COMPANY_303591_SJM,2023,Q1,5992,3,144,0.0005,0.02403,0.52807,0.24512,28.8477,10.6294
COMPANY_303591_SJM,2023,Q2,3974,9,48,0.00226,0.01208,0.76882,0.40663,23.02359,17.65847
COMPANY_303591_SJM,2023,Q3,5492,6,147,0.00109,0.02677,0.31277,0.30241,21.11347,9.26781
COMPANY_303591_SJM,2023,Q4,4388,16,54,0.00365,0.01231,0.70768,0.44876,20.92141,17.75102
COMPANY_303591_SJM,2024,Q1,4908,5,101,0.00102,0.02058,0.10328,0.22135,11.61269,9.04934
COMPANY_303591_SJM,2024,Q2,4040,12,75,0.00297,0.01856,0.65346,0.19229,17.80332,9.58101
COMPANY_303591_SJM,2024,Q3,7370,20,163,0.00271,0.02212,0.52023,0.29543,18.53085,10.89924
COMPANY_303591_SJM,2024,Q4,4360,19,57,0.00436,0.01307,0.57584,0.48596,21.03756,18.48461
COMPANY_303591_SJM,2025,Q1,7267,8,166,0.0011,0.02284,0.55106,0.27567,20.95831,10.46086
COMPANY_303591_SJM,2025,Q2,6980,4,120,0.00057,0.01719,0.36575,0.2213,14.0875,9.2073
COMPANY_303591_SJM,2025,Q3,4934,15,55,0.00304,0.01115,0.66791,0.31172,21.13912,17.33177
COMPANY_306688_TJX,2024,Q2,9343,14,129,0.0015,0.01381,0.34033,0.30678,16.45465,10.17151
COMPANY_306688_TJX,2024,Q3,9811,10,130,0.00102,0.01325,0.40087,0.33165,15.6488,10.79412
COMPANY_306688_TJX,2024,Q4,10299,14,109,0.00136,0.01058,0.38253,0.39357,14.91855,10.32325
COMPANY_306688_TJX,2025,Q1,10021,10,175,0.001,0.01746,0.38939,0.32456,17.52746,11.44203
COMPANY_306688_TJX,2025,Q2,10920,17,212,0.00156,0.01941,0.48513,0.37088,15.26582,9.47417
COMPANY_306688_TJX,2025,Q3,10578,14,163,0.00132,0.01541,0.42237,0.3361,17.98454,10.2008
COMPANY_306688_TJX,2025,Q4,10549,11,178,0.00104,0.01687,0.38925,0.29863,14.5346,11.22661
COMPANY_30763_LEN,2023,Q1,12838,70,282,0.00545,0.02197,0.25896,0.25147,17.18525,14.43866
COMPANY_30763_LEN,2023,Q2,12075,66,266,0.00547,0.02203,0.29707,0.27609,17.53105,14.01391
COMPANY_30763_LEN,2023,Q3,11638,62,264,0.00533,0.02268,0.26204,0.27628,16.51781,12.55307
COMPANY_30763_LEN,2023,Q4,11534,72,220,0.00624,0.01907,0.35723,0.28108,18.18572,13.63247
COMPANY_30763_LEN,2024,Q1,11660,71,207,0.00609,0.01775,0.3571,0.34062,16.95475,13.54907
COMPANY_30763_LEN,2024,Q2,13145,78,227,0.00593,0.01727,0.26912,0.29374,17.7403,12.95905
COMPANY_30763_LEN,2024,Q3,12151,61,228,0.00502,0.01876,0.33288,0.3099,18.26465,13.91963
COMPANY_30763_LEN,2024,Q4,3554,33,96,0.00929,0.02701,0.27724,0.29687,21.74645,17.67085
COMPANY_30763_LEN,2025,Q1,11186,55,255,0.00492,0.0228,0.32373,0.26411,19.21073,13.79392
COMPANY_308037_TPL,2023,Q1,2756,4,65,0.00145,0.02358,0.1837,0.3065,15.27991,8.90378
COMPANY_308037_TPL,2023,Q2,3224,10,58,0.0031,0.01799,0.48593,0.41444,20.71138,11.41107
COMPANY_308037_TPL,2023,Q3,3091,10,73,0.00324,0.02362,0.17891,0.28428,19.00915,13.732
COMPANY_308037_TPL,2023,Q4,5276,22,88,0.00417,0.01668,0.38771,0.36108,16.80016,13.29099
COMPANY_303646_SNA,2023,Q1,12607,31,165,0.00246,0.01309,0.34614,0.27126,18.93486,12.06462
COMPANY_303646_SNA,2023,Q2,10457,27,144,0.00258,0.01377,0.45148,0.28992,18.63121,12.3178
COMPANY_303646_SNA,2023,Q3,11884,27,168,0.00227,0.01414,0.36869,0.29888,19.13002,13.05304
COMPANY_303646_SNA,2023,Q4,11804,23,166,0.00195,0.01406,0.32903,0.23311,18.98014,12.63614
COMPANY_303646_SNA,2024,Q1,11940,42,166,0.00352,0.0139,0.31943,0.19556,19.48203,10.50222
COMPANY_303646_SNA,2024,Q2,13243,42,188,0.00317,0.0142,0.27982,0.12917,18.43381,12.78092
COMPANY_303646_SNA,2024,Q3,12146,39,165,0.00321,0.01358,0.38636,0.18778,18.08423,10.85954
COMPANY_303646_SNA,2024,Q4,10343,40,153,0.00387,0.01479,0.51307,0.25032,20.53169,12.624
COMPANY_303646_SNA,2025,Q1,6485,1,113,0.00015,0.01742,0.0,0.10905,23.61739,8.93439
COMPANY_30384_SW,2023,Q1,9404,38,198,0.00404,0.02105,0.3946,0.20992,17.78558,12.2541
COMPANY_30384_SW,2023,Q2,11443,50,198,0.00437,0.0173,0.49694,0.29728,18.37378,12.89016
COMPANY_30384_SW,2023,Q3,9481,45,150,0.00475,0.01582,0.44632,0.29862,18.15543,13.20003
COMPANY_30384_SW,2024,Q2,9636,54,188,0.0056,0.01951,0.55606,0.36321,18.11702,13.99855
COMPANY_30384_SW,2024,Q3,10672,33,156,0.00309,0.01462,0.3151,0.25369,17.92155,13.46727
COMPANY_30384_SW,2024,Q4,11531,45,176,0.0039,0.01526,0.37697,0.31663,18.3676,11.58013
COMPANY_30384_SW,2025,Q1,12027,40,207,0.00333,0.01721,0.35589,0.31531,16.78201,11.71777
COMPANY_30439_JNPR,2023,Q1,10397,68,188,0.00654,0.01808,0.41536,0.22033,18.52961,12.82077
COMPANY_30439_JNPR,2023,Q2,9105,42,159,0.00461,0.01746,0.39195,0.26755,20.29855,12.34752
COMPANY_30439_JNPR,2023,Q3,10547,66,184,0.00626,0.01745,0.44625,0.27734,20.34405,12.60592
COMPANY_304977_SWK,2023,Q1,7479,54,242,0.00722,0.03236,0.42564,0.32159,19.28386,15.08698
COMPANY_308037_TPL,2024,Q1,6039,42,105,0.00695,0.01739,0.31846,0.27818,17.64955,14.34438
COMPANY_308037_TPL,2024,Q2,5076,17,71,0.00335,0.01399,0.57733,0.32281,20.73165,13.75786
COMPANY_308037_TPL,2024,Q3,3897,15,59,0.00385,0.01514,0.48085,0.4256,21.30194,15.88322
COMPANY_308037_TPL,2024,Q4,4200,16,99,0.00381,0.02357,0.51116,0.34496,23.40603,14.67234
COMPANY_308037_TPL,2025,Q1,3125,9,59,0.00288,0.01888,0.42006,0.41003,25.31482,15.75959
COMPANY_308916_GL,2023,Q1,9190,9,149,0.00098,0.01621,0.43169,0.23298,18.89872,12.12959
COMPANY_308916_GL,2023,Q2,7810,4,128,0.00051,0.01639,0.23653,0.2064,20.66659,11.69633
COMPANY_308916_GL,2023,Q3,9070,7,128,0.00077,0.01411,0.46505,0.25312,21.72528,10.81259
COMPANY_308916_GL,2023,Q4,8413,9,136,0.00107,0.01617,0.40217,0.30051,22.47498,11.7153
COMPANY_308916_GL,2024,Q1,11756,25,222,0.00213,0.01888,0.23012,0.25375,18.09916,10.96361
COMPANY_308916_GL,2024,Q2,9484,14,151,0.00148,0.01592,0.38151,0.25798,20.47429,12.51312
COMPANY_308916_GL,2024,Q3,9777,16,195,0.00164,0.01994,0.22644,0.29023,19.97674,11.13902
COMPANY_308916_GL,2024,Q4,10720,9,160,0.00084,0.01493,0.32737,0.25174,15.8788,10.68264
COMPANY_308916_GL,2025,Q1,11136,12,202,0.00108,0.01814,0.05473,0.26367,21.89658,13.37907
COMPANY_309821_TYL,2023,Q1,9061,52,143,0.00574,0.01578,0.37645,0.27275,18.42022,10.70088
COMPANY_309821_TYL,2023,Q2,7936,49,128,0.00617,0.01613,0.3559,0.25316,17.23164,10.80667
COMPANY_309821_TYL,2023,Q3,8977,62,154,0.00691,0.01715,0.45025,0.32173,19.03336,10.31423
COMPANY_309821_TYL,2023,Q4,11085,58,169,0.00523,0.01525,0.4205,0.226,19.31566,12.75822
COMPANY_309821_TYL,2024,Q1,9444,43,131,0.00455,0.01387,0.40505,0.26057,20.64511,12.89839
COMPANY_309821_TYL,2024,Q2,10145,82,143,0.00808,0.0141,0.43551,0.3166,20.38994,13.4644
COMPANY_305304_USB,2023,Q4,8893,14,164,0.00157,0.01844,0.49858,0.28156,20.72201,10.53941
COMPANY_305304_USB,2024,Q1,10195,8,209,0.00078,0.0205,0.38323,0.21965,17.90627,9.71541
COMPANY_305304_USB,2024,Q2,11285,11,233,0.00097,0.02065,0.46762,0.25213,20.84314,9.97996
COMPANY_305304_USB,2024,Q3,9261,42,167,0.00454,0.01803,0.33253,0.28082,19.08641,10.88929
COMPANY_305304_USB,2024,Q4,10104,25,186,0.00247,0.01841,0.35952,0.2805,16.32293,10.40016
COMPANY_305304_USB,2025,Q1,11665,19,221,0.00163,0.01895,0.29104,0.28752,16.21729,10.63772
COMPANY_305520_PSA,2023,Q1,7452,18,163,0.00242,0.02187,0.4441,0.35711,21.49778,10.1158
COMPANY_305520_PSA,2023,Q2,9647,20,211,0.00207,0.02187,0.55993,0.27241,20.31254,10.54778
COMPANY_305520_PSA,2023,Q3,11756,13,251,0.00111,0.02135,0.37897,0.30769,18.29988,11.06965
COMPANY_305520_PSA,2023,Q4,10474,22,204,0.0021,0.01948,0.59028,0.26374,18.35379,11.97477
COMPANY_305520_PSA,2024,Q1,10319,13,179,0.00126,0.01735,0.31381,0.27307,18.28464,11.04348
COMPANY_305520_PSA,2024,Q2,10645,10,217,0.00094,0.02039,0.52286,0.31378,19.72915,10.22423
COMPANY_305520_PSA,2024,Q3,9166,21,192,0.00229,0.02095,0.51385,0.30664,20.78667,10.19741
COMPANY_305520_PSA,2024,Q4,9300,10,206,0.00108,0.02215,0.34844,0.29055,20.03233,9.47015
COMPANY_305520_PSA,2025,Q1,10432,46,211,0.00441,0.02023,0.48621,0.30021,19.92314,12.11096
COMPANY_30643_LH,2023,Q1,10121,12,163,0.00119,0.01611,0.45433,0.30117,16.77332,9.84272
COMPANY_30643_LH,2023,Q2,9452,30,145,0.00317,0.01534,0.48532,0.32716,17.05022,10.40438
COMPANY_30643_LH,2023,Q3,9620,25,142,0.0026,0.01476,0.42678,0.29556,18.37219,12.01395
COMPANY_30643_LH,2023,Q4,11904,21,177,0.00176,0.01487,0.42317,0.33722,17.48946,12.22463
COMPANY_30643_LH,2024,Q1,10277,28,157,0.00272,0.01528,0.50538,0.22363,16.80785,11.20387
COMPANY_30643_LH,2024,Q2,10723,22,125,0.00205,0.01166,0.52142,0.2629,16.78403,12.17183
COMPANY_30643_LH,2024,Q3,12021,40,191,0.00333,0.01589,0.47031,0.32841,18.90953,10.89194
COMPANY_30643_LH,2024,Q4,9273,34,146,0.00367,0.01574,0.526,0.25552,19.46756,12.98677
COMPANY_30643_LH,2025,Q1,10638,22,187,0.00207,0.01758,0.42118,0.25034,19.14717,9.65144
COMPANY_30655_LRCX,2023,Q1,10444,49,212,0.00469,0.0203,0.48057,0.25362,19.14381,11.27651
COMPANY_30655_LRCX,2023,Q2,11094,47,234,0.00424,0.02109,0.42835,0.24306,19.35735,10.803
COMPANY_30655_LRCX,2023,Q3,10123,58,152,0.00573,0.01502,0.29423,0.23358,18.36928,11.46504
COMPANY_30655_LRCX,2023,Q4,11521,63,212,0.00547,0.0184,0.41311,0.25104,19.21898,10.90379
COMPANY_30655_LRCX,2024,Q1,11606,46,181,0.00396,0.0156,0.33822,0.27133,17.89571,11.37067
COMPANY_30655_LRCX,2024,Q2,10782,68,170,0.00631,0.01577,0.36864,0.23618,17.99532,13.01607
COMPANY_30655_LRCX,2024,Q3,10883,61,188,0.00561,0.01727,0.399,0.26771,18.33291,12.65054
COMPANY_30655_LRCX,2024,Q4,10826,51,194,0.00471,0.01792,0.33818,0.2709,17.86862,12.3507
COMPANY_30655_LRCX,2025,Q1,11446,47,189,0.00411,0.01651,0.39599,0.29603,20.65907,10.90247
COMPANY_30655_LRCX,2025,Q2,11026,75,197,0.0068,0.01787,0.3961,0.29009,17.03686,9.92799
COMPANY_30655_LRCX,2025,Q3,11720,69,210,0.00589,0.01792,0.42624,0.19787,20.14171,11.87984
COMPANY_306688_TJX,2023,Q1,11683,19,157,0.00163,0.01344,0.54818,0.32742,17.8763,11.67688
COMPANY_306688_TJX,2023,Q2,11167,17,154,0.00152,0.01379,0.55695,0.36609,19.41217,13.42359
COMPANY_306688_TJX,2023,Q3,10632,17,156,0.0016,0.01467,0.62078,0.37016,17.72491,11.77967
COMPANY_306688_TJX,2023,Q4,9866,19,142,0.00193,0.01439,0.53324,0.36956,18.45173,12.48484
COMPANY_306688_TJX,2024,Q1,10255,21,194,0.00205,0.01892,0.48239,0.37436,16.55802,9.02998
COMPANY_31207841_TKO,2024,Q2,10708,12,169,0.00112,0.01578,0.35635,0.28833,17.97898,12.48511
COMPANY_31207841_TKO,2024,Q3,10550,37,156,0.00351,0.01479,0.28707,0.25442,14.15308,13.19611
COMPANY_31207841_TKO,2024,Q4,10097,22,120,0.00218,0.01188,0.35293,0.23877,15.8773,13.60219
COMPANY_31207841_TKO,2025,Q1,10284,20,127,0.00194,0.01235,0.20024,0.25242,17.78201,12.22831
COMPANY_312769_VMC,2023,Q1,6212,10,135,0.00161,0.02173,0.18593,0.28675,14.86079,8.49507
COMPANY_312769_VMC,2023,Q2,7350,15,133,0.00204,0.0181,0.18084,0.2618,13.33975,10.42821
COMPANY_312769_VMC,2023,Q3,8619,6,177,0.0007,0.02054,0.60686,0.21727,18.54521,7.77741
COMPANY_312769_VMC,2023,Q4,7392,14,166,0.00189,0.02246,0.50782,0.33443,18.99711,9.95009
COMPANY_312769_VMC,2024,Q1,6781,13,101,0.00192,0.01489,0.55613,0.32107,15.11771,10.59421
COMPANY_312769_VMC,2024,Q2,6066,10,127,0.00165,0.02094,0.22333,0.31318,15.82717,8.87851
COMPANY_312769_VMC,2024,Q3,8051,13,163,0.00161,0.02025,0.45784,0.28698,17.29558,8.10884
COMPANY_312769_VMC,2024,Q4,7332,8,146,0.00109,0.01991,0.53809,0.29121,18.14525,9.4466
COMPANY_312769_VMC,2025,Q1,8428,14,222,0.00166,0.02634,0.32221,0.26412,12.96043,9.02013
COMPANY_312949_LNT,2023,Q1,3345,8,62,0.00239,0.01854,0.16218,0.34689,19.17242,14.8399
COMPANY_312949_LNT,2023,Q2,4897,23,103,0.0047,0.02103,0.62464,0.3882,22.43722,16.04396
COMPANY_312949_LNT,2023,Q3,7263,17,164,0.00234,0.02258,0.54597,0.38482,23.52309,12.47349
COMPANY_312949_LNT,2023,Q4,4770,14,88,0.00294,0.01845,0.55716,0.30969,21.21477,14.19105
COMPANY_312949_LNT,2024,Q1,3959,4,76,0.00101,0.0192,0.23842,0.33439,19.55914,13.8077
COMPANY_312949_LNT,2024,Q2,5776,13,118,0.00225,0.02043,0.73015,0.39466,22.28865,14.46397
COMPANY_312949_LNT,2024,Q3,7655,15,158,0.00196,0.02064,0.54807,0.36508,24.47635,14.40066
COMPANY_309821_TYL,2024,Q3,10494,64,136,0.0061,0.01296,0.39091,0.24283,18.51654,11.69507
COMPANY_309821_TYL,2024,Q4,12824,90,171,0.00702,0.01333,0.51668,0.27807,21.32702,11.61581
COMPANY_309821_TYL,2025,Q1,8291,44,134,0.00531,0.01616,0.37783,0.22969,20.30482,12.04655
COMPANY_309845_UAL,2023,Q1,12827,41,214,0.0032,0.01668,0.35399,0.29404,17.08571,12.59232
COMPANY_309845_UAL,2023,Q2,10514,34,163,0.00323,0.0155,0.26774,0.24535,16.25008,12.38346
COMPANY_309845_UAL,2023,Q3,13768,67,204,0.00487,0.01482,0.40826,0.22675,15.28425,12.52368
COMPANY_309845_UAL,2023,Q4,10886,34,169,0.00312,0.01552,0.53882,0.24002,16.25735,13.84894
COMPANY_309845_UAL,2024,Q1,11727,38,189,0.00324,0.01612,0.45581,0.28695,17.03644,13.31463
COMPANY_309845_UAL,2024,Q2,10910,24,157,0.0022,0.01439,0.28316,0.19525,14.26869,12.71627
COMPANY_309845_UAL,2024,Q3,12062,56,203,0.00464,0.01683,0.38861,0.24852,16.38425,12.62217
COMPANY_309845_UAL,2024,Q4,12617,40,161,0.00317,0.01276,0.30913,0.3467,16.04397,12.16564
COMPANY_309845_UAL,2025,Q1,14622,29,236,0.00198,0.01614,0.39176,0.21563,14.60815,12.50537
COMPANY_310078_UNP,2023,Q1,12661,39,247,0.00308,0.01951,0.34036,0.24465,15.88525,11.70332
COMPANY_310078_UNP,2023,Q2,14317,33,245,0.0023,0.01711,0.31008,0.31716,14.75086,11.54855
COMPANY_310078_UNP,2023,Q3,15582,42,254,0.0027,0.0163,0.40191,0.29991,14.8252,10.87366
COMPANY_310078_UNP,2023,Q4,14827,53,223,0.00357,0.01504,0.42886,0.30074,15.34275,9.3646
COMPANY_310078_UNP,2024,Q1,13779,53,192,0.00385,0.01393,0.50135,0.32531,17.06017,12.771
COMPANY_310078_UNP,2024,Q2,13096,31,198,0.00237,0.01512,0.40744,0.33594,16.68721,9.99879
COMPANY_310078_UNP,2024,Q3,10468,30,130,0.00287,0.01242,0.3293,0.26787,15.71909,11.90804
COMPANY_310078_UNP,2024,Q4,15602,41,242,0.00263,0.01551,0.48689,0.32565,16.8378,10.32576
COMPANY_31153_MLM,2023,Q2,11397,26,188,0.00228,0.0165,0.30424,0.32849,18.47774,10.97356
COMPANY_31153_MLM,2023,Q3,10133,19,168,0.00188,0.01658,0.5299,0.2933,20.3677,10.56254
COMPANY_31153_MLM,2023,Q4,13022,28,229,0.00215,0.01759,0.45283,0.30217,19.82135,10.70616
COMPANY_31153_MLM,2024,Q1,10471,23,154,0.0022,0.01471,0.51483,0.31763,20.44898,12.63941
COMPANY_31153_MLM,2024,Q2,13072,34,205,0.0026,0.01568,0.38216,0.29059,18.5107,11.29658
COMPANY_31153_MLM,2024,Q3,9758,13,179,0.00133,0.01834,0.3389,0.29519,20.31302,10.82175
COMPANY_31153_MLM,2024,Q4,11216,26,217,0.00232,0.01935,0.45735,0.23405,17.32176,9.6303
COMPANY_31153_MLM,2025,Q1,11135,22,214,0.00198,0.01922,0.46006,0.29205,17.78805,9.68822
COMPANY_311679_VLO,2023,Q1,6725,16,146,0.00238,0.02171,0.27033,0.19479,17.00384,10.39724
COMPANY_311679_VLO,2023,Q2,9872,18,212,0.00182,0.02147,0.44123,0.27351,15.20847,9.24549
COMPANY_311679_VLO,2023,Q3,9027,27,149,0.00299,0.01651,0.33898,0.2457,13.72158,9.87005
COMPANY_311679_VLO,2023,Q4,10999,28,209,0.00255,0.019,0.30361,0.23823,14.9053,9.6041
COMPANY_311679_VLO,2024,Q1,6890,19,106,0.00276,0.01538,0.17878,0.20515,14.64316,8.62744
COMPANY_311679_VLO,2024,Q2,8302,21,145,0.00253,0.01747,0.29009,0.15881,13.16956,10.2778
COMPANY_311679_VLO,2024,Q3,9535,13,155,0.00136,0.01626,0.315,0.22494,14.43396,10.10924
COMPANY_311679_VLO,2024,Q4,10567,19,233,0.0018,0.02205,0.27407,0.24934,15.3071,10.08236
COMPANY_311679_VLO,2025,Q1,11073,8,211,0.00072,0.01906,0.14655,0.23591,15.07981,10.00078
COMPANY_31207841_TKO,2023,Q3,7480,20,109,0.00267,0.01457,0.32666,0.27878,13.70404,13.79235
COMPANY_31207841_TKO,2023,Q4,8790,30,135,0.00341,0.01536,0.44889,0.24255,17.22346,12.67554
COMPANY_31207841_TKO,2024,Q1,8481,6,106,0.00071,0.0125,0.63607,0.27584,20.08148,12.83836
COMPANY_310078_UNP,2025,Q1,14466,40,221,0.00277,0.01528,0.26236,0.27878,15.18911,10.54065
COMPANY_310667_UDR,2023,Q1,11902,29,224,0.00244,0.01882,0.40065,0.28821,17.92819,9.84614
COMPANY_310667_UDR,2023,Q2,15342,14,248,0.00091,0.01616,0.63317,0.25341,20.53185,10.52226
COMPANY_310667_UDR,2023,Q3,13336,16,192,0.0012,0.0144,0.5054,0.24173,21.57086,11.34145
COMPANY_310667_UDR,2023,Q4,15217,19,245,0.00125,0.0161,0.18748,0.29319,18.15552,11.50348
COMPANY_310667_UDR,2024,Q1,13969,17,218,0.00122,0.01561,0.21227,0.24232,17.99077,11.88054
COMPANY_310667_UDR,2024,Q2,12704,20,214,0.00157,0.01685,0.26161,0.22324,15.62697,13.24567
COMPANY_310667_UDR,2024,Q3,13897,15,214,0.00108,0.0154,0.31468,0.28746,16.71189,11.65991
COMPANY_310667_UDR,2024,Q4,15718,21,238,0.00134,0.01514,0.26896,0.22985,16.23359,10.44654
COMPANY_310667_UDR,2025,Q1,13250,12,224,0.00091,0.01691,0.47577,0.30803,17.32234,10.39775
COMPANY_31148_MAR,2023,Q1,10253,26,230,0.00254,0.02243,0.33307,0.29129,19.24667,11.16914
COMPANY_31148_MAR,2023,Q2,10504,35,255,0.00333,0.02428,0.27104,0.3208,16.71881,11.6218
COMPANY_31148_MAR,2023,Q3,7816,21,140,0.00269,0.01791,0.51633,0.31237,17.87897,12.07796
COMPANY_31148_MAR,2023,Q4,10604,20,197,0.00189,0.01858,0.25029,0.33935,17.50942,12.41462
COMPANY_31148_MAR,2024,Q1,9905,21,172,0.00212,0.01736,0.46947,0.32461,16.9388,12.95637
COMPANY_31148_MAR,2024,Q2,9590,10,204,0.00104,0.02127,0.35747,0.31433,19.00765,10.24657
COMPANY_31148_MAR,2024,Q3,10180,14,208,0.00138,0.02043,0.58323,0.3347,17.42699,11.89953
COMPANY_31148_MAR,2024,Q4,9766,29,177,0.00297,0.01812,0.33453,0.26275,15.71326,13.53144
COMPANY_31148_MAR,2025,Q1,10175,20,217,0.00197,0.02133,0.57095,0.26763,21.31985,12.66354
COMPANY_31153_MLM,2023,Q1,10481,23,150,0.00219,0.01431,0.33699,0.26463,19.74636,13.19252
COMPANY_31348_MDT,2025,Q1,11404,60,175,0.00526,0.01535,0.37103,0.34095,15.33381,9.21359
COMPANY_31348_MDT,2025,Q2,10921,52,174,0.00476,0.01593,0.52352,0.36231,18.65475,10.92412
COMPANY_31348_MDT,2025,Q3,11198,44,145,0.00393,0.01295,0.41872,0.33609,17.93975,10.16224
COMPANY_3136719_CEG,2023,Q1,6015,6,112,0.001,0.01862,0.21272,0.31294,15.27297,12.24306
COMPANY_3136719_CEG,2023,Q2,7998,16,135,0.002,0.01688,0.36241,0.31825,19.32738,13.39951
COMPANY_3136719_CEG,2023,Q3,8284,15,106,0.00181,0.0128,0.35656,0.29797,17.22204,13.78942
COMPANY_3136719_CEG,2023,Q4,14126,31,184,0.00219,0.01303,0.41632,0.37616,16.99151,13.62334
COMPANY_3136719_CEG,2024,Q1,8721,32,123,0.00367,0.0141,0.40677,0.37139,18.12494,14.40929
COMPANY_3136719_CEG,2024,Q2,10017,31,120,0.00309,0.01198,0.30144,0.33217,16.96061,15.20767
COMPANY_3136719_CEG,2024,Q3,8886,23,104,0.00259,0.0117,0.40961,0.29892,17.17577,13.99651
COMPANY_3136719_CEG,2025,Q1,11239,33,155,0.00294,0.01379,0.30385,0.31508,18.73263,14.55194
COMPANY_313784_WST,2023,Q1,6632,37,104,0.00558,0.01568,0.25634,0.23479,16.61697,11.99861
COMPANY_313784_WST,2023,Q2,7099,18,147,0.00254,0.02071,0.45316,0.29962,17.47098,12.15812
COMPANY_313784_WST,2023,Q3,6152,16,101,0.0026,0.01642,0.20311,0.24114,18.57804,13.10731
COMPANY_313784_WST,2023,Q4,9253,38,175,0.00411,0.01891,0.32257,0.28217,16.92732,11.1283
COMPANY_313784_WST,2024,Q1,6260,24,109,0.00383,0.01741,0.25253,0.2657,18.0579,10.23768
COMPANY_313784_WST,2024,Q2,10408,23,182,0.00221,0.01749,0.42216,0.24554,20.51214,11.1101
COMPANY_313784_WST,2024,Q3,7488,29,125,0.00387,0.01669,0.32878,0.19763,17.73155,12.57853
COMPANY_313784_WST,2024,Q4,10291,59,150,0.00573,0.01458,0.23874,0.24619,14.8166,9.17039
COMPANY_313784_WST,2025,Q1,10588,26,172,0.00246,0.01624,0.27017,0.27558,16.59561,10.06914
COMPANY_3132512_DPZ,2024,Q3,11433,24,150,0.0021,0.01312,0.30827,0.3912,15.38225,11.46031
COMPANY_3132512_DPZ,2024,Q4,11912,41,145,0.00344,0.01217,0.25561,0.32709,14.31279,10.95066
COMPANY_3132512_DPZ,2025,Q1,11592,36,151,0.00311,0.01303,0.32783,0.34922,15.77322,11.06443
COMPANY_3133890_CZR,2023,Q1,9962,14,126,0.00141,0.01265,0.41449,0.30686,18.38934,9.66726
COMPANY_3133890_CZR,2023,Q2,9719,11,123,0.00113,0.01266,0.39776,0.33473,18.56396,11.78818
COMPANY_3133890_CZR,2023,Q3,10153,27,173,0.00266,0.01704,0.39118,0.33546,14.61778,10.10705
COMPANY_3133890_CZR,2023,Q4,9170,11,162,0.0012,0.01767,0.36774,0.30707,16.41561,10.45769
COMPANY_3133890_CZR,2024,Q1,8514,9,126,0.00106,0.0148,0.2016,0.19958,15.98478,10.71357
COMPANY_3133890_CZR,2024,Q2,8681,5,161,0.00058,0.01855,0.13328,0.26895,19.13557,10.63218
COMPANY_3133890_CZR,2024,Q3,10318,10,148,0.00097,0.01434,0.53859,0.28792,19.58043,10.44297
COMPANY_3133890_CZR,2024,Q4,10480,14,156,0.00134,0.01489,0.21275,0.21596,17.20728,10.04269
COMPANY_3133890_CZR,2025,Q1,8840,5,149,0.00057,0.01686,0.44742,0.22781,12.33333,10.39066
COMPANY_31348_MDT,2023,Q1,12479,45,196,0.00361,0.01571,0.42515,0.36323,17.46415,11.66786
COMPANY_31348_MDT,2023,Q2,11308,32,211,0.00283,0.01866,0.44165,0.28172,17.24711,9.71421
COMPANY_31348_MDT,2023,Q3,11446,60,174,0.00524,0.0152,0.41271,0.34733,17.49733,10.68009
COMPANY_31348_MDT,2023,Q4,12324,62,223,0.00503,0.01809,0.37585,0.34389,18.92992,10.39842
COMPANY_31348_MDT,2024,Q1,10878,43,172,0.00395,0.01581,0.47121,0.32987,19.70637,10.29062
COMPANY_31348_MDT,2024,Q2,11522,58,182,0.00503,0.0158,0.35614,0.33488,17.85843,11.99067
COMPANY_31348_MDT,2024,Q3,10850,46,148,0.00424,0.01364,0.5106,0.3757,18.62133,11.71191
COMPANY_31348_MDT,2024,Q4,11274,65,159,0.00577,0.0141,0.37629,0.34799,16.6914,9.36552
COMPANY_312949_LNT,2024,Q4,6771,11,151,0.00162,0.0223,0.65205,0.35813,24.34909,13.53089
COMPANY_312949_LNT,2025,Q1,7409,20,142,0.0027,0.01917,0.39448,0.31314,16.97815,12.80153
COMPANY_313055_WMT,2023,Q1,11813,19,233,0.00161,0.01972,0.56002,0.25575,15.95059,11.84247
COMPANY_313055_WMT,2023,Q2,13765,33,248,0.0024,0.01802,0.42848,0.25562,17.02912,12.74146
COMPANY_313055_WMT,2023,Q3,13016,37,202,0.00284,0.01552,0.4112,0.27672,17.89714,12.73452
COMPANY_313055_WMT,2023,Q4,13787,52,195,0.00377,0.01414,0.32391,0.27625,17.04531,12.60201
COMPANY_313055_WMT,2024,Q1,13875,43,191,0.0031,0.01377,0.54854,0.3248,17.63033,12.85217
COMPANY_313055_WMT,2024,Q2,13343,48,168,0.0036,0.01259,0.45925,0.29627,17.00883,12.55073
COMPANY_313055_WMT,2024,Q3,13425,29,180,0.00216,0.01341,0.5696,0.3094,18.26802,12.23478
COMPANY_313055_WMT,2024,Q4,12000,52,160,0.00433,0.01333,0.46319,0.34553,16.04458,11.9371
COMPANY_313055_WMT,2025,Q1,11628,40,150,0.00344,0.0129,0.57775,0.36998,18.42654,11.47893
COMPANY_313055_WMT,2025,Q2,11634,38,148,0.00327,0.01272,0.40933,0.37708,16.76701,13.2882
COMPANY_313055_WMT,2025,Q3,12337,42,139,0.0034,0.01127,0.42091,0.35939,18.05166,12.61672
COMPANY_313055_WMT,2025,Q4,11982,47,176,0.00392,0.01469,0.4537,0.30253,15.91069,11.86704
COMPANY_3132512_DPZ,2023,Q1,10421,39,153,0.00374,0.01468,0.47776,0.32823,16.43821,10.7279
COMPANY_3132512_DPZ,2023,Q2,11128,37,149,0.00332,0.01339,0.28065,0.36858,13.39642,9.71315
COMPANY_3132512_DPZ,2023,Q3,11161,56,178,0.00502,0.01595,0.34606,0.38215,14.70171,11.05655
COMPANY_3132512_DPZ,2023,Q4,11183,35,164,0.00313,0.01467,0.18032,0.32943,13.2678,10.6813
COMPANY_3132512_DPZ,2024,Q1,10566,21,135,0.00199,0.01278,0.40292,0.27172,13.79998,10.15281
COMPANY_3132512_DPZ,2024,Q2,11375,30,141,0.00264,0.0124,0.33327,0.32859,12.8482,10.2634
COMPANY_314057_WDC,2023,Q1,9618,15,196,0.00156,0.02038,0.3106,0.26299,16.10333,11.54522
COMPANY_314057_WDC,2023,Q2,9669,24,212,0.00248,0.02193,0.50671,0.24032,17.30672,11.87725
COMPANY_314057_WDC,2023,Q3,9845,24,215,0.00244,0.02184,0.38718,0.25907,17.68434,11.5357
COMPANY_314057_WDC,2023,Q4,10126,36,200,0.00356,0.01975,0.36593,0.25417,16.81799,11.55757
COMPANY_314057_WDC,2024,Q1,10657,36,198,0.00338,0.01858,0.42274,0.29976,18.08307,11.68581
COMPANY_314057_WDC,2024,Q2,8951,42,181,0.00469,0.02022,0.32863,0.30758,17.59071,11.73555
COMPANY_314057_WDC,2024,Q3,10951,58,205,0.0053,0.01872,0.32837,0.2629,16.29947,11.58665
COMPANY_314057_WDC,2024,Q4,8780,29,162,0.0033,0.01845,0.41392,0.26935,18.29119,13.622
COMPANY_314057_WDC,2025,Q1,10337,41,174,0.00397,0.01683,0.3873,0.31368,18.83252,12.08997
COMPANY_314057_WDC,2025,Q2,8900,11,167,0.00124,0.01876,0.44521,0.30842,17.55803,10.54703
COMPANY_314057_WDC,2025,Q3,10474,52,231,0.00496,0.02205,0.35894,0.27987,17.10433,11.62332
COMPANY_314400_WSM,2023,Q1,9616,42,163,0.00437,0.01695,0.45236,0.31056,18.67168,13.21229
COMPANY_314400_WSM,2023,Q3,9756,56,147,0.00574,0.01507,0.50464,0.34517,18.34344,13.58288
COMPANY_314400_WSM,2023,Q4,9735,50,142,0.00514,0.01459,0.48117,0.30203,17.30295,12.2008
COMPANY_314400_WSM,2024,Q1,10149,35,180,0.00345,0.01774,0.50424,0.24999,16.44299,12.22866
COMPANY_314400_WSM,2024,Q2,10205,44,167,0.00431,0.01636,0.54491,0.28365,18.35497,13.24634
COMPANY_314400_WSM,2024,Q3,10352,53,174,0.00512,0.01681,0.45131,0.34198,16.09218,12.62733
COMPANY_314400_WSM,2024,Q4,9782,31,134,0.00317,0.0137,0.43316,0.29677,17.58754,13.17874
COMPANY_31468_MTD,2023,Q1,10479,34,200,0.00324,0.01909,0.54685,0.27946,19.60791,12.28283
COMPANY_31468_MTD,2023,Q2,13121,25,218,0.00191,0.01661,0.47394,0.2615,18.03619,12.98296
COMPANY_315117_WEC,2023,Q2,6627,14,139,0.00211,0.02097,0.24426,0.26889,16.45676,11.08771
COMPANY_315117_WEC,2023,Q3,8824,24,226,0.00272,0.02561,0.29583,0.22519,15.15685,10.54741
COMPANY_315117_WEC,2023,Q4,10669,39,237,0.00366,0.02221,0.25864,0.25609,15.99382,10.84663
COMPANY_315117_WEC,2024,Q1,7772,26,186,0.00335,0.02393,0.42198,0.24115,16.58029,11.71453
COMPANY_315117_WEC,2024,Q2,7074,15,169,0.00212,0.02389,0.27234,0.24577,14.44855,10.46931
COMPANY_315117_WEC,2024,Q3,8516,21,202,0.00247,0.02372,0.39738,0.23347,15.83694,9.51651
COMPANY_315117_WEC,2024,Q4,8684,23,200,0.00265,0.02303,0.09682,0.2249,13.78312,9.79115
COMPANY_315117_WEC,2025,Q1,7455,20,175,0.00268,0.02347,0.27149,0.2279,15.46418,10.71926
COMPANY_31670_MHK,2023,Q1,11698,11,236,0.00094,0.02017,0.29078,0.20806,19.60547,13.0861
COMPANY_31670_MHK,2023,Q2,11312,5,238,0.00044,0.02104,0.50902,0.17856,14.72421,11.80129
COMPANY_31670_MHK,2023,Q3,11320,13,253,0.00115,0.02235,0.33811,0.13134,20.9593,12.46668
COMPANY_31670_MHK,2023,Q4,9660,5,224,0.00052,0.02319,0.17728,0.21367,18.32566,11.6794
COMPANY_31670_MHK,2024,Q1,9525,8,187,0.00084,0.01963,0.30027,0.18635,15.97417,12.29868
COMPANY_31670_MHK,2024,Q2,9868,19,190,0.00193,0.01925,0.15916,0.19348,18.94371,12.11657
COMPANY_31670_MHK,2024,Q3,9712,17,204,0.00175,0.021,0.38171,0.22001,19.80309,12.36009
COMPANY_31670_MHK,2024,Q4,9869,21,196,0.00213,0.01986,0.18384,0.24842,15.57696,11.3664
COMPANY_31670_MHK,2025,Q1,11411,27,249,0.00237,0.02182,0.23502,0.18622,17.61628,10.79767
COMPANY_31726_LUV,2023,Q1,17074,45,242,0.00264,0.01417,0.32395,0.22531,15.78604,12.4994
COMPANY_31726_LUV,2023,Q2,13507,61,259,0.00452,0.01918,0.34447,0.23479,15.73295,12.02409
COMPANY_31726_LUV,2023,Q3,13470,67,229,0.00497,0.017,0.29274,0.25468,16.05848,12.72722
COMPANY_31468_MTD,2023,Q3,11422,40,188,0.0035,0.01646,0.46959,0.26936,19.61309,12.85996
COMPANY_31468_MTD,2023,Q4,11688,29,156,0.00248,0.01335,0.55993,0.3138,21.9264,14.16583
COMPANY_31468_MTD,2024,Q1,11014,44,146,0.00399,0.01326,0.42529,0.32681,19.34689,13.7084
COMPANY_31468_MTD,2024,Q2,11018,42,161,0.00381,0.01461,0.54062,0.36621,19.07362,13.09485
COMPANY_31468_MTD,2024,Q3,12263,64,196,0.00522,0.01598,0.45035,0.32088,18.57743,13.13845
COMPANY_31468_MTD,2024,Q4,11419,25,197,0.00219,0.01725,0.56852,0.3158,17.19923,12.24153
COMPANY_31468_MTD,2025,Q1,12450,21,251,0.00169,0.02016,0.46934,0.24998,20.17588,12.4732
COMPANY_31500_MCHP,2023,Q1,7570,24,157,0.00317,0.02074,0.47279,0.26836,18.59942,13.86049
COMPANY_31500_MCHP,2023,Q2,11898,31,245,0.00261,0.02059,0.39161,0.1393,16.59332,12.45088
COMPANY_31500_MCHP,2023,Q3,12380,37,272,0.00299,0.02197,0.37921,0.24799,15.81424,10.8376
COMPANY_31500_MCHP,2023,Q4,10197,23,243,0.00226,0.02383,0.43929,0.23438,16.16686,12.55471
COMPANY_31500_MCHP,2024,Q1,8944,23,216,0.00257,0.02415,0.29797,0.21322,16.94269,12.15778
COMPANY_31500_MCHP,2024,Q2,11130,19,289,0.00171,0.02597,0.41787,0.13975,13.27436,13.26373
COMPANY_31500_MCHP,2024,Q3,12268,27,325,0.0022,0.02649,0.29911,0.17718,14.02185,11.97641
COMPANY_31500_MCHP,2024,Q4,12536,60,322,0.00479,0.02569,0.47317,0.20573,17.91612,11.81603
COMPANY_31500_MCHP,2025,Q1,9454,40,209,0.00423,0.02211,0.41156,0.19441,15.99388,13.45719
COMPANY_31500_MCHP,2025,Q2,13550,30,329,0.00221,0.02428,0.44655,0.22774,17.67899,12.40085
COMPANY_31500_MCHP,2025,Q3,9890,56,248,0.00566,0.02508,0.22032,0.14241,18.77098,11.69645
COMPANY_31500_MCHP,2025,Q4,13290,81,311,0.00609,0.0234,0.24359,0.22486,16.00456,12.32938
COMPANY_315117_WEC,2023,Q1,8893,19,212,0.00214,0.02384,0.34308,0.24177,18.54906,10.06626
COMPANY_31726_LUV,2023,Q4,12795,49,241,0.00383,0.01884,0.42122,0.29327,17.58021,11.7553
COMPANY_31726_LUV,2024,Q1,15165,65,274,0.00429,0.01807,0.36129,0.25789,17.59484,12.5916
COMPANY_31726_LUV,2024,Q2,14514,84,315,0.00579,0.0217,0.32232,0.23083,17.11987,11.87289
COMPANY_31726_LUV,2024,Q3,13001,58,233,0.00446,0.01792,0.25175,0.20645,16.57898,12.15924
COMPANY_31726_LUV,2024,Q4,11113,49,158,0.00441,0.01422,0.3404,0.25455,16.84781,12.48071
COMPANY_31726_LUV,2025,Q1,12186,37,187,0.00304,0.01535,0.30438,0.21532,16.00774,12.64216
COMPANY_317627_BSX,2023,Q1,10680,36,160,0.00337,0.01498,0.46173,0.36169,16.05887,12.3867
COMPANY_317627_BSX,2023,Q2,10062,28,150,0.00278,0.01491,0.43351,0.3232,17.93231,10.82099
COMPANY_317627_BSX,2023,Q3,9087,30,143,0.0033,0.01574,0.43472,0.34563,20.08388,12.14856
COMPANY_317627_BSX,2023,Q4,10149,34,150,0.00335,0.01478,0.36938,0.28408,17.13873,10.46898
COMPANY_317627_BSX,2024,Q1,8702,42,146,0.00483,0.01678,0.36467,0.26804,15.19352,11.8314
COMPANY_317627_BSX,2024,Q2,10281,43,152,0.00418,0.01478,0.39007,0.34796,18.15954,11.94115
COMPANY_317627_BSX,2024,Q3,10546,59,179,0.00559,0.01697,0.31356,0.32675,18.80667,12.57376
COMPANY_317627_BSX,2024,Q4,10006,45,148,0.0045,0.01479,0.2984,0.30383,16.3492,12.14082
COMPANY_317627_BSX,2025,Q1,9938,37,141,0.00372,0.01419,0.54552,0.3188,20.23377,12.49724
COMPANY_318049_LIN,2023,Q1,11954,56,209,0.00468,0.01748,0.29382,0.2704,18.94773,12.73634
COMPANY_318049_LIN,2023,Q2,11369,20,209,0.00176,0.01838,0.47803,0.28986,18.75745,11.61678
COMPANY_318049_LIN,2023,Q3,9724,40,182,0.00411,0.01872,0.22352,0.23816,15.90153,11.42759
COMPANY_318049_LIN,2023,Q4,8719,28,147,0.00321,0.01686,0.34107,0.29962,18.60942,12.31096
COMPANY_318049_LIN,2024,Q1,9835,22,178,0.00224,0.0181,0.54062,0.27633,18.33276,12.069
COMPANY_318049_LIN,2024,Q2,10456,30,160,0.00287,0.0153,0.3672,0.22684,17.84572,11.83915
COMPANY_318049_LIN,2024,Q3,10236,42,206,0.0041,0.02013,0.44157,0.28006,17.36016,11.43498
COMPANY_318049_LIN,2024,Q4,10823,27,189,0.00249,0.01746,0.43195,0.2255,18.13496,13.27429
COMPANY_318049_LIN,2025,Q1,11894,37,204,0.00311,0.01715,0.41204,0.2657,19.19248,12.97257
COMPANY_318505463_FTV,2023,Q1,11009,53,172,0.00481,0.01562,0.61603,0.31936,21.07383,12.89062
COMPANY_318505463_FTV,2023,Q2,12484,50,182,0.00401,0.01458,0.64827,0.29312,22.50877,12.33002
COMPANY_318505463_FTV,2023,Q3,13179,62,223,0.0047,0.01692,0.4281,0.30173,19.20526,11.50711
COMPANY_318505463_FTV,2023,Q4,12279,49,183,0.00399,0.0149,0.44632,0.33506,17.5638,12.32736
COMPANY_318505463_FTV,2024,Q1,10902,50,158,0.00459,0.01449,0.59646,0.3149,20.08621,11.99349
COMPANY_318505463_FTV,2024,Q2,11103,39,207,0.00351,0.01864,0.56639,0.30606,19.43404,11.51391
COMPANY_318505463_FTV,2024,Q3,11808,35,227,0.00296,0.01922,0.47606,0.29199,16.40709,11.01686
COMPANY_318505463_FTV,2024,Q4,13125,33,286,0.00251,0.02179,0.52664,0.27895,20.45847,10.35803
COMPANY_318505463_FTV,2025,Q1,12141,32,233,0.00264,0.01919,0.44945,0.2261,18.21106,10.37821
COMPANY_31860_AME,2023,Q1,7858,50,168,0.00636,0.02138,0.488,0.36521,18.37421,13.07413
COMPANY_31860_AME,2023,Q2,5891,46,123,0.00781,0.02088,0.46473,0.338,20.99957,13.69475
COMPANY_31860_AME,2023,Q3,8439,59,218,0.00699,0.02583,0.40101,0.29977,18.83944,11.93616
COMPANY_31860_AME,2023,Q4,9735,53,188,0.00544,0.01931,0.46195,0.25644,18.06298,11.63625
COMPANY_31860_AME,2024,Q1,7802,50,167,0.00641,0.0214,0.53397,0.34403,20.05786,12.26806
COMPANY_31860_AME,2024,Q2,9386,34,247,0.00362,0.02632,0.3802,0.23311,19.68996,11.4252
COMPANY_31860_AME,2024,Q3,8812,41,227,0.00465,0.02576,0.47504,0.31468,19.73149,11.93883
COMPANY_32012_NFLX,2023,Q1,9424,37,153,0.00393,0.01624,0.47542,0.33907,16.68365,11.46715
COMPANY_32012_NFLX,2023,Q2,6985,29,112,0.00415,0.01603,0.40814,0.32189,17.59786,11.95615
COMPANY_32012_NFLX,2023,Q3,9211,50,109,0.00543,0.01183,0.39643,0.29884,14.646,12.93543
COMPANY_32012_NFLX,2023,Q4,8463,30,106,0.00354,0.01253,0.44408,0.40993,15.97009,8.07599
COMPANY_32012_NFLX,2024,Q1,9382,32,114,0.00341,0.01215,0.43164,0.45983,15.76218,8.3579
COMPANY_32012_NFLX,2024,Q2,8862,23,107,0.0026,0.01207,0.44527,0.43837,16.70678,10.04632
COMPANY_32012_NFLX,2024,Q3,8048,26,112,0.00323,0.01392,0.43334,0.36734,14.7409,9.18327
COMPANY_32012_NFLX,2024,Q4,6737,20,92,0.00297,0.01366,0.28299,0.37331,14.58212,9.64168
COMPANY_32012_NFLX,2025,Q1,7580,37,104,0.00488,0.01372,0.28085,0.36759,14.79366,9.21015
COMPANY_320371_KIM,2023,Q1,9026,6,166,0.00066,0.01839,0.52036,0.35923,18.80643,12.49168
COMPANY_320371_KIM,2023,Q2,9311,4,170,0.00043,0.01826,0.47435,0.28831,18.55714,12.27222
COMPANY_320371_KIM,2023,Q3,10149,15,195,0.00148,0.01921,0.3923,0.28633,18.77238,12.3509
COMPANY_320371_KIM,2023,Q4,11037,16,215,0.00145,0.01948,0.53859,0.30672,17.24731,12.45926
COMPANY_320371_KIM,2024,Q1,11459,25,213,0.00218,0.01859,0.41204,0.26608,20.64291,13.19892
COMPANY_320371_KIM,2024,Q2,9453,9,183,0.00095,0.01936,0.46021,0.29711,19.21007,11.7658
COMPANY_320371_KIM,2024,Q3,9322,24,171,0.00257,0.01834,0.57465,0.31963,16.98243,12.11116
COMPANY_320371_KIM,2024,Q4,13356,19,245,0.00142,0.01834,0.46479,0.26827,19.34318,11.90676
COMPANY_320371_KIM,2025,Q1,9287,20,149,0.00215,0.01604,0.36777,0.29034,17.08781,12.21171
COMPANY_32052_NTAP,2023,Q1,11231,57,218,0.00508,0.01941,0.43157,0.26206,19.57739,10.46834
COMPANY_32052_NTAP,2023,Q2,11913,36,224,0.00302,0.0188,0.3066,0.27347,18.96444,11.70782
COMPANY_31860_AME,2024,Q4,8802,55,191,0.00625,0.0217,0.5113,0.3627,19.13506,12.85026
COMPANY_31860_AME,2025,Q1,10800,50,248,0.00463,0.02296,0.458,0.25879,16.73326,12.58712
COMPANY_319130234_CTVA,2023,Q1,10588,38,169,0.00359,0.01596,0.35543,0.29069,16.20578,11.71044
COMPANY_319130234_CTVA,2023,Q2,10316,34,158,0.0033,0.01532,0.46057,0.28992,18.73875,13.43508
COMPANY_319130234_CTVA,2023,Q3,11223,40,207,0.00356,0.01844,0.45389,0.26164,16.76379,12.89011
COMPANY_319130234_CTVA,2023,Q4,9733,31,132,0.00319,0.01356,0.38802,0.32862,17.02444,12.89366
COMPANY_319130234_CTVA,2024,Q1,9843,44,142,0.00447,0.01443,0.3216,0.2497,16.37688,13.34855
COMPANY_319130234_CTVA,2024,Q2,11580,33,171,0.00285,0.01477,0.52058,0.26777,17.87759,11.25313
COMPANY_319130234_CTVA,2024,Q3,10863,26,152,0.00239,0.01399,0.30927,0.21644,16.02518,10.6033
COMPANY_319130234_CTVA,2024,Q4,10237,25,172,0.00244,0.0168,0.35613,0.2298,15.2291,10.4472
COMPANY_319130234_CTVA,2025,Q1,10671,35,147,0.00328,0.01378,0.32885,0.17273,16.71237,13.0859
COMPANY_319404_ODFL,2023,Q1,11116,12,155,0.00108,0.01394,0.32046,0.24282,14.82698,13.96993
COMPANY_319404_ODFL,2023,Q2,11351,19,177,0.00167,0.01559,0.36879,0.28093,17.20793,14.2018
COMPANY_319404_ODFL,2023,Q3,11157,19,166,0.0017,0.01488,0.41559,0.35528,18.91542,13.29162
COMPANY_319404_ODFL,2023,Q4,11773,41,189,0.00348,0.01605,0.43383,0.36492,18.29026,13.12708
COMPANY_319404_ODFL,2024,Q1,12139,20,201,0.00165,0.01656,0.50422,0.33923,20.90541,14.6852
COMPANY_319404_ODFL,2024,Q2,11782,34,221,0.00289,0.01876,0.45083,0.32338,18.81915,13.26466
COMPANY_319404_ODFL,2024,Q3,12558,26,201,0.00207,0.01601,0.30565,0.30937,15.4954,12.41717
COMPANY_319404_ODFL,2024,Q4,11651,26,167,0.00223,0.01433,0.33908,0.30271,17.05748,12.20754
COMPANY_319404_ODFL,2025,Q1,12974,26,194,0.002,0.01495,0.47803,0.28002,18.3002,14.24584
COMPANY_32307_NVDA,2025,Q4,9048,140,189,0.01547,0.02089,0.18087,0.18569,14.37694,10.89374
COMPANY_323857_EXE,2023,Q4,7725,8,188,0.00104,0.02434,0.2281,0.2187,19.74998,14.24399
COMPANY_323857_EXE,2024,Q1,7042,11,137,0.00156,0.01945,0.34485,0.25629,17.51495,12.99631
COMPANY_323857_EXE,2024,Q2,6769,13,124,0.00192,0.01832,0.42278,0.2295,16.81266,12.35231
COMPANY_323857_EXE,2024,Q3,10242,16,196,0.00156,0.01914,0.42458,0.31287,18.87204,12.67467
COMPANY_323857_EXE,2024,Q4,11138,24,183,0.00215,0.01643,0.27278,0.36223,15.31107,11.98243
COMPANY_323857_EXE,2025,Q1,10219,19,222,0.00186,0.02172,0.38534,0.30799,19.08001,10.23213
COMPANY_324289_ORLY,2023,Q1,11435,29,191,0.00254,0.0167,0.43947,0.40116,18.01832,11.22201
COMPANY_324289_ORLY,2023,Q2,11250,18,201,0.0016,0.01787,0.53533,0.38852,20.13356,12.68199
COMPANY_324289_ORLY,2023,Q3,12305,32,207,0.0026,0.01682,0.60678,0.42812,24.47137,15.43258
COMPANY_324289_ORLY,2023,Q4,11461,27,231,0.00236,0.02016,0.5917,0.39924,21.31593,13.89112
COMPANY_324289_ORLY,2024,Q1,10095,4,161,0.0004,0.01595,0.39363,0.23962,23.71418,13.18434
COMPANY_324289_ORLY,2024,Q2,10399,12,195,0.00115,0.01875,0.36291,0.25992,16.78702,13.71795
COMPANY_324289_ORLY,2024,Q3,10035,14,183,0.0014,0.01824,0.64614,0.32331,19.06595,14.31171
COMPANY_324289_ORLY,2024,Q4,11949,38,245,0.00318,0.0205,0.40562,0.34645,22.24847,15.05745
COMPANY_324289_ORLY,2025,Q1,11892,11,234,0.00092,0.01968,0.26367,0.26027,19.34284,12.71693
COMPANY_325643_RCL,2023,Q1,10665,22,174,0.00206,0.01632,0.50096,0.37855,16.1075,10.81713
COMPANY_325643_RCL,2023,Q2,8298,22,114,0.00265,0.01374,0.56012,0.43265,17.2151,11.52221
COMPANY_325643_RCL,2023,Q3,9312,19,131,0.00204,0.01407,0.4619,0.36905,13.12594,10.58305
COMPANY_325643_RCL,2023,Q4,9964,26,122,0.00261,0.01224,0.48702,0.39483,18.47477,11.79675
COMPANY_32710_PTC,2024,Q3,9393,58,193,0.00617,0.02055,0.43527,0.2764,18.8731,14.37721
COMPANY_32710_PTC,2024,Q4,10436,58,183,0.00556,0.01754,0.27086,0.28665,18.37268,12.87509
COMPANY_32710_PTC,2025,Q1,10073,78,171,0.00774,0.01698,0.42819,0.3248,18.23115,13.44679
COMPANY_32710_PTC,2025,Q2,8481,43,189,0.00507,0.02229,0.30312,0.21129,18.96268,13.42206
COMPANY_327333_DECK,2023,Q1,11262,18,209,0.0016,0.01856,0.39579,0.35556,18.71032,12.55282
COMPANY_327333_DECK,2023,Q2,10872,41,197,0.00377,0.01812,0.51971,0.31281,20.24258,11.80218
COMPANY_327333_DECK,2023,Q3,12599,27,226,0.00214,0.01794,0.40802,0.2885,18.4688,13.0851
COMPANY_327333_DECK,2023,Q4,11982,43,214,0.00359,0.01786,0.45949,0.37138,18.04825,12.71755
COMPANY_327333_DECK,2024,Q1,11111,36,172,0.00324,0.01548,0.38453,0.37594,20.44919,12.48601
COMPANY_327333_DECK,2024,Q2,11681,30,164,0.00257,0.01404,0.49298,0.38959,17.91312,12.64576
COMPANY_327333_DECK,2024,Q3,11980,30,169,0.0025,0.01411,0.54333,0.39983,17.76776,12.11321
COMPANY_327333_DECK,2024,Q4,11157,46,185,0.00412,0.01658,0.47291,0.38559,19.13139,13.57192
COMPANY_327333_DECK,2025,Q1,10944,30,180,0.00274,0.01645,0.46963,0.34228,17.2385,12.44663
COMPANY_327333_DECK,2025,Q2,9644,25,136,0.00259,0.0141,0.54354,0.32766,17.86301,12.74406
COMPANY_327333_DECK,2025,Q3,9644,25,158,0.00259,0.01638,0.29591,0.28735,16.19439,12.5495
COMPANY_32854_PEP,2023,Q1,5059,18,104,0.00356,0.02056,0.21404,0.22233,19.87381,12.46653
COMPANY_32854_PEP,2023,Q2,5887,15,91,0.00255,0.01546,0.44671,0.2683,17.48215,10.30656
COMPANY_32854_PEP,2023,Q3,4800,21,83,0.00438,0.01729,0.30221,0.31316,19.19495,11.81472
COMPANY_32854_PEP,2023,Q4,7198,19,102,0.00264,0.01417,0.39052,0.34463,18.45416,12.58937
COMPANY_32854_PEP,2024,Q1,6149,13,91,0.00211,0.0148,0.52448,0.32919,19.61244,11.59302
COMPANY_32052_NTAP,2023,Q3,11928,44,242,0.00369,0.02029,0.40581,0.20843,20.5712,13.49268
COMPANY_32052_NTAP,2023,Q4,10480,51,214,0.00487,0.02042,0.43898,0.31369,19.30841,12.2584
COMPANY_32052_NTAP,2024,Q1,9824,56,160,0.0057,0.01629,0.46597,0.3281,19.45452,12.03526
COMPANY_32052_NTAP,2024,Q2,9210,60,164,0.00651,0.01781,0.36277,0.30007,19.2149,11.32406
COMPANY_32052_NTAP,2024,Q3,8468,78,160,0.00921,0.01889,0.4531,0.3138,20.15099,13.11924
COMPANY_32052_NTAP,2024,Q4,9529,66,176,0.00693,0.01847,0.52238,0.28819,19.57587,11.94293
COMPANY_32052_NTAP,2025,Q1,10172,85,186,0.00836,0.01829,0.46485,0.31301,18.38889,13.03017
COMPANY_32052_NTAP,2025,Q2,11247,67,231,0.00596,0.02054,0.45801,0.2831,19.54114,10.52583
COMPANY_32052_NTAP,2025,Q3,9793,67,171,0.00684,0.01746,0.42886,0.23324,17.16196,10.95414
COMPANY_32307_NVDA,2023,Q1,9516,120,182,0.01261,0.01913,0.33209,0.29318,16.44661,13.42345
COMPANY_32307_NVDA,2023,Q2,9301,70,192,0.00753,0.02064,0.27898,0.16849,16.11845,12.91068
COMPANY_32307_NVDA,2023,Q3,8987,106,172,0.01179,0.01914,0.24186,0.20304,15.65367,12.11299
COMPANY_32307_NVDA,2023,Q4,8896,157,163,0.01765,0.01832,0.25917,0.22682,16.10517,13.48647
COMPANY_32307_NVDA,2024,Q1,10353,181,179,0.01748,0.01729,0.27829,0.26022,18.62383,14.59499
COMPANY_32307_NVDA,2024,Q2,9468,157,161,0.01658,0.017,0.24342,0.19345,16.27847,13.36321
COMPANY_32307_NVDA,2024,Q3,10269,162,172,0.01578,0.01675,0.25578,0.24179,16.67904,13.8544
COMPANY_32307_NVDA,2024,Q4,9074,114,156,0.01256,0.01719,0.25681,0.21882,18.26641,13.70491
COMPANY_32307_NVDA,2025,Q1,9409,153,192,0.01626,0.02041,0.32789,0.2228,16.7422,13.18919
COMPANY_32307_NVDA,2025,Q2,10042,140,188,0.01394,0.01872,0.24697,0.21501,16.17781,12.64517
COMPANY_32307_NVDA,2025,Q3,9354,113,168,0.01208,0.01796,0.26672,0.20601,16.37353,12.64698
COMPANY_32854_PEP,2024,Q2,7596,12,90,0.00158,0.01185,0.4249,0.35937,20.57284,11.68281
COMPANY_32854_PEP,2024,Q3,7287,28,91,0.00384,0.01249,0.28906,0.33295,17.50114,12.1387
COMPANY_32854_PEP,2024,Q4,8202,64,105,0.0078,0.0128,0.38199,0.35244,19.08789,12.5874
COMPANY_32854_PEP,2025,Q1,8033,45,118,0.0056,0.01469,0.41789,0.33848,17.76003,11.99928
COMPANY_329141_AVB,2023,Q1,13368,35,217,0.00262,0.01623,0.42095,0.26936,20.51759,11.74424
COMPANY_329141_AVB,2023,Q2,10774,16,215,0.00149,0.01996,0.45073,0.2503,20.18911,11.54766
COMPANY_329141_AVB,2023,Q3,13365,18,244,0.00135,0.01826,0.38123,0.2569,18.10266,11.58429
COMPANY_329141_AVB,2023,Q4,13096,27,235,0.00206,0.01794,0.51068,0.33577,21.35654,13.92014
COMPANY_329141_AVB,2024,Q1,13551,14,224,0.00103,0.01653,0.41811,0.23968,20.7913,11.71284
COMPANY_329141_AVB,2024,Q2,10718,14,179,0.00131,0.0167,0.45599,0.27168,20.23121,12.60069
COMPANY_329141_AVB,2024,Q3,12987,21,214,0.00162,0.01648,0.43155,0.32078,22.03714,12.43961
COMPANY_329141_AVB,2024,Q4,13498,28,204,0.00207,0.01511,0.30636,0.2656,18.61114,11.47102
COMPANY_329141_AVB,2025,Q1,12176,15,226,0.00123,0.01856,0.47402,0.29395,20.56492,11.49141
COMPANY_329202_CPT,2023,Q1,9668,7,155,0.00072,0.01603,0.13263,0.20007,22.26355,11.55119
COMPANY_329202_CPT,2023,Q2,9292,5,175,0.00054,0.01883,-0.13204,0.23438,17.4647,10.33617
COMPANY_329202_CPT,2023,Q3,13548,10,211,0.00074,0.01557,0.24028,0.22717,14.77777,11.29292
COMPANY_329202_CPT,2023,Q4,10394,9,176,0.00087,0.01693,0.26334,0.16681,13.155,10.97288
COMPANY_329202_CPT,2024,Q1,8961,17,145,0.0019,0.01618,0.03304,0.17556,17.17242,13.11056
COMPANY_329202_CPT,2024,Q2,8707,3,139,0.00034,0.01596,0.3102,0.25673,20.74649,11.03892
COMPANY_329202_CPT,2024,Q3,11179,5,162,0.00045,0.01449,-0.1147,0.1857,10.94757,11.32817
COMPANY_325643_RCL,2024,Q1,9433,18,131,0.00191,0.01389,0.44775,0.36849,17.65145,11.61872
COMPANY_325643_RCL,2024,Q2,9694,18,122,0.00186,0.01259,0.55489,0.37376,21.33252,10.74153
COMPANY_325643_RCL,2024,Q3,10627,13,140,0.00122,0.01317,0.50861,0.35002,18.06669,10.38903
COMPANY_325643_RCL,2024,Q4,10934,28,135,0.00256,0.01235,0.47923,0.37079,18.34651,11.39278
COMPANY_325643_RCL,2025,Q1,10480,20,162,0.00191,0.01546,0.48953,0.29222,16.81074,10.23425
COMPANY_32624297_CBOE,2023,Q1,8754,55,138,0.00628,0.01576,0.31442,0.40881,16.17393,11.99016
COMPANY_32624297_CBOE,2023,Q2,10819,96,160,0.00887,0.01479,0.35365,0.29229,17.99063,12.12415
COMPANY_32624297_CBOE,2023,Q3,11067,85,166,0.00768,0.015,0.42681,0.29147,16.92355,10.80891
COMPANY_32624297_CBOE,2023,Q4,10165,102,158,0.01003,0.01554,0.46265,0.31264,17.38332,13.41988
COMPANY_32624297_CBOE,2024,Q1,11295,103,166,0.00912,0.0147,0.42719,0.29866,18.74396,12.26829
COMPANY_32624297_CBOE,2024,Q2,11447,84,158,0.00734,0.0138,0.46923,0.36811,20.02291,14.88471
COMPANY_32624297_CBOE,2024,Q3,11528,95,177,0.00824,0.01535,0.39727,0.39431,18.61902,13.19489
COMPANY_32624297_CBOE,2024,Q4,10281,93,148,0.00905,0.0144,0.48869,0.3822,19.04087,14.78444
COMPANY_32624297_CBOE,2025,Q1,9831,42,139,0.00427,0.01414,0.49573,0.29686,20.32396,12.36854
COMPANY_32710_PTC,2023,Q1,12322,87,209,0.00706,0.01696,0.32135,0.27732,17.15582,13.06461
COMPANY_32710_PTC,2023,Q2,9920,45,175,0.00454,0.01764,0.29979,0.28519,17.17913,14.32645
COMPANY_32710_PTC,2023,Q3,12978,67,241,0.00516,0.01857,0.35872,0.34392,18.4205,12.76131
COMPANY_32710_PTC,2023,Q4,9789,67,168,0.00684,0.01716,0.37408,0.32802,18.58504,13.11041
COMPANY_32710_PTC,2024,Q1,11154,71,221,0.00637,0.01981,0.43248,0.34678,20.83147,11.76043
COMPANY_32710_PTC,2024,Q2,10635,60,200,0.00564,0.01881,0.42099,0.28373,17.40553,12.28199
COMPANY_33254_BKNG,2023,Q3,12232,24,139,0.00196,0.01136,0.3086,0.28412,16.04811,11.34832
COMPANY_33254_BKNG,2023,Q4,10656,35,119,0.00328,0.01117,0.62875,0.33859,19.07923,11.43299
COMPANY_33254_BKNG,2024,Q1,10723,35,114,0.00326,0.01063,0.37919,0.28192,17.46425,12.41756
COMPANY_33254_BKNG,2024,Q2,10573,29,117,0.00274,0.01107,0.54699,0.31681,16.69884,13.41438
COMPANY_33254_BKNG,2024,Q3,10951,51,128,0.00466,0.01169,0.59318,0.38248,18.56967,12.74579
COMPANY_33254_BKNG,2024,Q4,10642,57,121,0.00536,0.01137,0.46253,0.34778,19.07936,15.89728
COMPANY_33254_BKNG,2025,Q1,10648,42,150,0.00394,0.01409,0.49446,0.34599,18.75047,14.01057
COMPANY_332646_ESS,2023,Q1,10993,24,189,0.00218,0.01719,0.25484,0.20176,16.88915,11.10126
COMPANY_332646_ESS,2023,Q2,9001,9,138,0.001,0.01533,0.22891,0.1869,19.1428,13.74328
COMPANY_332646_ESS,2023,Q3,8887,15,183,0.00169,0.02059,0.43598,0.22072,16.82932,12.51491
COMPANY_332646_ESS,2023,Q4,10515,19,201,0.00181,0.01912,0.29502,0.24489,17.9403,10.74496
COMPANY_332646_ESS,2024,Q1,7740,7,131,0.0009,0.01693,0.64906,0.23977,25.38984,10.68145
COMPANY_332646_ESS,2024,Q2,8379,11,153,0.00131,0.01826,0.44297,0.2816,18.68104,11.05619
COMPANY_332646_ESS,2024,Q3,8798,16,147,0.00182,0.01671,0.25735,0.13932,15.87474,12.8634
COMPANY_332646_ESS,2024,Q4,12692,9,222,0.00071,0.01749,0.33877,0.23722,12.33553,10.18789
COMPANY_332646_ESS,2025,Q1,10582,10,186,0.00095,0.01758,0.40516,0.25094,18.17167,11.70929
COMPANY_332700_CDW,2023,Q1,12381,87,181,0.00703,0.01462,0.42681,0.24033,19.53153,11.8104
COMPANY_332700_CDW,2023,Q2,11264,111,192,0.00985,0.01705,0.39747,0.31262,19.01156,12.19515
COMPANY_332700_CDW,2023,Q3,10830,92,153,0.00849,0.01413,0.45768,0.29034,19.24312,12.74867
COMPANY_332700_CDW,2023,Q4,10418,103,195,0.00989,0.01872,0.49642,0.30227,19.49843,11.96106
COMPANY_329202_CPT,2024,Q4,12604,6,168,0.00048,0.01333,0.19942,0.22686,18.76463,11.21003
COMPANY_329202_CPT,2025,Q1,10478,6,189,0.00057,0.01804,-0.12993,0.23162,15.9552,10.56065
COMPANY_329376_KEY,2023,Q1,11047,16,207,0.00145,0.01874,0.46818,0.23843,18.79644,10.27248
COMPANY_329376_KEY,2023,Q2,11430,19,207,0.00166,0.01811,0.26592,0.23942,16.25695,10.64505
COMPANY_329376_KEY,2023,Q3,11278,8,231,0.00071,0.02048,0.46391,0.24868,19.08357,10.57907
COMPANY_329376_KEY,2023,Q4,13017,23,193,0.00177,0.01483,0.23026,0.2197,16.96532,12.66708
COMPANY_329376_KEY,2024,Q1,11354,13,196,0.00114,0.01726,0.24451,0.23813,16.58006,8.79608
COMPANY_329376_KEY,2024,Q2,12835,10,222,0.00078,0.0173,0.55999,0.26939,15.82405,11.30391
COMPANY_329376_KEY,2024,Q3,11004,10,205,0.00091,0.01863,0.20939,0.24397,9.79546,11.08257
COMPANY_329376_KEY,2024,Q4,10382,22,177,0.00212,0.01705,0.32247,0.24447,16.90766,9.78962
COMPANY_329376_KEY,2025,Q1,8060,9,131,0.00112,0.01625,0.47087,0.27276,14.7069,10.71345
COMPANY_329501_TSCO,2023,Q1,11888,19,169,0.0016,0.01422,0.47169,0.30567,18.56889,12.86162
COMPANY_329501_TSCO,2023,Q2,11279,71,197,0.00629,0.01747,0.46016,0.34881,17.35115,13.21726
COMPANY_329501_TSCO,2023,Q3,10415,22,185,0.00211,0.01776,0.42069,0.26855,16.67101,12.55691
COMPANY_329501_TSCO,2023,Q4,12818,38,201,0.00296,0.01568,0.25511,0.24683,16.40384,12.91566
COMPANY_329501_TSCO,2024,Q1,10473,22,152,0.0021,0.01451,0.44094,0.27463,16.62184,13.5668
COMPANY_329501_TSCO,2024,Q2,11303,20,218,0.00177,0.01929,0.56751,0.2897,20.01987,12.63972
COMPANY_329501_TSCO,2024,Q3,10979,36,167,0.00328,0.01521,0.44852,0.33209,16.84035,13.17594
COMPANY_329501_TSCO,2024,Q4,10040,32,141,0.00319,0.01404,0.46586,0.35408,17.41676,12.70789
COMPANY_329501_TSCO,2025,Q1,11141,29,194,0.0026,0.01741,0.43865,0.26959,16.48553,12.06759
COMPANY_330123_PLD,2023,Q1,10642,9,196,0.00085,0.01842,0.23457,0.17848,15.02376,9.78761
COMPANY_330123_PLD,2023,Q2,9926,4,171,0.0004,0.01723,0.1265,0.25096,18.55525,9.98299
COMPANY_330123_PLD,2023,Q3,9447,13,171,0.00138,0.0181,0.31482,0.22269,16.56859,11.02463
COMPANY_330123_PLD,2023,Q4,7877,6,155,0.00076,0.01968,0.29843,0.21823,16.30587,9.99597
COMPANY_330123_PLD,2024,Q1,9956,4,182,0.0004,0.01828,0.33393,0.20689,18.64674,10.77959
COMPANY_330123_PLD,2024,Q2,8459,9,146,0.00106,0.01726,0.44738,0.31002,17.25503,10.08973
COMPANY_330123_PLD,2024,Q3,10169,15,198,0.00148,0.01947,0.33732,0.27193,16.28296,10.87373
COMPANY_330123_PLD,2024,Q4,10518,14,214,0.00133,0.02035,0.54672,0.28443,19.17751,9.26017
COMPANY_330123_PLD,2025,Q1,8249,8,170,0.00097,0.02061,0.54945,0.11171,17.39901,12.75143
COMPANY_332358_MAA,2023,Q1,11926,21,191,0.00176,0.01602,0.29163,0.24735,17.90628,9.05268
COMPANY_332358_MAA,2023,Q2,10987,9,188,0.00082,0.01711,0.55658,0.18338,24.05582,11.53481
COMPANY_332358_MAA,2023,Q3,13628,23,326,0.00169,0.02392,0.31542,0.24813,23.97541,13.11169
COMPANY_332358_MAA,2023,Q4,14511,12,272,0.00083,0.01874,0.5101,0.28265,18.20371,11.13001
COMPANY_332358_MAA,2024,Q1,12142,16,223,0.00132,0.01837,0.44088,0.25343,17.66032,11.76728
COMPANY_332358_MAA,2024,Q2,12536,10,243,0.0008,0.01938,0.39279,0.24802,20.59201,9.94561
COMPANY_332358_MAA,2024,Q3,12021,13,227,0.00108,0.01888,0.56152,0.22734,17.67931,12.36951
COMPANY_332358_MAA,2024,Q4,15996,11,285,0.00069,0.01782,0.51592,0.2693,25.82997,11.21451
COMPANY_332358_MAA,2025,Q1,10830,10,182,0.00092,0.01681,0.49149,0.24437,22.46509,11.24403
COMPANY_33254_BKNG,2023,Q1,10907,41,139,0.00376,0.01274,0.4326,0.2788,17.47279,12.71119
COMPANY_33254_BKNG,2023,Q2,11713,44,150,0.00376,0.01281,0.45752,0.31118,17.94669,11.42818
COMPANY_332700_CDW,2024,Q1,9970,96,174,0.00963,0.01745,0.42256,0.27704,19.08949,14.32686
COMPANY_332700_CDW,2024,Q2,9624,67,152,0.00696,0.01579,0.47304,0.23057,20.55067,11.02586
COMPANY_332700_CDW,2024,Q3,9759,57,165,0.00584,0.01691,0.31744,0.23429,18.68399,11.23484
COMPANY_332700_CDW,2024,Q4,9518,85,140,0.00893,0.01471,0.44936,0.25277,18.55816,12.00716
COMPANY_332700_CDW,2025,Q1,9065,64,186,0.00706,0.02052,0.47013,0.31414,20.58889,12.53435
COMPANY_332954_INCY,2023,Q1,10557,8,183,0.00076,0.01733,0.15963,0.19046,18.27023,12.69591
COMPANY_332954_INCY,2023,Q2,10315,16,189,0.00155,0.01832,0.22933,0.23066,19.55835,12.33885
COMPANY_332954_INCY,2023,Q3,9690,15,200,0.00155,0.02064,0.34795,0.27001,17.43536,14.28808
COMPANY_332954_INCY,2023,Q4,10547,14,223,0.00133,0.02114,0.17122,0.30142,20.81868,14.32288
COMPANY_332954_INCY,2024,Q1,9248,19,215,0.00205,0.02325,0.32844,0.22886,16.8982,13.43176
COMPANY_332954_INCY,2024,Q2,10377,15,209,0.00145,0.02014,0.14788,0.28285,22.82559,15.0037
COMPANY_332954_INCY,2024,Q3,10457,16,242,0.00153,0.02314,0.26649,0.20797,19.94299,13.0484
COMPANY_332954_INCY,2024,Q4,10532,15,249,0.00142,0.02364,0.10116,0.24875,15.85651,13.80467
COMPANY_332954_INCY,2025,Q1,11043,12,196,0.00109,0.01775,0.14076,0.22225,16.91988,12.35284
COMPANY_33328_PG,2023,Q1,9637,24,147,0.00249,0.01525,0.35632,0.30749,19.14067,12.65259
COMPANY_33328_PG,2023,Q2,11243,33,206,0.00294,0.01832,0.39906,0.22153,16.86854,12.36538
COMPANY_33328_PG,2023,Q3,11100,25,171,0.00225,0.01541,0.5339,0.26473,20.01195,12.96155
COMPANY_33328_PG,2023,Q4,11139,45,164,0.00404,0.01472,0.54407,0.47249,19.99445,15.77978
COMPANY_33328_PG,2024,Q1,7431,28,113,0.00377,0.01521,0.52093,0.33547,16.23914,12.91451
COMPANY_33328_PG,2024,Q2,12337,50,164,0.00405,0.01329,0.6185,0.36321,21.68933,13.29008
COMPANY_33328_PG,2024,Q3,10842,28,180,0.00258,0.0166,0.52418,0.31284,19.2727,13.11465
COMPANY_33328_PG,2024,Q4,14455,37,211,0.00256,0.0146,0.53889,0.40534,21.33003,16.08994
COMPANY_33328_PG,2025,Q1,11326,28,184,0.00247,0.01625,0.47857,0.28482,17.87954,12.62576
COMPANY_33328_PG,2025,Q2,12091,26,193,0.00215,0.01596,0.41979,0.31125,19.18874,13.2446
COMPANY_33328_PG,2025,Q3,11240,23,217,0.00205,0.01931,0.41914,0.26214,18.17883,12.81499
COMPANY_33348547_ANET,2023,Q1,10131,69,258,0.00681,0.02547,0.30082,0.24891,18.52828,10.79629
COMPANY_33348547_ANET,2023,Q2,9836,64,250,0.00651,0.02542,0.18727,0.25355,16.94366,9.81653
COMPANY_33348547_ANET,2023,Q3,9713,54,223,0.00556,0.02296,0.23056,0.30209,17.89442,9.64075
COMPANY_33348547_ANET,2023,Q4,8679,64,176,0.00737,0.02028,0.15943,0.24796,17.74516,11.21497
COMPANY_33348547_ANET,2024,Q1,10411,105,227,0.01009,0.0218,0.23638,0.221,17.69277,13.1613
COMPANY_33348547_ANET,2024,Q2,10366,80,204,0.00772,0.01968,0.27483,0.23511,17.6976,11.12066
COMPANY_33348547_ANET,2024,Q3,8255,62,151,0.00751,0.01829,0.28774,0.27186,17.71181,11.59016
COMPANY_33348547_ANET,2024,Q4,10618,82,180,0.00772,0.01695,0.27612,0.27151,18.17009,11.13043
COMPANY_33348547_ANET,2025,Q1,9271,61,177,0.00658,0.01909,0.27906,0.22094,18.36662,10.87623
COMPANY_33352_PGR,2023,Q1,10650,2,221,0.00019,0.02075,0.24935,0.17905,14.87181,11.24417
COMPANY_33352_PGR,2023,Q2,15359,14,262,0.00091,0.01706,0.10024,0.07939,16.21171,12.51249
COMPANY_33352_PGR,2023,Q3,9527,14,202,0.00147,0.0212,0.05036,0.18359,15.6627,12.06861
COMPANY_33352_PGR,2023,Q4,15334,72,302,0.0047,0.01969,0.41033,0.32509,18.95091,10.75042
COMPANY_33352_PGR,2024,Q1,10384,45,179,0.00433,0.01724,0.24893,0.23305,13.94701,11.30416
COMPANY_33352_PGR,2024,Q2,15937,39,285,0.00245,0.01788,0.23625,0.29469,16.95221,12.73462
COMPANY_334622_KDP,2025,Q1,8476,19,119,0.00224,0.01404,0.57137,0.28899,15.6292,12.71705
COMPANY_33493_QCOM,2023,Q1,7748,67,198,0.00865,0.02555,0.34722,0.19669,19.19269,12.36715
COMPANY_33493_QCOM,2023,Q2,7981,79,178,0.0099,0.0223,0.41396,0.22061,18.86616,12.56797
COMPANY_33493_QCOM,2023,Q3,7352,56,138,0.00762,0.01877,0.39291,0.22244,19.48037,12.14289
COMPANY_33493_QCOM,2023,Q4,8595,82,142,0.00954,0.01652,0.37863,0.29037,19.36733,12.18163
COMPANY_33493_QCOM,2024,Q1,7284,64,127,0.00879,0.01744,0.33063,0.24116,18.25204,11.66125
COMPANY_33493_QCOM,2024,Q2,6698,75,130,0.0112,0.01941,0.43432,0.30112,18.48298,12.67043
COMPANY_33493_QCOM,2024,Q3,7575,78,111,0.0103,0.01465,0.33762,0.2315,17.4784,12.02847
COMPANY_33493_QCOM,2024,Q4,6551,82,117,0.01252,0.01786,0.43285,0.29206,18.20765,13.51049
COMPANY_33493_QCOM,2025,Q1,6795,49,91,0.00721,0.01339,0.42621,0.28807,18.85227,13.11955
COMPANY_33493_QCOM,2025,Q2,7413,81,129,0.01093,0.0174,0.31516,0.33802,18.53103,13.40316
COMPANY_33509_PWR,2023,Q1,9725,58,164,0.00596,0.01686,0.50995,0.31599,22.61495,11.08119
COMPANY_33509_PWR,2023,Q2,10498,52,170,0.00495,0.01619,0.40918,0.26911,19.405,11.81948
COMPANY_33509_PWR,2023,Q3,8715,55,150,0.00631,0.01721,0.53035,0.34859,20.84028,13.28748
COMPANY_33509_PWR,2023,Q4,8418,21,138,0.00249,0.01639,0.40964,0.28125,17.51461,9.66282
COMPANY_33509_PWR,2024,Q1,11013,29,177,0.00263,0.01607,0.24218,0.24444,14.08963,10.95288
COMPANY_33509_PWR,2024,Q2,8946,47,147,0.00525,0.01643,0.4215,0.33679,17.98507,10.61892
COMPANY_33509_PWR,2024,Q3,11415,36,201,0.00315,0.01761,0.46579,0.28852,22.31211,10.96371
COMPANY_33509_PWR,2024,Q4,10193,73,154,0.00716,0.01511,0.40258,0.23571,18.04671,9.44808
COMPANY_33509_PWR,2025,Q1,9142,59,181,0.00645,0.0198,0.46121,0.31316,20.81445,10.68639
COMPANY_33715_REGN,2023,Q1,10277,23,188,0.00224,0.01829,0.37782,0.29329,20.09604,15.85569
COMPANY_33715_REGN,2023,Q2,9573,17,156,0.00178,0.0163,0.4326,0.24621,25.02877,13.33092
COMPANY_33715_REGN,2023,Q3,10818,31,194,0.00287,0.01793,0.25391,0.29825,23.7878,14.53889
COMPANY_33715_REGN,2023,Q4,10169,32,134,0.00315,0.01318,0.04002,0.28449,21.1598,14.09564
COMPANY_33715_REGN,2024,Q1,9059,12,151,0.00132,0.01667,0.22717,0.20263,20.35391,15.74948
COMPANY_33715_REGN,2024,Q2,10250,7,154,0.00068,0.01502,0.30164,0.24519,21.01929,13.35082
COMPANY_33715_REGN,2024,Q3,10130,14,186,0.00138,0.01836,0.27098,0.23121,18.63657,14.64638
COMPANY_33715_REGN,2024,Q4,10455,34,191,0.00325,0.01827,0.4308,0.28975,19.46898,15.48842
COMPANY_33715_REGN,2025,Q1,10100,16,158,0.00158,0.01564,0.27821,0.21685,18.39499,13.3233
COMPANY_33926_ROST,2023,Q1,7300,8,151,0.0011,0.02068,0.18039,0.16309,13.57942,12.42711
COMPANY_33926_ROST,2023,Q3,6795,9,157,0.00132,0.02311,0.23545,0.26319,13.91837,10.95598
COMPANY_33926_ROST,2023,Q4,8630,27,177,0.00313,0.02051,0.37599,0.2315,13.38854,11.21723
COMPANY_33926_ROST,2024,Q1,8476,19,147,0.00224,0.01734,0.27449,0.2253,16.61623,11.54314
COMPANY_33926_ROST,2024,Q2,8389,19,172,0.00226,0.0205,0.16258,0.21157,14.20548,9.25683
COMPANY_33926_ROST,2024,Q3,8537,22,147,0.00258,0.01722,0.21528,0.22873,13.4465,9.88362
COMPANY_33926_ROST,2024,Q4,8874,29,201,0.00327,0.02265,0.35438,0.2799,17.23315,10.83415
COMPANY_339305_O,2023,Q1,10172,12,144,0.00118,0.01416,0.40995,0.29686,20.58228,11.66355
COMPANY_339305_O,2023,Q2,10048,12,152,0.00119,0.01513,0.44674,0.22558,16.111,10.99255
COMPANY_339305_O,2023,Q3,8399,24,146,0.00286,0.01738,0.53222,0.25201,19.91077,10.60825
COMPANY_339305_O,2023,Q4,10209,22,173,0.00215,0.01695,0.3931,0.27452,16.81371,12.90194
COMPANY_33352_PGR,2024,Q3,10186,16,199,0.00157,0.01954,0.41886,0.26363,16.92528,9.78311
COMPANY_33352_PGR,2024,Q4,11961,104,203,0.00869,0.01697,0.34277,0.30121,16.84775,14.0902
COMPANY_33352_PGR,2025,Q1,10567,24,200,0.00227,0.01893,0.44265,0.28396,16.08648,10.59708
COMPANY_334158_IR,2023,Q1,11141,32,205,0.00287,0.0184,0.42524,0.31792,20.70808,13.62135
COMPANY_334158_IR,2023,Q2,10141,40,180,0.00394,0.01775,0.31006,0.28808,18.34304,12.55873
COMPANY_334158_IR,2023,Q3,9996,25,205,0.0025,0.02051,0.38461,0.29921,18.90528,13.90431
COMPANY_334158_IR,2023,Q4,11216,25,212,0.00223,0.0189,0.56617,0.25422,21.41904,14.05082
COMPANY_334158_IR,2024,Q1,10222,44,156,0.0043,0.01526,0.31361,0.28304,21.02129,14.9488
COMPANY_334158_IR,2024,Q2,10503,36,177,0.00343,0.01685,0.37577,0.25056,19.36114,13.04764
COMPANY_334158_IR,2024,Q3,12256,39,196,0.00318,0.01599,0.45519,0.29895,18.51181,13.54011
COMPANY_334158_IR,2024,Q4,11283,21,206,0.00186,0.01826,0.4454,0.25887,20.81081,12.07917
COMPANY_334158_IR,2025,Q1,11294,22,221,0.00195,0.01957,0.376,0.28666,19.67268,12.076
COMPANY_334622_KDP,2023,Q1,9738,25,182,0.00257,0.01869,0.46191,0.27304,19.11405,13.21716
COMPANY_334622_KDP,2023,Q2,9671,21,155,0.00217,0.01603,0.4994,0.34275,16.89238,14.6406
COMPANY_334622_KDP,2023,Q3,9296,35,123,0.00377,0.01323,0.53993,0.38242,17.93994,14.8772
COMPANY_334622_KDP,2023,Q4,9050,33,151,0.00365,0.01669,0.57796,0.38501,20.63299,15.91858
COMPANY_334622_KDP,2024,Q1,8415,40,129,0.00475,0.01533,0.48145,0.39902,19.02632,15.38228
COMPANY_334622_KDP,2024,Q2,8957,21,122,0.00234,0.01362,0.50633,0.37703,18.12107,14.3464
COMPANY_334622_KDP,2024,Q3,8588,43,127,0.00501,0.01479,0.43672,0.40037,19.09224,15.21757
COMPANY_334622_KDP,2024,Q4,8226,27,142,0.00328,0.01726,0.39694,0.32452,19.6126,14.86119
COMPANY_336160_DRI,2023,Q1,16474,23,250,0.0014,0.01518,0.36666,0.22509,18.19083,10.19673
COMPANY_336160_DRI,2023,Q2,14262,25,212,0.00175,0.01486,0.36395,0.23331,16.45469,12.25316
COMPANY_336160_DRI,2023,Q3,13136,17,204,0.00129,0.01553,0.28066,0.2124,17.70444,11.03194
COMPANY_336160_DRI,2023,Q4,14333,17,269,0.00119,0.01877,0.38706,0.27622,16.19565,10.95442
COMPANY_336160_DRI,2024,Q1,14858,22,230,0.00148,0.01548,0.39147,0.25788,14.86247,10.48761
COMPANY_336160_DRI,2024,Q2,13618,21,215,0.00154,0.01579,0.35814,0.31512,19.32182,10.89628
COMPANY_336160_DRI,2024,Q3,11669,23,183,0.00197,0.01568,0.326,0.30827,18.88229,11.31357
COMPANY_336160_DRI,2024,Q4,14949,18,244,0.0012,0.01632,0.41328,0.31313,18.79189,10.86519
COMPANY_336160_DRI,2025,Q1,15887,45,200,0.00283,0.01259,0.40573,0.25401,16.304,11.2163
COMPANY_336160_DRI,2025,Q2,14172,45,223,0.00318,0.01574,0.37055,0.34039,15.62036,11.49135
COMPANY_336160_DRI,2025,Q3,13960,25,230,0.00179,0.01648,0.39763,0.32189,16.41112,11.57152
COMPANY_336241_COF,2023,Q1,13073,31,206,0.00237,0.01576,0.41015,0.1885,20.55786,13.59489
COMPANY_336241_COF,2023,Q2,10278,36,145,0.0035,0.01411,0.4633,0.23276,19.82892,12.82708
COMPANY_336241_COF,2023,Q3,10061,31,195,0.00308,0.01938,0.46918,0.23886,19.58359,12.41843
COMPANY_336241_COF,2023,Q4,11689,26,189,0.00222,0.01617,0.47698,0.26687,20.32547,12.29241
COMPANY_336241_COF,2024,Q1,10727,43,180,0.00401,0.01678,0.55735,0.26554,21.50095,11.80984
COMPANY_336241_COF,2024,Q2,9855,34,164,0.00345,0.01664,0.34147,0.30069,17.71423,12.08958
COMPANY_336241_COF,2024,Q3,9632,16,164,0.00166,0.01703,0.47712,0.2942,17.48076,11.46444
COMPANY_336241_COF,2024,Q4,13268,61,217,0.0046,0.01636,0.45008,0.3126,19.52449,12.80429
COMPANY_336241_COF,2025,Q1,13487,126,303,0.00934,0.02247,0.37287,0.27061,17.32122,12.93773
COMPANY_343729_MNST,2023,Q3,7382,9,130,0.00122,0.01761,0.14827,0.29163,16.33771,13.47809
COMPANY_343729_MNST,2023,Q4,7685,5,112,0.00065,0.01457,0.43343,0.28962,17.91386,12.12569
COMPANY_343729_MNST,2024,Q1,7879,11,123,0.0014,0.01561,0.32068,0.29987,19.47903,13.76502
COMPANY_343729_MNST,2024,Q2,7922,4,144,0.0005,0.01818,0.4825,0.29139,27.25356,12.97407
COMPANY_343729_MNST,2024,Q3,9029,4,151,0.00044,0.01672,0.21202,0.29439,16.89985,12.53751
COMPANY_343729_MNST,2024,Q4,8171,4,124,0.00049,0.01518,0.75503,0.29492,26.22049,13.56187
COMPANY_343729_MNST,2025,Q1,7495,4,129,0.00053,0.01721,0.38877,0.29511,18.52754,12.38984
COMPANY_34378_SPG,2023,Q1,8928,8,165,0.0009,0.01848,0.55876,0.2814,11.9851,7.47152
COMPANY_34378_SPG,2023,Q2,8447,6,131,0.00071,0.01551,0.16937,0.24093,11.19981,8.03824
COMPANY_34378_SPG,2023,Q3,8295,5,162,0.0006,0.01953,-0.08418,0.24458,13.22221,8.67153
COMPANY_34378_SPG,2023,Q4,8183,9,139,0.0011,0.01699,0.30162,0.32035,14.95961,9.1821
COMPANY_34378_SPG,2024,Q1,8161,11,137,0.00135,0.01679,0.35439,0.22873,16.03553,10.67461
COMPANY_34378_SPG,2024,Q2,8161,4,173,0.00049,0.0212,0.06302,0.30391,8.88095,8.25299
COMPANY_34378_SPG,2024,Q3,8471,6,164,0.00071,0.01936,0.51755,0.26278,14.76605,7.78656
COMPANY_34378_SPG,2024,Q4,7678,3,123,0.00039,0.01602,0.09107,0.22632,11.09591,8.25097
COMPANY_34378_SPG,2025,Q1,8463,4,188,0.00047,0.02221,0.2707,0.20564,16.59437,8.98597
COMPANY_3449701_WYNN,2023,Q1,6064,6,94,0.00099,0.0155,0.35302,0.29765,14.79797,9.26198
COMPANY_3449701_WYNN,2023,Q2,7309,7,146,0.00096,0.01998,0.39305,0.2887,12.9629,8.42607
COMPANY_3449701_WYNN,2023,Q3,8061,4,143,0.0005,0.01774,0.32033,0.30114,15.56574,8.62151
COMPANY_3449701_WYNN,2023,Q4,7003,9,122,0.00129,0.01742,0.32388,0.34079,17.17389,9.11025
COMPANY_339305_O,2024,Q1,11104,41,167,0.00369,0.01504,0.42424,0.26914,16.79467,12.93884
COMPANY_339305_O,2024,Q2,10062,11,169,0.00109,0.0168,0.43793,0.23575,20.70097,11.73893
COMPANY_339305_O,2024,Q3,10952,51,177,0.00466,0.01616,0.34323,0.28237,19.18274,12.62241
COMPANY_339305_O,2024,Q4,10288,30,203,0.00292,0.01973,0.41023,0.21106,18.6144,10.20476
COMPANY_339305_O,2025,Q1,11168,41,183,0.00367,0.01639,0.46767,0.25196,18.16873,11.34819
COMPANY_339447_HSIC,2023,Q1,10394,35,165,0.00337,0.01587,0.50149,0.26317,16.94369,11.86189
COMPANY_339447_HSIC,2023,Q2,10807,38,143,0.00352,0.01323,0.50865,0.27341,22.89346,12.97854
COMPANY_339447_HSIC,2023,Q3,11526,44,175,0.00382,0.01518,0.39362,0.25949,15.7628,12.23528
COMPANY_339447_HSIC,2023,Q4,11182,23,138,0.00206,0.01234,0.49549,0.32424,18.80448,13.01248
COMPANY_339447_HSIC,2024,Q1,10387,29,165,0.00279,0.01589,0.44667,0.30535,16.3833,12.90331
COMPANY_339447_HSIC,2024,Q2,10999,25,148,0.00227,0.01346,0.47623,0.28798,17.00705,12.48235
COMPANY_339447_HSIC,2024,Q3,10540,37,154,0.00351,0.01461,0.49011,0.33709,17.78113,13.34815
COMPANY_339447_HSIC,2024,Q4,10987,36,163,0.00328,0.01484,0.34171,0.27117,16.23748,12.0184
COMPANY_339447_HSIC,2025,Q1,10341,24,173,0.00232,0.01673,0.47755,0.2245,18.11562,11.99211
COMPANY_340196_RMD,2023,Q1,11648,53,177,0.00455,0.0152,0.48082,0.23626,19.72046,11.54801
COMPANY_340196_RMD,2023,Q2,12369,72,203,0.00582,0.01641,0.44585,0.34925,18.81924,13.2581
COMPANY_340196_RMD,2023,Q3,12462,67,156,0.00538,0.01252,0.43891,0.31824,18.12036,11.13626
COMPANY_340196_RMD,2023,Q4,12040,55,179,0.00457,0.01487,0.47924,0.35006,20.31252,12.84852
COMPANY_340196_RMD,2024,Q1,11106,81,157,0.00729,0.01414,0.48089,0.30605,19.12565,14.99977
COMPANY_340196_RMD,2024,Q2,11592,79,150,0.00682,0.01294,0.50825,0.34751,17.31406,13.05504
COMPANY_340196_RMD,2024,Q3,12537,78,168,0.00622,0.0134,0.38868,0.32254,17.95382,12.00596
COMPANY_340196_RMD,2024,Q4,11573,48,178,0.00415,0.01538,0.37924,0.3173,19.34037,12.07982
COMPANY_340196_RMD,2025,Q1,12518,87,167,0.00695,0.01334,0.42098,0.3399,17.13906,11.961
COMPANY_340196_RMD,2025,Q2,11064,56,149,0.00506,0.01347,0.43565,0.32747,17.83247,12.29121
COMPANY_340196_RMD,2025,Q3,11922,41,143,0.00344,0.01199,0.50395,0.32865,17.21816,12.93891
COMPANY_34071_SBAC,2023,Q1,9650,21,198,0.00218,0.02052,0.19557,0.31506,18.0271,11.50266
COMPANY_34071_SBAC,2023,Q2,10121,14,180,0.00138,0.01778,0.41301,0.24349,17.9857,11.05752
COMPANY_34071_SBAC,2023,Q3,9556,30,157,0.00314,0.01643,0.33403,0.33786,16.9905,11.43426
COMPANY_34071_SBAC,2023,Q4,10262,21,178,0.00205,0.01735,0.37179,0.30126,18.29278,12.23919
COMPANY_34071_SBAC,2024,Q1,9877,22,162,0.00223,0.0164,0.33165,0.2607,17.67431,13.31584
COMPANY_34071_SBAC,2024,Q2,11130,24,203,0.00216,0.01824,0.35388,0.2887,19.28665,11.93327
COMPANY_34071_SBAC,2024,Q3,11215,21,176,0.00187,0.01569,0.35174,0.27026,18.06587,10.87689
COMPANY_34071_SBAC,2024,Q4,8681,27,150,0.00311,0.01728,0.34581,0.26246,17.94541,11.78627
COMPANY_34071_SBAC,2025,Q1,11645,27,254,0.00232,0.02181,0.2712,0.27444,16.78463,11.72982
COMPANY_340813_EG,2023,Q1,10310,18,158,0.00175,0.01532,0.51077,0.2953,16.6039,12.79484
COMPANY_340813_EG,2023,Q2,11743,20,184,0.0017,0.01567,0.49978,0.29137,17.58204,12.02811
COMPANY_340813_EG,2023,Q3,10362,11,165,0.00106,0.01592,0.64714,0.20465,17.14319,11.1486
COMPANY_340813_EG,2023,Q4,11979,17,180,0.00142,0.01503,0.46657,0.17192,19.53902,13.57891
COMPANY_340813_EG,2024,Q1,9803,9,151,0.00092,0.0154,0.32494,0.18791,17.95675,12.89078
COMPANY_340813_EG,2024,Q2,9529,25,155,0.00262,0.01627,0.30378,0.23675,17.16595,13.2653
COMPANY_3449701_WYNN,2024,Q1,5660,7,96,0.00124,0.01696,0.48847,0.23842,18.09617,10.28907
COMPANY_3449701_WYNN,2024,Q2,7563,8,119,0.00106,0.01573,0.21887,0.33091,15.65297,9.68463
COMPANY_3449701_WYNN,2024,Q3,6473,5,118,0.00077,0.01823,0.21274,0.2809,14.66733,8.96667
COMPANY_3449701_WYNN,2024,Q4,10415,13,205,0.00125,0.01968,0.46578,0.29704,21.35916,11.41022
COMPANY_3449701_WYNN,2025,Q1,7661,6,140,0.00078,0.01827,0.31848,0.28713,20.21306,8.46888
COMPANY_346919_ACGL,2023,Q1,10332,11,175,0.00106,0.01694,0.52007,0.25864,16.83281,13.6535
COMPANY_346919_ACGL,2023,Q2,10476,3,165,0.00029,0.01575,0.6799,0.19588,15.47377,13.45843
COMPANY_346919_ACGL,2023,Q3,9969,6,148,0.0006,0.01485,0.46568,0.21865,20.58314,12.68235
COMPANY_346919_ACGL,2023,Q4,11335,12,179,0.00106,0.01579,0.40399,0.25656,18.34226,11.36525
COMPANY_346919_ACGL,2024,Q1,9121,16,135,0.00175,0.0148,0.4108,0.2281,21.52616,12.32558
COMPANY_346919_ACGL,2024,Q2,9769,7,168,0.00072,0.0172,0.21753,0.26693,18.80666,11.69443
COMPANY_346919_ACGL,2024,Q3,10677,4,172,0.00037,0.01611,0.40513,0.24409,15.68842,12.21017
COMPANY_346919_ACGL,2024,Q4,12312,7,201,0.00057,0.01633,0.64476,0.19528,20.02884,11.49352
COMPANY_346919_ACGL,2025,Q1,10043,13,148,0.00129,0.01474,0.36227,0.19327,16.38624,12.91042
COMPANY_34745_SBUX,2023,Q1,12233,26,161,0.00213,0.01316,0.449,0.36713,20.55166,12.80518
COMPANY_34745_SBUX,2023,Q2,10747,38,148,0.00354,0.01377,0.42173,0.3415,17.10774,14.83942
COMPANY_34745_SBUX,2023,Q3,12757,51,156,0.004,0.01223,0.49008,0.31875,17.13335,14.42427
COMPANY_34745_SBUX,2023,Q4,9852,38,103,0.00386,0.01045,0.58211,0.38638,18.3787,15.17066
COMPANY_34745_SBUX,2024,Q1,13254,49,167,0.0037,0.0126,0.31913,0.32088,15.27926,13.61922
COMPANY_34745_SBUX,2024,Q2,12340,74,187,0.006,0.01515,0.37149,0.32453,15.87679,13.98549
COMPANY_340813_EG,2024,Q3,10498,20,189,0.00191,0.018,0.18288,0.17174,17.44744,12.41588
COMPANY_340813_EG,2024,Q4,9151,5,133,0.00055,0.01453,0.19524,0.15892,20.6895,12.97355
COMPANY_340813_EG,2025,Q1,9546,14,150,0.00147,0.01571,0.25652,0.17524,17.21416,12.46454
COMPANY_34093_SCHW,2023,Q1,45774,358,572,0.00782,0.0125,0.40177,0.30777,17.21339,14.25183
COMPANY_34093_SCHW,2023,Q2,9785,47,134,0.0048,0.01369,0.51853,0.40471,17.4358,14.30353
COMPANY_34093_SCHW,2023,Q3,9720,38,129,0.00391,0.01327,0.51534,0.44322,23.11743,15.06939
COMPANY_34093_SCHW,2023,Q4,10378,55,120,0.0053,0.01156,0.48139,0.3622,19.42517,15.78139
COMPANY_34093_SCHW,2024,Q1,10043,72,145,0.00717,0.01444,0.49449,0.3299,17.73648,14.50759
COMPANY_34093_SCHW,2024,Q2,9898,48,149,0.00485,0.01505,0.46833,0.3556,17.92443,14.7333
COMPANY_34093_SCHW,2024,Q3,9368,45,105,0.0048,0.01121,0.50473,0.37131,18.29087,13.41879
COMPANY_34093_SCHW,2024,Q4,10241,59,157,0.00576,0.01533,0.57162,0.35008,18.177,12.90204
COMPANY_34093_SCHW,2025,Q1,9983,78,181,0.00781,0.01813,0.50004,0.36036,16.29852,14.22751
COMPANY_34117_POOL,2023,Q1,11237,14,237,0.00125,0.02109,0.27494,0.20406,18.27956,11.00413
COMPANY_34117_POOL,2023,Q2,12089,38,207,0.00314,0.01712,0.34947,0.27887,19.6893,12.66133
COMPANY_34117_POOL,2023,Q3,10866,33,225,0.00304,0.02071,0.14391,0.21594,17.43845,12.98068
COMPANY_34117_POOL,2023,Q4,13361,68,267,0.00509,0.01998,0.34705,0.24833,20.42225,13.64297
COMPANY_34117_POOL,2024,Q1,10949,39,188,0.00356,0.01717,0.40717,0.26572,18.64099,13.68673
COMPANY_34117_POOL,2024,Q2,10992,51,212,0.00464,0.01929,0.32721,0.28796,18.05529,13.17548
COMPANY_34117_POOL,2024,Q3,12405,46,250,0.00371,0.02015,0.24424,0.24043,20.29858,14.21068
COMPANY_34117_POOL,2024,Q4,11234,59,225,0.00525,0.02003,0.27732,0.24296,19.28676,12.30614
COMPANY_34117_POOL,2025,Q1,12815,47,263,0.00367,0.02052,0.31789,0.25022,18.62157,12.44104
COMPANY_34125194_LULU,2023,Q1,9697,42,162,0.00433,0.01671,0.40072,0.32813,17.57626,12.55174
COMPANY_34125194_LULU,2023,Q2,9269,26,128,0.00281,0.01381,0.4541,0.34982,19.80069,12.55768
COMPANY_34125194_LULU,2023,Q3,9414,23,138,0.00244,0.01466,0.40566,0.28016,17.85498,12.97285
COMPANY_34125194_LULU,2023,Q4,9509,36,151,0.00379,0.01588,0.34633,0.3012,19.18465,12.15953
COMPANY_34125194_LULU,2024,Q1,10033,22,143,0.00219,0.01425,0.42228,0.37534,18.65951,11.30874
COMPANY_34125194_LULU,2024,Q2,9847,29,177,0.00295,0.01798,0.46348,0.33268,18.57749,12.40639
COMPANY_34125194_LULU,2024,Q3,9958,19,142,0.00191,0.01426,0.59882,0.34142,20.10535,11.28698
COMPANY_34125194_LULU,2024,Q4,10063,18,159,0.00179,0.0158,0.45677,0.30669,20.24736,10.44321
COMPANY_341546_HIG,2023,Q1,9508,15,153,0.00158,0.01609,0.52525,0.33203,21.17193,11.80607
COMPANY_341546_HIG,2023,Q2,9793,43,167,0.00439,0.01705,0.40005,0.28036,17.69237,10.80109
COMPANY_341546_HIG,2023,Q3,9907,22,199,0.00222,0.02009,0.28753,0.23468,15.17505,10.4943
COMPANY_341546_HIG,2023,Q4,9770,16,163,0.00164,0.01668,0.43616,0.2845,19.59717,10.73903
COMPANY_341546_HIG,2024,Q1,10653,25,190,0.00235,0.01784,0.34475,0.27668,17.40181,12.33323
COMPANY_341546_HIG,2024,Q2,8977,22,166,0.00245,0.01849,0.3816,0.30302,18.63878,11.77545
COMPANY_341546_HIG,2024,Q3,10648,22,188,0.00207,0.01766,0.56548,0.28638,19.23936,11.33598
COMPANY_341546_HIG,2024,Q4,10739,29,131,0.0027,0.0122,0.4363,0.2617,18.45593,12.32906
COMPANY_341546_HIG,2025,Q1,10553,41,152,0.00389,0.0144,0.39362,0.2635,18.98329,12.24234
COMPANY_343729_MNST,2023,Q1,8022,7,113,0.00087,0.01409,0.12463,0.25664,15.8193,13.63845
COMPANY_343729_MNST,2023,Q2,7712,7,116,0.00091,0.01504,0.22507,0.34678,16.98522,14.30625
COMPANY_34768_STLD,2024,Q3,10486,64,198,0.0061,0.01888,0.32661,0.2515,17.07276,13.65868
COMPANY_34768_STLD,2024,Q4,9715,82,174,0.00844,0.01791,0.36303,0.34881,18.19311,15.10085
COMPANY_34768_STLD,2025,Q1,10339,62,187,0.006,0.01809,0.28518,0.23542,18.08195,12.72287
COMPANY_34783_STE,2023,Q1,6641,8,136,0.0012,0.02048,0.24629,0.29864,20.19173,10.17763
COMPANY_34783_STE,2023,Q2,6050,7,100,0.00116,0.01653,0.40297,0.29268,20.25643,12.41893
COMPANY_34783_STE,2023,Q3,7070,9,155,0.00127,0.02192,0.03719,0.20902,13.50151,9.23267
COMPANY_34783_STE,2023,Q4,6082,8,94,0.00132,0.01546,-0.0541,0.23981,16.37665,11.41187
COMPANY_34783_STE,2024,Q1,5550,3,109,0.00054,0.01964,0.49843,0.23358,24.20505,10.66589
COMPANY_34783_STE,2024,Q2,5258,1,110,0.00019,0.02092,0.0,0.28149,24.49796,8.69339
COMPANY_34783_STE,2024,Q3,5756,4,109,0.00069,0.01894,0.6302,0.21799,16.9358,9.52526
COMPANY_34783_STE,2024,Q4,4072,2,77,0.00049,0.01891,0.4718,0.24685,22.40635,11.11898
COMPANY_34783_STE,2025,Q1,4332,12,93,0.00277,0.02147,0.0585,0.23027,14.2447,7.62285
COMPANY_34783_STE,2025,Q2,4562,8,86,0.00175,0.01885,0.31741,0.23642,15.4601,8.99836
COMPANY_34783_STE,2025,Q3,5650,4,110,0.00071,0.01947,0.32058,0.21917,12.82047,8.52218
COMPANY_34783_STE,2025,Q4,4779,3,99,0.00063,0.02072,0.5677,0.24136,17.59748,9.27359
COMPANY_34817_BLDR,2023,Q1,10863,33,195,0.00304,0.01795,0.43343,0.31486,19.65755,10.95527
COMPANY_34817_BLDR,2023,Q2,11775,45,201,0.00382,0.01707,0.51176,0.30203,17.33476,11.80549
COMPANY_34817_BLDR,2023,Q3,11923,26,226,0.00218,0.01895,0.57673,0.27095,21.72655,10.26689
COMPANY_34817_BLDR,2023,Q4,9801,52,173,0.00531,0.01765,0.44197,0.29301,17.85994,12.28192
COMPANY_34817_BLDR,2024,Q1,10513,46,184,0.00438,0.0175,0.42824,0.24149,17.28387,11.63015
COMPANY_34745_SBUX,2024,Q3,10994,47,153,0.00428,0.01392,0.36767,0.35351,19.73274,16.10685
COMPANY_34745_SBUX,2024,Q4,12060,72,152,0.00597,0.0126,0.26168,0.35265,16.00965,12.74483
COMPANY_34745_SBUX,2025,Q1,12049,60,147,0.00498,0.0122,0.42442,0.35852,17.44952,12.89562
COMPANY_34745_SBUX,2025,Q2,11947,53,160,0.00444,0.01339,0.48993,0.37892,18.11798,13.02404
COMPANY_347669_FDS,2023,Q1,12970,74,180,0.00571,0.01388,0.38279,0.36114,17.46466,9.92087
COMPANY_347669_FDS,2023,Q2,13897,98,207,0.00705,0.0149,0.42023,0.31156,16.1456,9.5909
COMPANY_347669_FDS,2023,Q3,17849,106,289,0.00594,0.01619,0.43019,0.2714,16.94611,9.96483
COMPANY_347669_FDS,2023,Q4,10785,81,168,0.00751,0.01558,0.40966,0.33395,16.3715,10.86774
COMPANY_347669_FDS,2024,Q1,12010,60,198,0.005,0.01649,0.40005,0.32556,15.70036,10.21469
COMPANY_347669_FDS,2024,Q2,9272,46,160,0.00496,0.01726,0.38793,0.29808,15.45369,10.21992
COMPANY_347669_FDS,2024,Q3,10124,43,176,0.00425,0.01738,0.33169,0.31711,16.45796,9.4918
COMPANY_347669_FDS,2024,Q4,11168,41,182,0.00367,0.0163,0.40936,0.32913,17.21102,9.74491
COMPANY_347669_FDS,2025,Q1,11276,65,175,0.00576,0.01552,0.48021,0.34525,19.19017,10.87169
COMPANY_347669_FDS,2025,Q2,10704,58,195,0.00542,0.01822,0.42198,0.34618,18.53854,12.10938
COMPANY_34768_STLD,2023,Q1,9815,71,199,0.00723,0.02028,0.45403,0.32821,17.8587,13.29866
COMPANY_34768_STLD,2023,Q2,8903,67,168,0.00753,0.01887,0.44095,0.32888,17.50748,12.7133
COMPANY_34768_STLD,2023,Q3,8278,57,195,0.00689,0.02356,0.4057,0.26186,18.44227,13.62638
COMPANY_34768_STLD,2023,Q4,11067,73,224,0.0066,0.02024,0.34467,0.21948,17.50959,13.29442
COMPANY_34768_STLD,2024,Q1,9278,72,188,0.00776,0.02026,0.47958,0.24626,18.84996,13.66587
COMPANY_34768_STLD,2024,Q2,8977,61,182,0.0068,0.02027,0.38592,0.25289,18.10489,14.84034
COMPANY_34817_BLDR,2024,Q2,11733,35,208,0.00298,0.01773,0.43592,0.24426,18.85404,10.63403
COMPANY_34817_BLDR,2024,Q3,12052,41,188,0.0034,0.0156,0.43042,0.27712,17.16803,10.23648
COMPANY_34817_BLDR,2024,Q4,12147,29,230,0.00239,0.01893,0.47995,0.20715,18.89193,10.2467
COMPANY_34817_BLDR,2025,Q1,11654,42,205,0.0036,0.01759,0.44411,0.31115,17.24029,10.77121
COMPANY_34952431_KMI,2023,Q1,6993,15,149,0.00215,0.02131,0.47438,0.31274,19.60199,10.862
COMPANY_34952431_KMI,2023,Q2,8938,18,189,0.00201,0.02115,0.41939,0.27838,18.11806,10.71883
COMPANY_34952431_KMI,2023,Q3,8189,18,155,0.0022,0.01893,0.22075,0.28873,15.50044,11.12042
COMPANY_34952431_KMI,2023,Q4,8173,12,159,0.00147,0.01945,0.49895,0.24762,18.43131,10.63422
COMPANY_34952431_KMI,2024,Q1,6040,11,124,0.00182,0.02053,0.37976,0.27846,15.67313,10.17191
COMPANY_34952431_KMI,2024,Q2,8526,21,169,0.00246,0.01982,0.28694,0.26999,17.80356,10.54703
COMPANY_34952431_KMI,2024,Q3,7700,23,140,0.00299,0.01818,0.44227,0.28725,17.38773,9.97251
COMPANY_34952431_KMI,2024,Q4,8624,23,159,0.00267,0.01844,0.61541,0.27272,20.2233,10.92245
COMPANY_34952431_KMI,2025,Q1,8729,28,164,0.00321,0.01879,0.35335,0.27213,17.21106,11.5859
COMPANY_35000_GEN,2023,Q1,7319,52,117,0.0071,0.01599,0.4889,0.29876,17.96907,12.47055
COMPANY_35000_GEN,2023,Q2,7976,69,116,0.00865,0.01454,0.49886,0.33889,18.47959,13.95963
COMPANY_35000_GEN,2023,Q3,5367,45,81,0.00838,0.01509,0.39671,0.29717,20.13154,12.52643
COMPANY_35000_GEN,2023,Q4,7538,51,106,0.00677,0.01406,0.52289,0.34275,19.02027,13.70416
COMPANY_35000_GEN,2024,Q1,7927,55,125,0.00694,0.01577,0.43631,0.35352,18.64562,13.69262
COMPANY_35000_GEN,2024,Q3,7980,37,116,0.00464,0.01454,0.49663,0.33044,19.13399,11.71799
COMPANY_35000_GEN,2024,Q4,7822,62,109,0.00793,0.01394,0.33263,0.33735,17.90783,12.17848
COMPANY_35303_TXT,2024,Q4,8251,14,208,0.0017,0.02521,0.11839,0.28773,19.04759,12.45268
COMPANY_35303_TXT,2025,Q1,9157,25,169,0.00273,0.01846,0.25317,0.25031,14.73149,11.15825
COMPANY_35312_AES,2023,Q1,8377,15,130,0.00179,0.01552,0.32403,0.30429,19.67961,12.08731
COMPANY_35312_AES,2023,Q2,10048,30,191,0.00299,0.01901,0.32693,0.24577,18.75103,11.97959
COMPANY_35312_AES,2023,Q3,10133,17,170,0.00168,0.01678,0.37651,0.29442,16.78242,12.41237
COMPANY_35312_AES,2023,Q4,8855,24,157,0.00271,0.01773,0.47388,0.3072,17.18895,11.27588
COMPANY_35312_AES,2024,Q2,10762,26,196,0.00242,0.01821,0.34942,0.2952,18.24344,10.76015
COMPANY_35312_AES,2024,Q3,10558,26,185,0.00246,0.01752,0.40308,0.3319,17.8831,11.76165
COMPANY_35312_AES,2024,Q4,10340,34,172,0.00329,0.01663,0.36162,0.23672,19.76394,13.72653
COMPANY_35312_AES,2025,Q1,8926,24,166,0.00269,0.0186,0.24744,0.30685,16.73658,12.3665
COMPANY_355279_MTCH,2023,Q1,11173,31,119,0.00277,0.01065,0.36381,0.31176,16.81176,10.78033
COMPANY_355279_MTCH,2023,Q2,10329,19,111,0.00184,0.01075,0.50062,0.3183,15.4673,10.66203
COMPANY_355279_MTCH,2023,Q3,10172,8,102,0.00079,0.01003,0.40071,0.30652,16.39247,13.03013
COMPANY_355279_MTCH,2023,Q4,10026,31,98,0.00309,0.00977,0.33659,0.36059,17.56353,11.48958
COMPANY_355279_MTCH,2024,Q1,10236,19,94,0.00186,0.00918,0.40907,0.2924,14.34243,11.80767
COMPANY_355279_MTCH,2024,Q2,10276,37,119,0.0036,0.01158,0.28792,0.2947,17.84229,11.27964
COMPANY_355279_MTCH,2024,Q3,10014,29,117,0.0029,0.01168,0.35162,0.3123,17.05201,10.67529
COMPANY_355279_MTCH,2024,Q4,7222,14,93,0.00194,0.01288,0.50951,0.34946,18.6488,11.0686
COMPANY_355279_MTCH,2025,Q1,10911,27,135,0.00247,0.01237,0.34678,0.2622,16.8383,11.44265
COMPANY_35644_DVA,2023,Q1,6193,10,135,0.00161,0.0218,0.75183,0.32728,20.20602,14.81384
COMPANY_35000_GEN,2025,Q1,7748,49,110,0.00632,0.0142,0.449,0.31078,20.58113,14.20691
COMPANY_35000_GEN,2025,Q2,7369,58,112,0.00787,0.0152,0.42717,0.3305,18.85902,12.3158
COMPANY_35000_GEN,2025,Q3,7810,69,112,0.00883,0.01434,0.42911,0.37219,20.42684,13.87884
COMPANY_35000_GEN,2025,Q4,8770,102,136,0.01163,0.01551,0.51672,0.38424,19.22047,13.85597
COMPANY_35028_SNPS,2023,Q1,9539,134,193,0.01405,0.02023,0.39117,0.35145,17.26038,11.56211
COMPANY_35028_SNPS,2023,Q2,10512,139,168,0.01322,0.01598,0.32761,0.33149,17.01616,10.73643
COMPANY_35028_SNPS,2023,Q3,9815,171,204,0.01742,0.02078,0.39899,0.33509,16.99272,10.89633
COMPANY_35028_SNPS,2023,Q4,8656,168,169,0.01941,0.01952,0.36269,0.30583,18.07648,11.81118
COMPANY_35028_SNPS,2024,Q1,8526,158,162,0.01853,0.019,0.348,0.36778,18.78431,11.94973
COMPANY_35028_SNPS,2024,Q2,8143,118,166,0.01449,0.02039,0.34583,0.30997,17.04291,10.18273
COMPANY_35028_SNPS,2024,Q3,8984,145,177,0.01614,0.0197,0.32269,0.32069,18.45008,12.66458
COMPANY_35028_SNPS,2024,Q4,9262,122,161,0.01317,0.01738,0.31607,0.25497,17.90314,10.72537
COMPANY_35028_SNPS,2025,Q1,7835,98,154,0.01251,0.01966,0.42766,0.32786,18.13973,13.46079
COMPANY_35303_TXT,2023,Q1,7449,25,169,0.00336,0.02269,0.26462,0.25286,16.75464,11.06199
COMPANY_35303_TXT,2023,Q2,7736,19,141,0.00246,0.01823,0.32895,0.36043,16.48843,11.9652
COMPANY_35303_TXT,2023,Q3,9961,11,173,0.0011,0.01737,0.5914,0.25173,19.76277,12.01143
COMPANY_35303_TXT,2023,Q4,10319,14,205,0.00136,0.01987,0.36566,0.2814,18.28591,11.02434
COMPANY_35303_TXT,2024,Q1,8330,10,176,0.0012,0.02113,0.37488,0.22885,18.16147,11.78514
COMPANY_35303_TXT,2024,Q2,9527,33,182,0.00346,0.0191,0.3193,0.25931,16.87182,11.04173
COMPANY_35303_TXT,2024,Q3,8390,15,190,0.00179,0.02265,0.18828,0.23329,17.73125,11.81826
COMPANY_36040_UHS,2023,Q4,9646,7,134,0.00073,0.01389,0.35453,0.28862,20.47708,10.90844
COMPANY_36040_UHS,2024,Q1,6864,3,81,0.00044,0.0118,0.20167,0.26949,14.64492,13.36373
COMPANY_36040_UHS,2024,Q2,8283,5,139,0.0006,0.01678,0.37855,0.31959,18.14827,9.76533
COMPANY_36040_UHS,2024,Q3,10152,9,139,0.00089,0.01369,0.36806,0.34869,23.46778,12.87869
COMPANY_36040_UHS,2024,Q4,11446,5,164,0.00044,0.01433,0.2822,0.25615,22.16946,10.30359
COMPANY_36040_UHS,2025,Q1,8352,2,129,0.00024,0.01545,0.79355,0.22288,27.6245,9.84125
COMPANY_361335_DGX,2023,Q1,7875,24,134,0.00305,0.01702,0.28706,0.31074,16.60419,10.3945
COMPANY_361335_DGX,2023,Q2,8951,30,122,0.00335,0.01363,0.4294,0.25157,17.47416,10.7475
COMPANY_361335_DGX,2023,Q3,8651,21,124,0.00243,0.01433,0.44792,0.27353,19.10236,10.85241
COMPANY_361335_DGX,2023,Q4,8205,26,121,0.00317,0.01475,0.56131,0.26876,19.67919,10.69019
COMPANY_361335_DGX,2024,Q1,7956,26,122,0.00327,0.01533,0.37385,0.27665,17.58775,10.23122
COMPANY_361335_DGX,2024,Q2,10634,37,161,0.00348,0.01514,0.33781,0.20742,16.31,11.86198
COMPANY_361335_DGX,2024,Q3,9736,48,163,0.00493,0.01674,0.46264,0.36438,20.16444,13.48722
COMPANY_361335_DGX,2024,Q4,9133,30,118,0.00328,0.01292,0.37814,0.29119,18.45875,11.45228
COMPANY_361335_DGX,2025,Q1,8752,30,124,0.00343,0.01417,0.25418,0.22475,18.4329,10.46405
COMPANY_36216_VRSN,2023,Q1,3463,4,61,0.00116,0.01761,0.566,0.13566,21.40119,9.45054
COMPANY_36216_VRSN,2023,Q2,4429,11,71,0.00248,0.01603,0.06629,0.20904,17.52154,11.08262
COMPANY_36216_VRSN,2023,Q3,3667,7,53,0.00191,0.01445,0.3266,0.19281,19.33362,11.07672
COMPANY_36216_VRSN,2023,Q4,4584,11,74,0.0024,0.01614,0.36375,0.18779,23.27234,11.89885
COMPANY_36216_VRSN,2024,Q1,3987,12,64,0.00301,0.01605,0.25185,0.22425,15.67068,11.35192
COMPANY_35929_ULTA,2023,Q1,9950,47,147,0.00472,0.01477,0.64168,0.41895,20.52755,14.8751
COMPANY_35929_ULTA,2023,Q2,10023,49,134,0.00489,0.01337,0.55354,0.40364,19.22505,14.57657
COMPANY_35929_ULTA,2023,Q3,10161,33,125,0.00325,0.0123,0.50854,0.40062,20.86585,14.94511
COMPANY_35929_ULTA,2023,Q4,9842,58,143,0.00589,0.01453,0.55845,0.40661,20.64753,15.32295
COMPANY_35929_ULTA,2024,Q1,10035,53,175,0.00528,0.01744,0.70111,0.43753,23.00888,15.16446
COMPANY_35929_ULTA,2024,Q2,10379,43,160,0.00414,0.01542,0.47118,0.39025,19.83624,14.29957
COMPANY_35929_ULTA,2024,Q3,9469,25,139,0.00264,0.01468,0.49234,0.40695,19.61571,14.26029
COMPANY_35929_ULTA,2024,Q4,10518,34,185,0.00323,0.01759,0.45585,0.39828,19.17099,14.13808
COMPANY_36005_URI,2023,Q1,9039,25,154,0.00277,0.01704,0.38519,0.27014,17.61227,11.52426
COMPANY_36005_URI,2023,Q2,11442,21,182,0.00184,0.01591,0.45156,0.35229,19.4348,11.70773
COMPANY_36005_URI,2023,Q3,9235,16,132,0.00173,0.01429,0.37375,0.28103,18.99228,12.71481
COMPANY_36005_URI,2023,Q4,12815,30,216,0.00234,0.01686,0.38968,0.33824,16.74055,12.24359
COMPANY_36005_URI,2024,Q1,5571,17,91,0.00305,0.01633,0.56786,0.35773,18.15617,13.12659
COMPANY_36005_URI,2024,Q2,11126,30,200,0.0027,0.01798,0.36853,0.35055,14.48993,11.3927
COMPANY_36005_URI,2024,Q3,10409,32,201,0.00307,0.01931,0.56553,0.40982,20.24058,13.17428
COMPANY_36005_URI,2024,Q4,7282,17,130,0.00233,0.01785,0.62621,0.30013,19.00122,12.06806
COMPANY_36005_URI,2025,Q1,11467,25,193,0.00218,0.01683,0.4091,0.30506,16.55216,11.33193
COMPANY_36040_UHS,2023,Q1,8802,2,128,0.00023,0.01454,-0.1494,0.32394,26.84261,13.80177
COMPANY_36040_UHS,2023,Q2,9854,8,138,0.00081,0.014,0.46554,0.29387,18.02343,10.4052
COMPANY_36040_UHS,2023,Q3,8593,7,123,0.00081,0.01431,0.222,0.25213,16.40799,11.79004
COMPANY_36216_VRSN,2024,Q2,5105,11,69,0.00215,0.01352,0.30108,0.15658,21.3084,12.2885
COMPANY_36216_VRSN,2024,Q3,3992,20,66,0.00501,0.01653,0.16614,0.21776,23.57293,12.4577
COMPANY_36216_VRSN,2024,Q4,5176,10,86,0.00193,0.01662,0.16301,0.24526,15.49737,11.17024
COMPANY_36216_VRSN,2025,Q1,3981,3,77,0.00075,0.01934,0.1536,0.23391,14.07583,11.71734
COMPANY_362220_RL,2023,Q1,8975,33,126,0.00368,0.01404,0.4124,0.38648,18.3857,15.19939
COMPANY_362220_RL,2023,Q2,9621,33,134,0.00343,0.01393,0.50257,0.35748,19.99774,14.85521
COMPANY_362220_RL,2023,Q3,9035,25,115,0.00277,0.01273,0.43795,0.31599,21.32387,14.20755
COMPANY_362220_RL,2023,Q4,9253,36,140,0.00389,0.01513,0.34363,0.3324,19.35199,14.33372
COMPANY_362220_RL,2024,Q1,9145,35,131,0.00383,0.01432,0.45838,0.31124,21.06256,14.436
COMPANY_362220_RL,2024,Q2,9307,40,106,0.0043,0.01139,0.40298,0.26935,20.35332,14.59324
COMPANY_362220_RL,2024,Q3,9098,28,122,0.00308,0.01341,0.48576,0.34396,17.59986,13.03669
COMPANY_362220_RL,2024,Q4,10644,38,144,0.00357,0.01353,0.47132,0.29193,18.25594,12.26004
COMPANY_362220_RL,2025,Q1,10461,42,149,0.00401,0.01424,0.44339,0.37589,18.75568,14.60969
COMPANY_362220_RL,2025,Q2,10481,31,169,0.00296,0.01612,0.46857,0.32983,17.30813,13.65851
COMPANY_362220_RL,2025,Q3,10216,39,132,0.00382,0.01292,0.36611,0.35449,17.6503,13.16654
COMPANY_36235_VRTX,2023,Q1,10027,54,222,0.00539,0.02214,0.30926,0.24737,17.66415,13.71144
COMPANY_36235_VRTX,2023,Q2,9352,37,190,0.00396,0.02032,0.42338,0.2232,20.02807,13.47397
COMPANY_36235_VRTX,2023,Q3,10313,29,233,0.00281,0.02259,0.28495,0.2356,19.06303,13.18551
COMPANY_36235_VRTX,2023,Q4,11591,42,220,0.00362,0.01898,0.30964,0.25028,22.20109,14.68836
COMPANY_36235_VRTX,2024,Q1,10107,30,224,0.00297,0.02216,0.24397,0.19501,21.13749,15.39094
COMPANY_35644_DVA,2023,Q2,6652,24,139,0.00361,0.0209,0.30723,0.30632,16.97168,14.4011
COMPANY_35644_DVA,2023,Q3,10214,17,201,0.00166,0.01968,0.43645,0.24544,15.01219,12.47099
COMPANY_35644_DVA,2023,Q4,8629,12,174,0.00139,0.02016,0.6502,0.32835,20.20041,14.45207
COMPANY_35644_DVA,2024,Q1,6306,17,123,0.0027,0.01951,0.39085,0.21073,14.05476,12.39407
COMPANY_35644_DVA,2024,Q2,8566,14,195,0.00163,0.02276,0.43657,0.24085,17.54789,12.77886
COMPANY_35644_DVA,2024,Q3,7858,5,150,0.00064,0.01909,0.35728,0.24648,22.35034,10.64395
COMPANY_35644_DVA,2024,Q4,8471,18,236,0.00212,0.02786,0.41215,0.1958,19.82926,14.04362
COMPANY_35644_DVA,2025,Q1,5694,4,109,0.0007,0.01914,0.48452,0.25222,15.48182,12.36029
COMPANY_356805_KMX,2023,Q1,12479,25,260,0.002,0.02084,0.5703,0.34242,18.6403,12.48896
COMPANY_356805_KMX,2023,Q2,9968,23,186,0.00231,0.01866,0.46581,0.33134,18.2708,12.97415
COMPANY_356805_KMX,2023,Q3,12685,42,224,0.00331,0.01766,0.40838,0.22413,16.53814,12.6695
COMPANY_356805_KMX,2023,Q4,13510,47,251,0.00348,0.01858,0.35599,0.29456,17.71651,11.14162
COMPANY_356805_KMX,2024,Q1,10635,39,227,0.00367,0.02134,0.31466,0.30341,16.44698,10.61023
COMPANY_356805_KMX,2024,Q2,10652,26,210,0.00244,0.01971,0.19781,0.30781,16.85654,11.03463
COMPANY_356805_KMX,2024,Q3,11615,28,192,0.00241,0.01653,0.21794,0.22999,16.07544,11.86052
COMPANY_356805_KMX,2024,Q4,13315,37,237,0.00278,0.0178,0.29926,0.29563,17.4246,10.04011
COMPANY_356805_KMX,2025,Q1,9414,30,170,0.00319,0.01806,0.27905,0.27431,15.81787,10.8703
COMPANY_356805_KMX,2025,Q2,11646,23,200,0.00197,0.01717,0.42143,0.33243,17.43845,11.41045
COMPANY_356805_KMX,2025,Q3,10056,34,174,0.00338,0.0173,0.36269,0.28786,16.73354,11.86031
COMPANY_356805_KMX,2025,Q4,13039,46,228,0.00353,0.01749,0.46239,0.33258,16.22495,10.52992
COMPANY_36235_VRTX,2024,Q2,10049,28,217,0.00279,0.02159,0.25009,0.19593,21.01956,14.19835
COMPANY_36235_VRTX,2024,Q3,10215,14,197,0.00137,0.01929,0.12709,0.22942,18.63352,14.40608
COMPANY_36235_VRTX,2024,Q4,11815,29,207,0.00245,0.01752,0.36665,0.24217,19.44298,12.93557
COMPANY_36235_VRTX,2025,Q1,10292,23,185,0.00223,0.01798,0.18964,0.22146,20.25354,15.25388
COMPANY_363263_HII,2023,Q1,10611,17,201,0.0016,0.01894,0.30953,0.22447,17.97555,10.53243
COMPANY_363263_HII,2023,Q2,9392,16,207,0.0017,0.02204,0.46729,0.23312,18.50763,9.86788
COMPANY_363263_HII,2023,Q3,7236,16,132,0.00221,0.01824,0.37391,0.29713,17.94494,11.20115
COMPANY_363263_HII,2023,Q4,11107,12,182,0.00108,0.01639,0.28523,0.27835,15.8105,10.3469
COMPANY_363263_HII,2024,Q1,7429,4,136,0.00054,0.01831,0.47985,0.17877,18.18722,11.18781
COMPANY_363263_HII,2024,Q2,8878,8,154,0.0009,0.01735,0.44506,0.29099,18.58091,8.91478
COMPANY_363263_HII,2024,Q3,13816,29,261,0.0021,0.01889,0.48973,0.29973,20.42627,11.31886
COMPANY_363263_HII,2024,Q4,10344,18,186,0.00174,0.01798,0.22337,0.20042,15.29851,9.17087
COMPANY_363263_HII,2025,Q1,9047,25,187,0.00276,0.02067,0.24058,0.23965,16.87392,9.58914
COMPANY_3632895_LVS,2023,Q1,10114,8,205,0.00079,0.02027,0.46469,0.22674,18.30426,10.1327
COMPANY_3632895_LVS,2023,Q2,10146,16,158,0.00158,0.01557,0.39048,0.2622,16.28192,10.20468
COMPANY_3632895_LVS,2023,Q3,10599,14,152,0.00132,0.01434,0.42368,0.29429,17.21032,9.82215
COMPANY_3632895_LVS,2023,Q4,10649,8,173,0.00075,0.01625,0.37554,0.17363,18.86729,8.82948
COMPANY_3632895_LVS,2024,Q1,11107,11,182,0.00099,0.01639,0.28035,0.28402,14.16853,9.60479
COMPANY_3632895_LVS,2024,Q2,9589,11,135,0.00115,0.01408,0.36217,0.25949,15.38531,10.40203
COMPANY_3632895_LVS,2024,Q3,11995,15,184,0.00125,0.01534,0.37173,0.27778,14.20123,9.68741
COMPANY_3632895_LVS,2024,Q4,9374,15,161,0.0016,0.01718,0.44052,0.33771,16.21401,10.17471
COMPANY_36437_WAB,2023,Q1,11735,38,187,0.00324,0.01594,0.4452,0.27231,18.13123,12.19178
COMPANY_36437_WAB,2023,Q2,8273,46,155,0.00556,0.01874,0.5157,0.24728,19.11965,14.30868
COMPANY_36437_WAB,2023,Q3,9350,25,153,0.00267,0.01636,0.54955,0.31707,19.18694,12.05033
COMPANY_36437_WAB,2023,Q4,9959,28,187,0.00281,0.01878,0.48092,0.33491,17.92506,12.51474
COMPANY_36437_WAB,2024,Q1,8160,37,124,0.00453,0.0152,0.47734,0.3047,19.58132,13.96526
COMPANY_36437_WAB,2024,Q2,9905,25,166,0.00252,0.01676,0.42912,0.273,17.84527,12.5471
COMPANY_36437_WAB,2024,Q3,8542,27,147,0.00316,0.01721,0.34234,0.30659,17.96105,12.16474
COMPANY_36437_WAB,2024,Q4,11273,38,167,0.00337,0.01481,0.35835,0.32229,15.89523,13.19233
COMPANY_36437_WAB,2025,Q1,9813,32,195,0.00326,0.01987,0.39351,0.24235,18.43155,12.89652
COMPANY_36475_WAT,2023,Q1,10267,16,118,0.00156,0.01149,0.46364,0.24649,19.6218,10.43136
COMPANY_36475_WAT,2023,Q2,10529,8,138,0.00076,0.01311,0.56041,0.2624,17.62651,11.26102
COMPANY_36475_WAT,2023,Q3,10362,11,134,0.00106,0.01293,0.21982,0.22857,16.89484,11.61031
COMPANY_36475_WAT,2023,Q4,9980,13,128,0.0013,0.01283,0.32965,0.19843,16.12535,11.21822
COMPANY_36475_WAT,2024,Q1,10163,17,137,0.00167,0.01348,0.43152,0.26949,18.25201,11.83634
COMPANY_36475_WAT,2024,Q2,10665,14,173,0.00131,0.01622,0.40376,0.29119,18.08162,11.4811
COMPANY_36475_WAT,2024,Q3,11509,19,174,0.00165,0.01512,0.3557,0.29139,17.62794,11.88989
COMPANY_36475_WAT,2024,Q4,10959,18,160,0.00164,0.0146,0.30732,0.28177,16.3894,11.05435
COMPANY_36475_WAT,2025,Q1,10484,14,190,0.00134,0.01812,0.48197,0.32835,18.80591,11.31523
COMPANY_365138_ARE,2023,Q1,13929,19,251,0.00136,0.01802,0.31407,0.29267,20.97341,13.86672
COMPANY_368470_CHRW,2024,Q2,10329,95,182,0.0092,0.01762,0.49437,0.34157,20.6658,14.55466
COMPANY_368470_CHRW,2024,Q3,10420,87,197,0.00835,0.01891,0.49898,0.3788,19.88218,12.7891
COMPANY_368470_CHRW,2024,Q4,8190,71,152,0.00867,0.01856,0.53106,0.35489,22.50923,13.7389
COMPANY_368470_CHRW,2025,Q1,9916,94,161,0.00948,0.01624,0.39203,0.34284,19.76667,13.71064
COMPANY_3695566_DFS,2023,Q1,5573,30,138,0.00538,0.02476,0.25945,0.284,15.88105,11.96069
COMPANY_3695566_DFS,2023,Q2,9850,29,200,0.00294,0.0203,0.34957,0.28243,17.84267,10.24769
COMPANY_3695566_DFS,2023,Q3,8766,20,172,0.00228,0.01962,0.36415,0.30473,16.63379,10.12745
COMPANY_3695566_DFS,2023,Q4,9225,14,201,0.00152,0.02179,0.29503,0.24232,18.07001,9.6313
COMPANY_3695566_DFS,2024,Q1,2503,5,55,0.002,0.02197,0.4268,0.2344,22.65594,14.20236
COMPANY_3695566_DFS,2024,Q2,2009,3,30,0.00149,0.01493,0.35113,0.1403,18.56774,12.68746
COMPANY_3695566_DFS,2024,Q3,1974,7,23,0.00355,0.01165,0.42299,0.24776,19.7455,11.98893
COMPANY_3695566_DFS,2024,Q4,2028,7,30,0.00345,0.01479,0.6051,0.34964,16.31219,11.50928
COMPANY_3695566_DFS,2025,Q1,1472,2,29,0.00136,0.0197,0.7298,0.23769,24.26316,13.72511
COMPANY_370857_BA,2023,Q1,8729,6,209,0.00069,0.02394,0.5114,0.18522,15.9465,11.44058
COMPANY_370857_BA,2023,Q2,9462,11,195,0.00116,0.02061,0.40486,0.27952,14.16945,9.64797
COMPANY_370857_BA,2023,Q3,10463,23,232,0.0022,0.02217,0.4546,0.28573,17.61694,11.14825
COMPANY_370857_BA,2023,Q4,8811,14,195,0.00159,0.02213,0.38581,0.26149,14.81392,9.89194
COMPANY_370857_BA,2024,Q1,8729,4,182,0.00046,0.02085,0.3389,0.26462,19.94762,12.27847
COMPANY_370857_BA,2024,Q2,8641,15,198,0.00174,0.02291,0.38185,0.29508,23.14187,12.46065
COMPANY_370857_BA,2024,Q3,10447,26,239,0.00249,0.02288,0.24506,0.22946,15.69904,11.22341
COMPANY_365138_ARE,2023,Q2,12993,38,236,0.00292,0.01816,0.33535,0.30294,18.21416,13.73751
COMPANY_365138_ARE,2023,Q3,12470,28,188,0.00225,0.01508,0.53996,0.33644,20.66031,13.03709
COMPANY_365138_ARE,2023,Q4,11626,24,208,0.00206,0.01789,0.4229,0.3392,18.79785,11.66479
COMPANY_365138_ARE,2024,Q1,10956,20,185,0.00183,0.01689,0.37629,0.33649,20.46396,12.91699
COMPANY_365138_ARE,2024,Q2,13055,35,226,0.00268,0.01731,0.4466,0.33625,21.56399,12.74611
COMPANY_365138_ARE,2024,Q3,10849,38,172,0.0035,0.01585,0.2868,0.3749,21.8642,12.28908
COMPANY_365138_ARE,2024,Q4,12042,22,181,0.00183,0.01503,0.34914,0.27632,20.41335,11.72886
COMPANY_365138_ARE,2025,Q1,13304,34,196,0.00256,0.01473,0.30056,0.30099,19.61602,11.93643
COMPANY_365997_YUM,2023,Q1,8071,45,116,0.00558,0.01437,0.5644,0.46221,16.94342,13.4936
COMPANY_365997_YUM,2023,Q2,8253,91,130,0.01103,0.01575,0.46148,0.43813,15.31971,13.14238
COMPANY_365997_YUM,2023,Q3,8623,96,109,0.01113,0.01264,0.40597,0.3828,16.70909,12.79467
COMPANY_365997_YUM,2023,Q4,9035,87,140,0.00963,0.0155,0.48255,0.4504,16.02911,13.41395
COMPANY_365997_YUM,2024,Q1,9071,127,152,0.014,0.01676,0.42376,0.38348,16.31516,14.39971
COMPANY_365997_YUM,2024,Q2,8527,82,129,0.00962,0.01513,0.43464,0.43149,16.13856,14.24797
COMPANY_365997_YUM,2024,Q3,8519,81,138,0.00951,0.0162,0.55591,0.34054,17.46531,13.84566
COMPANY_365997_YUM,2024,Q4,9267,111,113,0.01198,0.01219,0.45921,0.43302,18.14823,14.91734
COMPANY_365997_YUM,2025,Q1,9129,81,136,0.00887,0.0149,0.48444,0.42932,16.72789,13.55891
COMPANY_36623_WTW,2023,Q1,8914,47,152,0.00527,0.01705,0.57023,0.37494,19.02746,11.86009
COMPANY_36623_WTW,2023,Q2,10625,56,186,0.00527,0.01751,0.51519,0.28401,19.22462,12.57587
COMPANY_36623_WTW,2023,Q3,9846,47,176,0.00477,0.01788,0.52717,0.36674,19.82455,11.71732
COMPANY_36623_WTW,2023,Q4,9947,61,203,0.00613,0.02041,0.57388,0.37742,19.99273,13.10127
COMPANY_36623_WTW,2024,Q1,8940,71,154,0.00794,0.01723,0.53502,0.32411,19.62822,13.21784
COMPANY_36623_WTW,2024,Q2,10029,75,182,0.00748,0.01815,0.4592,0.39355,19.02685,12.78087
COMPANY_36623_WTW,2024,Q3,8890,75,162,0.00844,0.01822,0.41753,0.34813,19.75019,13.51015
COMPANY_36623_WTW,2024,Q4,10061,75,172,0.00745,0.0171,0.4851,0.41289,18.44131,11.83037
COMPANY_36623_WTW,2025,Q1,10117,74,187,0.00731,0.01848,0.45195,0.3469,20.06191,13.7519
COMPANY_368278_BXP,2023,Q1,11071,12,137,0.00108,0.01237,0.34202,0.23386,15.97009,12.05464
COMPANY_368278_BXP,2023,Q2,11767,27,153,0.00229,0.013,0.17206,0.22123,14.47529,12.72466
COMPANY_368278_BXP,2023,Q3,14105,16,190,0.00113,0.01347,0.21716,0.26919,17.66294,11.72032
COMPANY_368278_BXP,2023,Q4,14516,21,197,0.00145,0.01357,0.05895,0.24559,17.39755,12.49503
COMPANY_368278_BXP,2024,Q1,15396,16,205,0.00104,0.01332,0.07492,0.18722,21.26045,13.2295
COMPANY_368278_BXP,2024,Q2,11851,9,151,0.00076,0.01274,0.26973,0.25553,18.83751,12.47401
COMPANY_368278_BXP,2024,Q3,13340,23,168,0.00172,0.01259,0.25368,0.29585,17.20273,12.56666
COMPANY_368278_BXP,2024,Q4,16724,21,203,0.00126,0.01214,0.16008,0.23891,20.2742,12.75551
COMPANY_368278_BXP,2025,Q1,11492,9,177,0.00078,0.0154,0.28054,0.19646,18.40062,13.0333
COMPANY_368470_CHRW,2023,Q1,10160,61,169,0.006,0.01663,0.47272,0.28771,20.13619,12.08899
COMPANY_368470_CHRW,2023,Q2,10740,73,182,0.0068,0.01695,0.47123,0.37643,19.92578,12.74547
COMPANY_368470_CHRW,2023,Q3,9802,49,140,0.005,0.01428,0.4611,0.29691,20.71372,11.95873
COMPANY_368470_CHRW,2023,Q4,9386,47,130,0.00501,0.01385,0.4699,0.28692,22.58093,13.46911
COMPANY_368470_CHRW,2024,Q1,9678,92,163,0.00951,0.01684,0.4535,0.34179,19.48654,14.28129
COMPANY_374372246_LW,2024,Q3,9143,15,164,0.00164,0.01794,0.23866,0.16185,15.13891,13.02907
COMPANY_374372246_LW,2024,Q4,10064,27,188,0.00268,0.01868,0.37629,0.23491,22.26449,14.53813
COMPANY_374372246_LW,2025,Q1,9582,15,206,0.00157,0.0215,0.22851,0.25018,20.02514,13.50942
COMPANY_374372246_LW,2025,Q2,9712,11,210,0.00113,0.02162,0.30406,0.23148,20.8831,14.82614
COMPANY_374372246_LW,2025,Q3,8612,14,181,0.00163,0.02102,0.27091,0.27548,20.06791,13.97383
COMPANY_38043467_V,2023,Q1,10856,54,127,0.00497,0.0117,0.41428,0.26454,19.58013,13.09577
COMPANY_38043467_V,2023,Q2,10438,90,156,0.00862,0.01495,0.25116,0.23321,16.9655,11.97109
COMPANY_38043467_V,2023,Q3,10179,75,156,0.00737,0.01533,0.30381,0.20206,17.7036,11.16146
COMPANY_38043467_V,2023,Q4,10602,50,164,0.00472,0.01547,0.33441,0.27708,17.75193,12.60962
COMPANY_38043467_V,2024,Q1,10082,73,132,0.00724,0.01309,0.38816,0.29926,16.36693,11.4094
COMPANY_38043467_V,2024,Q2,10089,77,157,0.00763,0.01556,0.38199,0.30094,19.92529,12.45177
COMPANY_38043467_V,2024,Q3,11240,75,138,0.00667,0.01228,0.46058,0.24835,17.77689,11.16522
COMPANY_38043467_V,2024,Q4,10380,63,156,0.00607,0.01503,0.4237,0.2268,17.68566,12.05279
COMPANY_38043467_V,2025,Q1,10723,79,151,0.00737,0.01408,0.40104,0.31537,18.43751,12.26884
COMPANY_38043467_V,2025,Q2,10553,92,149,0.00872,0.01412,0.4611,0.21753,18.17454,12.34836
COMPANY_384687_LYV,2023,Q1,9114,39,91,0.00428,0.00998,0.38533,0.3185,14.98134,11.10037
COMPANY_384687_LYV,2023,Q2,7703,31,99,0.00402,0.01285,0.218,0.21317,16.77873,10.794
COMPANY_384687_LYV,2023,Q3,3396,2,54,0.00059,0.0159,0.0,0.27297,17.78762,8.27091
COMPANY_384687_LYV,2023,Q4,5491,3,89,0.00055,0.01621,0.1293,0.22343,16.9108,8.69045
COMPANY_384687_LYV,2024,Q1,5448,11,71,0.00202,0.01303,0.48627,0.28302,19.16083,11.81711
COMPANY_370857_BA,2024,Q4,11403,30,275,0.00263,0.02412,0.37159,0.29973,18.22915,13.06793
COMPANY_370857_BA,2025,Q1,9419,26,244,0.00276,0.02591,0.4474,0.24779,17.54357,13.46307
COMPANY_371281_TTWO,2023,Q1,10021,38,188,0.00379,0.01876,0.37746,0.21048,17.4238,11.6653
COMPANY_371281_TTWO,2023,Q2,11153,25,194,0.00224,0.01739,0.56995,0.23517,23.46772,11.27663
COMPANY_371281_TTWO,2023,Q3,10296,26,169,0.00253,0.01641,0.31865,0.28887,16.70132,10.8099
COMPANY_371281_TTWO,2023,Q4,11623,43,188,0.0037,0.01617,0.34134,0.23961,17.11429,11.54056
COMPANY_371281_TTWO,2024,Q1,8319,17,127,0.00204,0.01527,0.31336,0.28093,18.33384,10.76649
COMPANY_371281_TTWO,2024,Q2,8268,19,121,0.0023,0.01463,0.52542,0.29369,17.58055,10.01033
COMPANY_371281_TTWO,2024,Q3,8207,16,144,0.00195,0.01755,0.30711,0.29697,15.56738,9.66847
COMPANY_371281_TTWO,2024,Q4,9051,21,162,0.00232,0.0179,0.39309,0.24125,16.28195,10.24833
COMPANY_371281_TTWO,2025,Q1,7222,14,130,0.00194,0.018,0.50599,0.26948,20.28291,11.77467
COMPANY_371281_TTWO,2025,Q2,9275,27,149,0.00291,0.01606,0.38366,0.2956,15.3307,10.80277
COMPANY_371281_TTWO,2025,Q3,8818,17,159,0.00193,0.01803,0.23778,0.27696,14.79591,10.33463
COMPANY_371281_TTWO,2025,Q4,8595,22,143,0.00256,0.01664,0.26315,0.24199,17.09215,10.14635
COMPANY_373264_AEE,2023,Q1,3750,19,66,0.00507,0.0176,0.76701,0.43619,21.75475,15.12717
COMPANY_373264_AEE,2023,Q2,8467,29,167,0.00343,0.01972,0.60602,0.31832,23.10332,14.72066
COMPANY_373264_AEE,2023,Q3,8585,21,158,0.00245,0.0184,0.65708,0.33018,20.32649,12.01609
COMPANY_373264_AEE,2023,Q4,12302,47,201,0.00382,0.01634,0.62585,0.39965,23.59634,15.99444
COMPANY_373264_AEE,2024,Q1,10392,36,212,0.00346,0.0204,0.32358,0.29443,20.0921,13.65005
COMPANY_373264_AEE,2024,Q2,11088,45,220,0.00406,0.01984,0.59628,0.37079,21.5985,14.32881
COMPANY_373264_AEE,2024,Q3,10215,39,229,0.00382,0.02242,0.5786,0.36923,20.96077,13.99096
COMPANY_373264_AEE,2024,Q4,11278,41,251,0.00364,0.02226,0.5584,0.35005,19.15423,13.22732
COMPANY_373264_AEE,2025,Q1,9062,22,184,0.00243,0.0203,0.55845,0.39332,20.79178,14.33243
COMPANY_3738520_STX,2023,Q1,11697,43,317,0.00368,0.0271,0.2991,0.21716,15.99409,13.00853
COMPANY_3738520_STX,2023,Q2,11539,60,269,0.0052,0.02331,0.31157,0.24679,16.49065,12.45587
COMPANY_3738520_STX,2023,Q3,10998,27,230,0.00245,0.02091,0.47353,0.20534,18.81189,13.66462
COMPANY_3738520_STX,2023,Q4,9456,40,208,0.00423,0.022,0.20599,0.18408,15.69417,11.76822
COMPANY_3738520_STX,2024,Q1,9746,39,209,0.004,0.02144,0.31323,0.28236,16.5281,12.53229
COMPANY_3738520_STX,2024,Q2,9411,49,192,0.00521,0.0204,0.40597,0.28541,18.38413,13.219
COMPANY_3738520_STX,2024,Q3,8969,31,166,0.00346,0.01851,0.41742,0.30796,20.49815,12.51867
COMPANY_3738520_STX,2024,Q4,10211,33,179,0.00323,0.01753,0.38361,0.25415,17.69381,12.2884
COMPANY_3738520_STX,2025,Q1,10150,54,202,0.00532,0.0199,0.39323,0.29682,17.10197,11.98187
COMPANY_3738520_STX,2025,Q2,9377,44,191,0.00469,0.02037,0.37427,0.27534,17.60171,11.3042
COMPANY_3738520_STX,2025,Q3,8259,48,178,0.00581,0.02155,0.36541,0.26157,18.79748,11.92056
COMPANY_374372246_LW,2023,Q1,7053,10,127,0.00142,0.01801,0.4106,0.19172,19.66429,14.49449
COMPANY_374372246_LW,2023,Q2,6942,11,138,0.00158,0.01988,0.65469,0.24661,22.35823,13.37818
COMPANY_374372246_LW,2023,Q3,8916,20,162,0.00224,0.01817,0.65875,0.33289,20.64309,13.89131
COMPANY_374372246_LW,2023,Q4,9234,16,183,0.00173,0.01982,0.40746,0.2614,18.99376,14.34373
COMPANY_374372246_LW,2024,Q1,8053,3,165,0.00037,0.02049,0.35383,0.22123,18.81011,12.36007
COMPANY_374372246_LW,2024,Q2,7747,9,136,0.00116,0.01756,0.37577,0.19353,22.08774,13.29599
COMPANY_387618_ERIE,2023,Q1,2203,14,17,0.00635,0.00772,0.32155,0.40732,18.3403,13.27088
COMPANY_387618_ERIE,2023,Q2,2536,20,23,0.00789,0.00907,0.10326,0.29996,16.8602,13.82576
COMPANY_387618_ERIE,2023,Q3,2496,18,33,0.00721,0.01322,0.3095,0.39091,17.1989,14.41276
COMPANY_387618_ERIE,2023,Q4,2175,27,20,0.01241,0.0092,0.41547,0.44111,18.8077,13.13133
COMPANY_387618_ERIE,2024,Q1,1972,10,27,0.00507,0.01369,0.47901,0.44299,21.74213,15.44004
COMPANY_387618_ERIE,2024,Q2,2345,17,27,0.00725,0.01151,0.20606,0.23857,18.64414,15.64614
COMPANY_387618_ERIE,2024,Q3,2476,14,27,0.00565,0.0109,0.51676,0.3978,18.7911,15.75493
COMPANY_387618_ERIE,2024,Q4,2219,15,20,0.00676,0.00901,0.21124,0.36819,15.40636,13.49219
COMPANY_387618_ERIE,2025,Q1,1832,6,21,0.00328,0.01146,0.43845,0.39086,16.52067,13.26991
COMPANY_390225_WMB,2023,Q1,11424,39,229,0.00341,0.02005,0.51725,0.36488,20.15064,12.90501
COMPANY_390225_WMB,2023,Q2,11223,43,242,0.00383,0.02156,0.44813,0.32793,19.1501,12.45174
COMPANY_390225_WMB,2023,Q3,11107,48,247,0.00432,0.02224,0.40742,0.34242,18.93603,12.74204
COMPANY_390225_WMB,2024,Q1,11189,43,191,0.00384,0.01707,0.41783,0.29083,17.66378,12.90765
COMPANY_390225_WMB,2024,Q2,11261,33,196,0.00293,0.01741,0.44563,0.33598,19.94043,13.12535
COMPANY_390225_WMB,2024,Q3,10679,34,214,0.00318,0.02004,0.44347,0.34492,18.3153,13.96595
COMPANY_390225_WMB,2024,Q4,12015,56,235,0.00466,0.01956,0.5263,0.38386,18.56887,12.82706
COMPANY_390225_WMB,2025,Q1,11041,61,194,0.00552,0.01757,0.50711,0.3463,16.61936,11.83987
COMPANY_39153321_TRGP,2023,Q1,7752,23,128,0.00297,0.01651,0.2572,0.24718,15.57764,12.27632
COMPANY_39153321_TRGP,2023,Q2,8654,12,162,0.00139,0.01872,0.39139,0.30046,21.04463,15.01279
COMPANY_39153321_TRGP,2023,Q3,10796,43,212,0.00398,0.01964,0.33958,0.30299,17.66775,10.2999
COMPANY_384687_LYV,2024,Q2,4432,1,67,0.00023,0.01512,0.0,0.26566,20.0,10.11537
COMPANY_384687_LYV,2024,Q3,4492,7,71,0.00156,0.01581,0.44337,0.23066,18.96541,10.50745
COMPANY_384687_LYV,2024,Q4,4884,8,80,0.00164,0.01638,0.14301,0.20071,9.64538,10.45692
COMPANY_384687_LYV,2025,Q1,6236,14,95,0.00225,0.01523,0.25661,0.25373,13.7011,11.02074
COMPANY_384779_IVZ,2023,Q1,10755,50,170,0.00465,0.01581,0.41667,0.33881,17.43521,12.78127
COMPANY_384779_IVZ,2023,Q2,12401,80,200,0.00645,0.01613,0.39631,0.3584,18.19121,13.79113
COMPANY_384779_IVZ,2023,Q3,11888,84,216,0.00707,0.01817,0.4632,0.35521,18.33804,13.10883
COMPANY_384779_IVZ,2023,Q4,11735,82,156,0.00699,0.01329,0.36633,0.34289,19.786,13.60672
COMPANY_384779_IVZ,2024,Q1,11213,65,172,0.0058,0.01534,0.4177,0.30928,20.18984,13.49829
COMPANY_384779_IVZ,2024,Q2,10752,59,194,0.00549,0.01804,0.41495,0.33577,19.17109,13.32502
COMPANY_384779_IVZ,2024,Q3,11523,59,196,0.00512,0.01701,0.45673,0.32351,16.06918,12.2891
COMPANY_384779_IVZ,2024,Q4,11586,84,196,0.00725,0.01692,0.39037,0.30123,18.61426,12.70828
COMPANY_384779_IVZ,2025,Q1,12248,74,203,0.00604,0.01657,0.3643,0.29787,17.55213,12.40584
COMPANY_386024_CTSH,2023,Q1,10138,105,193,0.01036,0.01904,0.36013,0.29835,19.55224,14.23296
COMPANY_386024_CTSH,2023,Q2,9703,122,169,0.01257,0.01742,0.40978,0.34698,18.95688,14.86175
COMPANY_386024_CTSH,2023,Q3,10171,112,191,0.01101,0.01878,0.43142,0.26927,20.05856,14.5559
COMPANY_386024_CTSH,2023,Q4,10264,100,172,0.00974,0.01676,0.40885,0.25218,18.68553,12.31291
COMPANY_386024_CTSH,2024,Q1,9817,104,195,0.01059,0.01986,0.42648,0.22114,20.83641,12.67904
COMPANY_386024_CTSH,2024,Q2,9721,102,175,0.01049,0.018,0.32132,0.32776,20.23396,12.18201
COMPANY_386024_CTSH,2024,Q3,9201,128,131,0.01391,0.01424,0.4113,0.32526,17.67028,11.22991
COMPANY_386024_CTSH,2024,Q4,9642,123,135,0.01276,0.014,0.43489,0.35878,18.88293,12.19276
COMPANY_386024_CTSH,2025,Q1,9390,93,140,0.0099,0.01491,0.42427,0.31703,20.08659,13.32924
COMPANY_386225_RSG,2023,Q1,9793,38,209,0.00388,0.02134,0.36993,0.26955,18.24477,10.20416
COMPANY_386225_RSG,2023,Q2,10989,43,223,0.00391,0.02029,0.46926,0.27187,16.26624,9.68628
COMPANY_386225_RSG,2023,Q3,7471,22,156,0.00294,0.02088,0.33671,0.20821,16.86905,10.42777
COMPANY_386225_RSG,2023,Q4,8725,40,179,0.00458,0.02052,0.23609,0.25284,16.78435,10.74619
COMPANY_386225_RSG,2024,Q1,7996,39,154,0.00488,0.01926,0.31825,0.25079,18.15816,11.0973
COMPANY_386225_RSG,2024,Q2,9058,50,179,0.00552,0.01976,0.28761,0.31114,18.61452,11.58054
COMPANY_386225_RSG,2024,Q3,10065,46,228,0.00457,0.02265,0.18791,0.24964,17.51681,11.58507
COMPANY_386225_RSG,2024,Q4,8950,29,185,0.00324,0.02067,0.25278,0.24201,18.18581,10.03922
COMPANY_386225_RSG,2025,Q1,9502,28,195,0.00295,0.02052,0.21824,0.21957,15.47835,9.35655
COMPANY_387127_CSGP,2023,Q1,10285,48,162,0.00467,0.01575,0.31638,0.2914,14.5666,10.92754
COMPANY_387127_CSGP,2023,Q2,9868,43,148,0.00436,0.015,0.40497,0.2596,15.04507,11.46883
COMPANY_387127_CSGP,2023,Q3,12302,45,162,0.00366,0.01317,0.40426,0.27745,15.96801,11.84645
COMPANY_387127_CSGP,2023,Q4,12302,45,162,0.00366,0.01317,0.40426,0.27745,15.96801,11.84645
COMPANY_387127_CSGP,2024,Q1,12569,66,188,0.00525,0.01496,0.32945,0.31024,16.60358,12.33292
COMPANY_387127_CSGP,2024,Q2,10571,45,132,0.00426,0.01249,0.33909,0.32896,14.75283,11.11178
COMPANY_387127_CSGP,2024,Q3,10646,23,138,0.00216,0.01296,0.38549,0.30009,15.85474,12.06853
COMPANY_387127_CSGP,2024,Q4,10573,37,127,0.0035,0.01201,0.41905,0.32751,16.88808,12.53922
COMPANY_387127_CSGP,2025,Q1,10936,48,142,0.00439,0.01298,0.35131,0.32248,16.13607,13.22155
COMPANY_401715_AMCR,2023,Q1,10764,31,193,0.00288,0.01793,0.4392,0.26846,20.22606,12.69717
COMPANY_401715_AMCR,2023,Q2,11748,45,238,0.00383,0.02026,0.41793,0.23568,16.91566,13.00544
COMPANY_401715_AMCR,2023,Q3,10506,30,205,0.00286,0.01951,0.38226,0.21575,19.527,13.52681
COMPANY_401715_AMCR,2023,Q4,11971,41,192,0.00342,0.01604,0.45401,0.27263,20.0411,12.91884
COMPANY_401715_AMCR,2024,Q1,9784,25,187,0.00256,0.01911,0.40774,0.29119,20.04983,12.80199
COMPANY_401715_AMCR,2024,Q2,12150,12,217,0.00099,0.01786,0.58192,0.25726,19.40185,12.25024
COMPANY_401715_AMCR,2024,Q3,10113,13,145,0.00129,0.01434,0.67901,0.32877,21.89154,13.62402
COMPANY_401715_AMCR,2024,Q4,9287,12,128,0.00129,0.01378,0.56022,0.32343,22.8305,12.85952
COMPANY_401715_AMCR,2025,Q1,10489,39,144,0.00372,0.01373,0.53957,0.33998,19.73461,13.47707
COMPANY_401715_AMCR,2025,Q2,8889,14,122,0.00157,0.01372,0.51291,0.36235,20.009,13.98143
COMPANY_401715_AMCR,2025,Q3,10977,21,180,0.00191,0.0164,0.47391,0.21386,19.36892,14.35735
COMPANY_4026111_AIZ,2023,Q1,8072,15,133,0.00186,0.01648,0.6892,0.35046,21.11446,11.52116
COMPANY_4026111_AIZ,2023,Q2,7229,17,102,0.00235,0.01411,0.67875,0.32851,22.64389,13.35478
COMPANY_4026111_AIZ,2023,Q3,8639,13,125,0.0015,0.01447,0.60799,0.34408,19.29847,12.8144
COMPANY_4026111_AIZ,2023,Q4,7011,33,99,0.00471,0.01412,0.52702,0.2901,19.32944,14.49501
COMPANY_4026111_AIZ,2024,Q1,5749,15,86,0.00261,0.01496,0.48954,0.32216,21.60469,11.6936
COMPANY_4026111_AIZ,2024,Q2,8221,18,142,0.00219,0.01727,0.4785,0.34423,19.65228,8.74885
COMPANY_4026111_AIZ,2024,Q3,6744,24,103,0.00356,0.01527,0.5335,0.31496,19.40972,10.03301
COMPANY_4026111_AIZ,2024,Q4,7699,28,128,0.00364,0.01663,0.52156,0.38432,20.95988,9.51396
COMPANY_4026111_AIZ,2025,Q1,8023,25,141,0.00312,0.01757,0.55846,0.29022,22.24677,9.81249
COMPANY_39153321_TRGP,2023,Q4,10752,17,180,0.00158,0.01674,0.42534,0.33576,18.30824,10.84397
COMPANY_39153321_TRGP,2024,Q1,9118,20,140,0.00219,0.01535,0.40998,0.27451,18.91362,12.06349
COMPANY_39153321_TRGP,2024,Q2,8556,24,183,0.00281,0.02139,0.34808,0.30536,17.86979,10.64305
COMPANY_39153321_TRGP,2024,Q3,9508,38,156,0.004,0.01641,0.40862,0.28905,18.23994,11.66838
COMPANY_39153321_TRGP,2024,Q4,11753,25,203,0.00213,0.01727,0.34939,0.2981,18.96304,11.90451
COMPANY_39153321_TRGP,2025,Q1,7709,13,148,0.00169,0.0192,0.36088,0.30693,16.4476,12.32728
COMPANY_391687_C,2023,Q1,15089,81,251,0.00537,0.01663,0.34685,0.32334,17.14485,12.22422
COMPANY_391687_C,2023,Q2,15387,82,261,0.00533,0.01696,0.42727,0.24503,19.41142,13.82098
COMPANY_391687_C,2023,Q3,14021,95,201,0.00678,0.01434,0.24062,0.22824,17.6643,12.89907
COMPANY_391687_C,2023,Q4,16227,133,294,0.0082,0.01812,0.31769,0.26362,19.15989,13.44778
COMPANY_391687_C,2024,Q1,15366,83,237,0.0054,0.01542,0.27416,0.24874,17.58572,12.91406
COMPANY_391687_C,2024,Q2,15257,106,255,0.00695,0.01671,0.30002,0.2434,19.06895,13.0406
COMPANY_391687_C,2024,Q3,15163,63,219,0.00415,0.01444,0.37268,0.29936,16.70549,11.88227
COMPANY_391687_C,2024,Q4,13271,89,194,0.00671,0.01462,0.39698,0.2771,18.57486,13.07629
COMPANY_391687_C,2025,Q1,14154,51,214,0.0036,0.01512,0.30914,0.20332,18.60618,11.49204
COMPANY_392856_TRV,2023,Q1,12113,12,260,0.00099,0.02146,0.26258,0.23217,16.43844,10.39256
COMPANY_392856_TRV,2023,Q2,10550,51,194,0.00483,0.01839,0.463,0.25877,20.26162,12.56786
COMPANY_392856_TRV,2023,Q3,11080,19,202,0.00171,0.01823,0.31846,0.322,20.81379,13.4794
COMPANY_392856_TRV,2023,Q4,11250,30,209,0.00267,0.01858,0.47632,0.24754,19.37614,12.28115
COMPANY_392856_TRV,2024,Q1,10736,30,233,0.00279,0.0217,0.31437,0.28973,17.9778,11.81176
COMPANY_392856_TRV,2024,Q2,11494,19,218,0.00165,0.01897,0.5559,0.27524,19.33513,12.66969
COMPANY_392856_TRV,2024,Q3,8594,17,162,0.00198,0.01885,0.32698,0.29858,17.89568,12.28366
COMPANY_392856_TRV,2024,Q4,10803,30,199,0.00278,0.01842,0.47093,0.31051,24.45621,11.66223
COMPANY_392856_TRV,2025,Q1,10661,26,201,0.00244,0.01885,0.30947,0.26461,20.09728,11.2056
COMPANY_393488_ZBRA,2023,Q1,9645,53,231,0.0055,0.02395,0.53731,0.25208,19.03977,12.19554
COMPANY_393488_ZBRA,2023,Q2,10946,57,239,0.00521,0.02183,0.47516,0.2465,19.17442,13.37574
COMPANY_393488_ZBRA,2023,Q3,9497,74,229,0.00779,0.02411,0.52586,0.26707,20.72355,14.39
COMPANY_393488_ZBRA,2023,Q4,9154,58,182,0.00634,0.01988,0.54605,0.31636,19.70903,14.19099
COMPANY_393488_ZBRA,2024,Q1,9295,37,210,0.00398,0.02259,0.5111,0.23994,19.35488,12.8814
COMPANY_393488_ZBRA,2024,Q2,11047,66,216,0.00597,0.01955,0.46023,0.29757,18.06641,11.17294
COMPANY_393488_ZBRA,2024,Q3,10136,49,218,0.00483,0.02151,0.57049,0.334,18.57716,13.33932
COMPANY_393488_ZBRA,2024,Q4,10289,58,210,0.00564,0.02041,0.45261,0.29285,19.68984,12.82385
COMPANY_393488_ZBRA,2025,Q1,10989,49,253,0.00446,0.02302,0.54591,0.29283,20.52952,12.84815
COMPANY_398549_VTR,2023,Q1,8402,9,144,0.00107,0.01714,0.58084,0.31764,22.94305,12.17943
COMPANY_398549_VTR,2023,Q2,7559,9,131,0.00119,0.01733,0.54757,0.29544,20.29362,12.47075
COMPANY_398549_VTR,2023,Q3,7061,13,93,0.00184,0.01317,0.36631,0.33017,15.97054,10.84799
COMPANY_398549_VTR,2023,Q4,9213,7,160,0.00076,0.01737,0.44216,0.29515,19.45076,12.10293
COMPANY_398549_VTR,2024,Q1,9485,25,149,0.00264,0.01571,0.51327,0.31723,16.4281,11.14271
COMPANY_398549_VTR,2024,Q2,12277,30,243,0.00244,0.01979,0.45408,0.35733,17.35846,11.7406
COMPANY_398549_VTR,2024,Q3,10948,22,182,0.00201,0.01662,0.5655,0.36223,17.40416,11.67801
COMPANY_406338_XOM,2023,Q3,10725,63,198,0.00587,0.01846,0.44118,0.39397,22.10287,14.70962
COMPANY_406338_XOM,2023,Q4,10635,98,215,0.00921,0.02022,0.42341,0.33932,18.89798,12.56485
COMPANY_406338_XOM,2024,Q1,7014,55,97,0.00784,0.01383,0.42476,0.27001,19.15552,15.87443
COMPANY_406338_XOM,2024,Q2,10467,88,152,0.00841,0.01452,0.43674,0.33353,20.33376,11.95804
COMPANY_406338_XOM,2024,Q3,11114,70,183,0.0063,0.01647,0.47195,0.36415,22.3623,13.23481
COMPANY_406338_XOM,2024,Q4,10723,60,158,0.0056,0.01473,0.47284,0.31674,17.99502,12.64358
COMPANY_406338_XOM,2025,Q1,10049,55,174,0.00547,0.01732,0.4704,0.32612,19.41503,11.33797
COMPANY_406526_TDY,2023,Q1,6227,6,133,0.00096,0.02136,0.5852,0.25103,19.54667,12.13697
COMPANY_406526_TDY,2023,Q2,5534,12,87,0.00217,0.01572,0.43938,0.21449,16.36467,13.30581
COMPANY_406526_TDY,2023,Q3,7245,22,123,0.00304,0.01698,0.33264,0.22725,16.88502,13.04149
COMPANY_406526_TDY,2023,Q4,6836,11,126,0.00161,0.01843,0.41849,0.29224,20.96748,12.53934
COMPANY_406526_TDY,2024,Q1,6691,22,129,0.00329,0.01928,0.21018,0.22882,14.83084,12.64105
COMPANY_406526_TDY,2024,Q2,5317,11,100,0.00207,0.01881,0.34538,0.26664,19.72539,12.04122
COMPANY_406526_TDY,2024,Q3,6044,11,143,0.00182,0.02366,0.29688,0.24195,16.26661,11.80762
COMPANY_406526_TDY,2024,Q4,5903,16,137,0.00271,0.02321,0.18289,0.29676,10.38654,11.7775
COMPANY_406526_TDY,2025,Q1,8893,12,151,0.00135,0.01698,0.16336,0.2278,15.48227,12.14089
COMPANY_4107517_MOH,2023,Q1,8959,23,179,0.00257,0.01998,0.49584,0.21771,17.25188,11.92163
COMPANY_4107517_MOH,2023,Q2,11377,18,239,0.00158,0.02101,0.58178,0.30499,19.44458,11.49259
COMPANY_4107517_MOH,2023,Q3,9329,14,171,0.0015,0.01833,0.62766,0.2759,16.41743,12.02245
COMPANY_4107517_MOH,2023,Q4,10459,25,208,0.00239,0.01989,0.63378,0.27385,18.13586,11.32831
COMPANY_411950_ON,2024,Q3,11108,73,240,0.00657,0.02161,0.44163,0.21766,15.9577,10.01197
COMPANY_411950_ON,2024,Q4,10604,55,250,0.00519,0.02358,0.32812,0.15524,16.50819,11.46273
COMPANY_411950_ON,2025,Q1,11073,64,262,0.00578,0.02366,0.31007,0.25855,18.52787,12.8502
COMPANY_413857_NRG,2023,Q1,4414,26,65,0.00589,0.01473,0.43458,0.36838,18.15842,16.8334
COMPANY_413857_NRG,2023,Q2,6260,25,134,0.00399,0.02141,0.46335,0.32734,17.83096,14.49989
COMPANY_413857_NRG,2023,Q3,8099,29,129,0.00358,0.01593,0.40933,0.31135,18.12111,15.11937
COMPANY_413857_NRG,2023,Q4,8597,33,140,0.00384,0.01628,0.46751,0.30648,20.15279,12.11626
COMPANY_413857_NRG,2024,Q1,8389,43,160,0.00513,0.01907,0.46003,0.24122,18.51314,12.38813
COMPANY_413857_NRG,2024,Q2,7943,18,157,0.00227,0.01977,0.38505,0.2108,16.86899,10.32625
COMPANY_413857_NRG,2024,Q3,9581,35,140,0.00365,0.01461,0.54178,0.35018,18.74166,11.96389
COMPANY_413857_NRG,2024,Q4,9189,50,157,0.00544,0.01709,0.35461,0.20788,17.35824,11.10852
COMPANY_413857_NRG,2025,Q1,8040,23,187,0.00286,0.02326,0.53724,0.40629,17.83957,14.21436
COMPANY_415395909_INVH,2023,Q1,10111,15,134,0.00148,0.01325,0.40183,0.21083,19.62114,11.45607
COMPANY_415395909_INVH,2023,Q2,12131,14,172,0.00115,0.01418,0.62897,0.32697,20.55606,13.11009
COMPANY_415395909_INVH,2023,Q3,11287,16,166,0.00142,0.01471,0.45606,0.25226,18.6382,12.87689
COMPANY_415395909_INVH,2023,Q4,11975,19,175,0.00159,0.01461,0.56658,0.29806,18.84293,11.01244
COMPANY_415395909_INVH,2024,Q1,10887,22,173,0.00202,0.01589,0.37504,0.23851,19.77179,12.66025
COMPANY_415395909_INVH,2024,Q2,11366,8,168,0.0007,0.01478,0.5272,0.223,19.39587,11.99188
COMPANY_415395909_INVH,2024,Q3,10634,6,131,0.00056,0.01232,0.5037,0.27621,18.4986,10.46387
COMPANY_415395909_INVH,2024,Q4,11193,22,164,0.00197,0.01465,0.34005,0.28579,17.71328,11.42612
COMPANY_398549_VTR,2024,Q4,10457,26,181,0.00249,0.01731,0.47439,0.2807,16.85693,10.43265
COMPANY_398549_VTR,2025,Q1,12979,27,197,0.00208,0.01518,0.53095,0.32826,16.79838,11.2425
COMPANY_398625_GS,2023,Q1,10731,42,214,0.00391,0.01994,0.33455,0.25375,16.11425,12.32563
COMPANY_398625_GS,2023,Q2,11615,42,179,0.00362,0.01541,0.436,0.31324,16.59124,14.2142
COMPANY_398625_GS,2023,Q3,12010,39,160,0.00325,0.01332,0.28749,0.2669,14.68948,11.40612
COMPANY_398625_GS,2023,Q4,11559,40,162,0.00346,0.01402,0.4425,0.31918,16.14583,11.48427
COMPANY_398625_GS,2024,Q1,10440,49,142,0.00469,0.0136,0.41692,0.34989,16.72469,11.83153
COMPANY_398625_GS,2024,Q2,9640,32,154,0.00332,0.01598,0.47485,0.33944,17.88332,12.09952
COMPANY_398625_GS,2024,Q3,10224,48,160,0.00469,0.01565,0.43481,0.30029,18.56699,13.07026
COMPANY_398625_GS,2024,Q4,10536,90,164,0.00854,0.01557,0.4647,0.33025,18.90444,13.98074
COMPANY_398625_GS,2025,Q1,11006,34,211,0.00309,0.01917,0.48975,0.2903,18.4747,12.51026
COMPANY_401541_LII,2023,Q1,12272,34,264,0.00277,0.02151,0.52933,0.28772,17.04671,10.19352
COMPANY_401541_LII,2023,Q2,11082,35,218,0.00316,0.01967,0.55534,0.26042,17.49237,12.02549
COMPANY_401541_LII,2023,Q3,11554,28,228,0.00242,0.01973,0.46439,0.23657,21.18895,10.70191
COMPANY_401541_LII,2023,Q4,12626,61,264,0.00483,0.02091,0.68578,0.30702,18.12574,11.69815
COMPANY_401541_LII,2024,Q1,11651,48,229,0.00412,0.01965,0.47245,0.26848,19.45748,10.88512
COMPANY_401541_LII,2024,Q2,12011,61,290,0.00508,0.02414,0.46942,0.31146,18.43322,9.61466
COMPANY_401541_LII,2024,Q3,11573,44,249,0.0038,0.02152,0.51757,0.33574,19.60962,11.62297
COMPANY_401541_LII,2024,Q4,10983,23,260,0.00209,0.02367,0.56698,0.2377,19.12394,9.02905
COMPANY_401541_LII,2025,Q1,10915,30,237,0.00275,0.02171,0.57317,0.22716,17.15277,9.04479
COMPANY_4107517_MOH,2024,Q1,9460,16,199,0.00169,0.02104,0.50648,0.23497,17.84574,11.6227
COMPANY_4107517_MOH,2024,Q2,10142,20,197,0.00197,0.01942,0.3157,0.25492,15.77678,11.73546
COMPANY_4107517_MOH,2024,Q3,10368,17,223,0.00164,0.02151,0.45727,0.22104,17.34844,11.08986
COMPANY_4107517_MOH,2024,Q4,11952,14,302,0.00117,0.02527,0.4575,0.23527,16.09147,11.65864
COMPANY_4107517_MOH,2025,Q1,9278,21,192,0.00226,0.02069,0.5612,0.24945,21.11773,13.15459
COMPANY_411220_EW,2023,Q1,10265,29,158,0.00283,0.01539,0.6018,0.45238,17.83436,11.621
COMPANY_411220_EW,2023,Q2,11090,40,184,0.00361,0.01659,0.40247,0.32271,14.15943,10.77527
COMPANY_411220_EW,2023,Q3,10585,43,157,0.00406,0.01483,0.48198,0.33167,17.10295,9.7986
COMPANY_411220_EW,2023,Q4,11251,51,159,0.00453,0.01413,0.41051,0.3676,17.45874,10.55229
COMPANY_411220_EW,2024,Q1,11275,73,172,0.00647,0.01525,0.45274,0.33813,16.16133,10.27108
COMPANY_411220_EW,2024,Q2,10648,48,159,0.00451,0.01493,0.51106,0.34307,18.83543,11.59051
COMPANY_411220_EW,2024,Q3,9596,33,154,0.00344,0.01605,0.38771,0.29083,16.6733,10.83083
COMPANY_411220_EW,2024,Q4,10025,32,146,0.00319,0.01456,0.55238,0.38078,18.29004,9.62961
COMPANY_411220_EW,2025,Q1,11071,48,173,0.00434,0.01563,0.41697,0.289,18.25168,10.22495
COMPANY_411950_ON,2023,Q1,10765,66,232,0.00613,0.02155,0.39844,0.26836,18.12018,12.35382
COMPANY_411950_ON,2023,Q2,10437,66,230,0.00632,0.02204,0.49049,0.23772,20.17585,11.97016
COMPANY_411950_ON,2023,Q3,10204,42,241,0.00412,0.02362,0.43536,0.18006,17.31098,11.49053
COMPANY_411950_ON,2023,Q4,10488,61,226,0.00582,0.02155,0.36427,0.20408,16.61731,10.83496
COMPANY_411950_ON,2024,Q1,9798,68,225,0.00694,0.02296,0.40291,0.17873,16.10495,11.73488
COMPANY_411950_ON,2024,Q2,10824,68,269,0.00628,0.02485,0.36655,0.21344,17.76102,11.57403
COMPANY_415395909_INVH,2025,Q1,8911,11,144,0.00123,0.01616,0.54668,0.27958,22.97306,10.96614
COMPANY_415798_VZ,2023,Q1,10612,70,175,0.0066,0.01649,0.40901,0.30017,16.93219,10.25259
COMPANY_415798_VZ,2023,Q2,11186,76,214,0.00679,0.01913,0.34721,0.32784,15.10395,9.9579
COMPANY_415798_VZ,2023,Q3,11018,83,196,0.00753,0.01779,0.3968,0.28636,15.447,9.69913
COMPANY_415798_VZ,2023,Q4,11876,67,193,0.00564,0.01625,0.42658,0.34479,14.31162,9.59373
COMPANY_415798_VZ,2024,Q1,11458,80,181,0.00698,0.0158,0.29452,0.31744,15.09576,9.88141
COMPANY_415798_VZ,2024,Q2,11119,72,195,0.00648,0.01754,0.38744,0.32081,15.63696,9.70978
COMPANY_415798_VZ,2024,Q3,18875,144,279,0.00763,0.01478,0.34823,0.2722,13.82033,10.87781
COMPANY_415798_VZ,2024,Q4,12469,111,209,0.0089,0.01676,0.29877,0.32898,15.1402,10.61171
COMPANY_415798_VZ,2025,Q1,12410,69,190,0.00556,0.01531,0.38671,0.29691,16.90843,10.29558
COMPANY_416264458_HWM,2023,Q1,9230,10,210,0.00108,0.02275,0.52422,0.23839,18.97213,10.69664
COMPANY_416264458_HWM,2023,Q2,10132,18,200,0.00178,0.01974,0.44825,0.25711,16.70231,10.85038
COMPANY_416264458_HWM,2023,Q3,9424,4,220,0.00042,0.02334,0.35955,0.25233,22.00426,12.22688
COMPANY_416264458_HWM,2023,Q4,9716,10,211,0.00103,0.02172,0.06628,0.26961,17.38646,10.98829
COMPANY_416264458_HWM,2024,Q1,9402,6,182,0.00064,0.01936,-0.0369,0.21658,20.75,12.49006
COMPANY_416264458_HWM,2024,Q2,10016,10,216,0.001,0.02157,0.20192,0.21735,20.54066,10.60981
COMPANY_416264458_HWM,2024,Q3,8764,9,208,0.00103,0.02373,0.38679,0.31164,19.71352,12.44645
COMPANY_416264458_HWM,2024,Q4,9534,6,143,0.00063,0.015,0.337,0.23812,15.22247,10.15486
COMPANY_416264458_HWM,2025,Q1,9337,1,184,0.00011,0.01971,0.0,0.22502,19.48235,10.50878
COMPANY_4165019_AMP,2023,Q1,11020,28,230,0.00254,0.02087,0.45726,0.32798,16.028,11.84276
COMPANY_403413_BLK,2023,Q1,8995,102,100,0.01134,0.01112,0.34967,0.26482,18.48698,14.86551
COMPANY_403413_BLK,2023,Q2,8163,136,103,0.01666,0.01262,0.358,0.35571,19.71305,13.6925
COMPANY_403413_BLK,2023,Q3,10253,128,135,0.01248,0.01317,0.30557,0.25217,17.86763,13.61194
COMPANY_403413_BLK,2023,Q4,13161,209,145,0.01588,0.01102,0.37432,0.34801,17.48369,14.0233
COMPANY_403413_BLK,2024,Q1,10064,114,131,0.01133,0.01302,0.34257,0.25452,17.57764,13.81517
COMPANY_403413_BLK,2024,Q2,10552,167,124,0.01583,0.01175,0.383,0.34709,18.54147,13.599
COMPANY_403413_BLK,2024,Q3,10428,112,136,0.01074,0.01304,0.37381,0.31056,16.47766,11.76117
COMPANY_403413_BLK,2024,Q4,11007,120,143,0.0109,0.01299,0.43478,0.37817,18.03356,12.78164
COMPANY_403413_BLK,2025,Q1,10338,118,127,0.01141,0.01228,0.40312,0.30622,17.21666,12.61035
COMPANY_40485464_ENPH,2023,Q1,13499,59,287,0.00437,0.02126,0.30823,0.25361,14.1389,10.85863
COMPANY_40485464_ENPH,2023,Q2,13778,71,290,0.00515,0.02105,0.31445,0.22341,16.10225,10.5385
COMPANY_40485464_ENPH,2023,Q3,15897,60,293,0.00377,0.01843,0.265,0.20413,15.96687,11.04005
COMPANY_40485464_ENPH,2023,Q4,17785,77,310,0.00433,0.01743,0.27675,0.19645,15.59033,10.89839
COMPANY_40485464_ENPH,2024,Q1,15704,53,257,0.00337,0.01637,0.34645,0.24509,16.85693,11.15079
COMPANY_40485464_ENPH,2024,Q2,14901,84,235,0.00564,0.01577,0.34228,0.25215,16.13757,11.58387
COMPANY_40485464_ENPH,2024,Q3,13780,75,219,0.00544,0.01589,0.24325,0.20839,15.71012,11.13848
COMPANY_40485464_ENPH,2024,Q4,12890,63,224,0.00489,0.01738,0.33427,0.24245,17.57012,10.84772
COMPANY_40485464_ENPH,2025,Q1,12025,60,218,0.00499,0.01813,0.35719,0.23012,17.42917,12.30051
COMPANY_406338_XOM,2023,Q1,9232,55,194,0.00596,0.02101,0.40163,0.30204,19.62488,11.24206
COMPANY_406338_XOM,2023,Q2,10890,76,221,0.00698,0.02029,0.47641,0.32665,19.57633,11.23549
COMPANY_420347413_CRWD,2023,Q4,9290,68,163,0.00732,0.01755,0.34344,0.26594,16.57327,11.83199
COMPANY_420347413_CRWD,2024,Q1,10138,74,160,0.0073,0.01578,0.48191,0.37377,18.98871,12.8611
COMPANY_420347413_CRWD,2024,Q2,9785,129,157,0.01318,0.01604,0.30939,0.32703,17.90831,12.51478
COMPANY_420347413_CRWD,2024,Q3,10084,122,146,0.0121,0.01448,0.33141,0.35328,18.3534,13.0023
COMPANY_420347413_CRWD,2024,Q4,10109,167,125,0.01652,0.01237,0.22722,0.32052,15.4921,12.36791
COMPANY_420347413_CRWD,2025,Q1,10205,186,136,0.01823,0.01333,0.31579,0.32467,17.17414,12.68351
COMPANY_420347413_CRWD,2025,Q2,10402,93,137,0.00894,0.01317,0.39531,0.28585,18.25759,12.05524
COMPANY_420347413_CRWD,2025,Q3,10029,124,146,0.01236,0.01456,0.39402,0.34377,18.34089,13.23702
COMPANY_420347413_CRWD,2025,Q4,10331,104,146,0.01007,0.01413,0.33309,0.33551,17.11103,11.95637
COMPANY_4204816_CBRE,2023,Q1,6707,15,103,0.00224,0.01536,0.26078,0.25952,17.19759,12.0198
COMPANY_4204816_CBRE,2023,Q2,7784,15,120,0.00193,0.01542,0.50205,0.318,17.40761,11.91156
COMPANY_4204816_CBRE,2023,Q3,8469,12,166,0.00142,0.0196,0.39171,0.30307,17.95684,13.70357
COMPANY_4204816_CBRE,2023,Q4,6583,14,116,0.00213,0.01762,0.15682,0.27309,16.96172,12.77248
COMPANY_4204816_CBRE,2024,Q1,7146,11,121,0.00154,0.01693,0.46386,0.21895,18.85073,12.29991
COMPANY_4204816_CBRE,2024,Q2,8653,30,133,0.00347,0.01537,0.44052,0.2639,19.66925,12.8876
COMPANY_4204816_CBRE,2024,Q3,7736,15,132,0.00194,0.01706,0.26041,0.27919,17.55423,13.14004
COMPANY_4204816_CBRE,2024,Q4,9572,29,158,0.00303,0.01651,0.44601,0.38026,18.72069,13.00031
COMPANY_4204816_CBRE,2025,Q1,7836,14,160,0.00179,0.02042,0.35372,0.22539,15.46393,13.17937
COMPANY_425005479_BKR,2023,Q1,10308,57,220,0.00553,0.02134,0.43568,0.33222,19.43596,15.09541
COMPANY_425005479_BKR,2023,Q2,10258,58,198,0.00565,0.0193,0.48426,0.38208,19.82996,15.51411
COMPANY_425005479_BKR,2023,Q3,9741,52,153,0.00534,0.01571,0.5735,0.36772,21.24156,15.12887
COMPANY_425005479_BKR,2023,Q4,10059,43,157,0.00427,0.01561,0.42466,0.32107,19.84176,14.63955
COMPANY_425005479_BKR,2024,Q1,9513,76,180,0.00799,0.01892,0.4648,0.40813,19.19678,15.79464
COMPANY_425005479_BKR,2024,Q2,9932,83,172,0.00836,0.01732,0.48768,0.38711,19.20999,15.12302
COMPANY_425005479_BKR,2024,Q3,9600,98,168,0.01021,0.0175,0.54023,0.34028,20.1974,15.54784
COMPANY_425005479_BKR,2024,Q4,9603,79,171,0.00823,0.01781,0.53002,0.4067,18.2879,14.51404
COMPANY_425005479_BKR,2025,Q1,9012,53,189,0.00588,0.02097,0.54108,0.25236,18.93629,15.95404
COMPANY_4303924_LKQ,2023,Q1,9057,16,145,0.00177,0.01601,0.48468,0.27591,18.14994,13.05483
COMPANY_4303924_LKQ,2023,Q2,9238,13,142,0.00141,0.01537,0.46098,0.27883,20.92674,12.72007
COMPANY_4303924_LKQ,2023,Q3,10183,14,184,0.00137,0.01807,0.3469,0.25036,18.83547,12.41061
COMPANY_4303924_LKQ,2023,Q4,8547,24,142,0.00281,0.01661,0.44238,0.35241,20.59608,15.13263
COMPANY_4303924_LKQ,2024,Q1,8157,11,121,0.00135,0.01483,0.34761,0.20279,18.86961,12.90373
COMPANY_4303924_LKQ,2024,Q2,8720,19,126,0.00218,0.01445,0.24352,0.1459,16.61358,13.67604
COMPANY_4303924_LKQ,2024,Q3,8374,9,120,0.00107,0.01433,0.33011,0.28211,21.39212,13.49012
COMPANY_4303924_LKQ,2024,Q4,8218,22,120,0.00268,0.0146,0.39206,0.25318,20.29234,10.77409
COMPANY_4303924_LKQ,2025,Q1,7549,11,109,0.00146,0.01444,0.17239,0.23273,20.00652,10.8137
COMPANY_430871960_VICI,2023,Q1,10076,5,144,0.0005,0.01429,0.50478,0.35968,20.14612,12.29934
COMPANY_430871960_VICI,2023,Q2,9294,28,157,0.00301,0.01689,0.39723,0.33541,18.9065,13.94906
COMPANY_430871960_VICI,2023,Q3,10616,18,205,0.0017,0.01931,0.51901,0.34539,20.67539,12.84119
COMPANY_430871960_VICI,2023,Q4,10974,8,189,0.00073,0.01722,0.67807,0.32962,24.13762,12.81592
COMPANY_4165019_AMP,2023,Q2,10199,35,189,0.00343,0.01853,0.45895,0.29477,18.56748,12.14969
COMPANY_4165019_AMP,2023,Q3,7759,17,149,0.00219,0.0192,0.56671,0.33728,18.57299,12.53295
COMPANY_4165019_AMP,2023,Q4,8584,44,162,0.00513,0.01887,0.49583,0.25826,19.17463,11.65065
COMPANY_4165019_AMP,2024,Q1,8797,43,150,0.00489,0.01705,0.58541,0.35351,17.24192,11.08341
COMPANY_4165019_AMP,2024,Q2,8153,42,117,0.00515,0.01435,0.44212,0.30497,18.11527,12.55201
COMPANY_4165019_AMP,2024,Q3,11160,60,218,0.00538,0.01953,0.56452,0.31993,18.11409,11.80289
COMPANY_4165019_AMP,2024,Q4,8223,43,159,0.00523,0.01934,0.50723,0.30937,17.36452,10.20936
COMPANY_4165019_AMP,2025,Q1,8196,45,178,0.00549,0.02172,0.50557,0.33534,16.80152,12.45179
COMPANY_4180463_NCLH,2023,Q1,10430,22,178,0.00211,0.01707,0.49047,0.33339,18.03482,12.52264
COMPANY_4180463_NCLH,2023,Q2,10585,24,168,0.00227,0.01587,0.5081,0.34706,21.48267,14.46761
COMPANY_4180463_NCLH,2023,Q3,10212,21,160,0.00206,0.01567,0.41551,0.2422,19.1187,12.11075
COMPANY_4180463_NCLH,2023,Q4,9748,23,119,0.00236,0.01221,0.41535,0.34556,18.70646,13.89499
COMPANY_4180463_NCLH,2024,Q1,10324,20,144,0.00194,0.01395,0.4979,0.31482,18.30019,11.11456
COMPANY_4180463_NCLH,2024,Q2,10281,27,133,0.00263,0.01294,0.28561,0.31825,16.40966,10.60017
COMPANY_4180463_NCLH,2024,Q3,10165,21,143,0.00207,0.01407,0.52705,0.3686,20.81846,12.53794
COMPANY_4180463_NCLH,2024,Q4,10431,35,162,0.00336,0.01553,0.58635,0.38649,19.70856,13.02214
COMPANY_4180463_NCLH,2025,Q1,11890,43,190,0.00362,0.01598,0.62997,0.43886,19.9667,15.32146
COMPANY_420347413_CRWD,2023,Q1,9281,100,138,0.01077,0.01487,0.25504,0.25766,17.36153,11.61133
COMPANY_420347413_CRWD,2023,Q2,10026,106,134,0.01057,0.01337,0.30252,0.36238,17.67884,11.94506
COMPANY_420347413_CRWD,2023,Q3,9391,68,156,0.00724,0.01661,0.41922,0.29315,19.52191,11.96348
COMPANY_430871960_VICI,2024,Q1,9994,8,168,0.0008,0.01681,0.70063,0.2873,22.05031,14.48592
COMPANY_430871960_VICI,2024,Q2,10006,14,192,0.0014,0.01919,0.54708,0.32107,14.42174,13.07273
COMPANY_430871960_VICI,2024,Q3,10570,20,155,0.00189,0.01466,0.48997,0.34126,20.88828,13.55007
COMPANY_430871960_VICI,2024,Q4,10584,11,154,0.00104,0.01455,0.36592,0.31459,18.5488,11.93108
COMPANY_430871960_VICI,2025,Q1,10211,12,143,0.00118,0.014,0.57796,0.36584,25.73298,17.63138
COMPANY_43580005_PLTR,2023,Q1,8183,75,127,0.00917,0.01552,0.24893,0.26048,19.1397,13.36004
COMPANY_43580005_PLTR,2023,Q2,9880,64,125,0.00648,0.01265,0.29718,0.28626,18.41538,11.51982
COMPANY_43580005_PLTR,2023,Q3,7881,46,97,0.00584,0.01231,0.37475,0.27534,19.9541,12.80302
COMPANY_43580005_PLTR,2023,Q4,9657,60,107,0.00621,0.01108,0.3253,0.27954,18.42553,13.32175
COMPANY_43580005_PLTR,2024,Q1,7596,46,73,0.00606,0.00961,0.25853,0.30767,18.68013,15.9787
COMPANY_43580005_PLTR,2024,Q2,7652,53,140,0.00693,0.0183,0.26819,0.28235,20.72255,16.476
COMPANY_43580005_PLTR,2024,Q3,8083,60,113,0.00742,0.01398,0.36623,0.36325,16.59923,13.7083
COMPANY_43580005_PLTR,2024,Q4,9021,50,100,0.00554,0.01109,0.29512,0.30651,20.81863,15.11188
COMPANY_43580005_PLTR,2025,Q1,7313,45,99,0.00615,0.01354,0.19136,0.2964,15.9546,13.41069
COMPANY_4593731_FSLR,2023,Q1,10289,44,142,0.00428,0.0138,0.40706,0.30058,19.99768,15.93275
COMPANY_4593731_FSLR,2023,Q2,9746,40,143,0.0041,0.01467,0.33057,0.29735,19.89634,15.55445
COMPANY_4593731_FSLR,2023,Q3,10492,45,175,0.00429,0.01668,0.44949,0.23001,21.22435,16.00427
COMPANY_4593731_FSLR,2023,Q4,10311,47,161,0.00456,0.01561,0.46923,0.2485,19.49129,17.94897
COMPANY_4593731_FSLR,2024,Q1,11342,52,176,0.00458,0.01552,0.43325,0.26518,20.06712,16.5556
COMPANY_4593731_FSLR,2024,Q2,10272,51,146,0.00496,0.01421,0.32405,0.21406,24.44241,16.83695
COMPANY_4593731_FSLR,2024,Q3,11083,63,200,0.00568,0.01805,0.36803,0.19518,20.17024,15.32392
COMPANY_4593731_FSLR,2024,Q4,12397,48,253,0.00387,0.02041,0.30908,0.19693,22.11076,17.66794
COMPANY_4593731_FSLR,2025,Q1,13715,33,254,0.00241,0.01852,0.29698,0.2282,20.04368,17.68291
COMPANY_46051729_CFG,2023,Q1,11361,31,184,0.00273,0.0162,0.4083,0.28554,19.39803,12.06814
COMPANY_46051729_CFG,2023,Q2,14134,39,208,0.00276,0.01472,0.4955,0.34334,17.37192,11.63344
COMPANY_46051729_CFG,2023,Q3,11145,24,189,0.00215,0.01696,0.60776,0.28051,21.05715,13.00541
COMPANY_46051729_CFG,2023,Q4,13375,19,230,0.00142,0.0172,0.56718,0.32201,17.62662,11.35718
COMPANY_46051729_CFG,2024,Q1,13152,10,201,0.00076,0.01528,0.46706,0.27182,17.21507,9.85698
COMPANY_46051729_CFG,2024,Q2,13968,28,197,0.002,0.0141,0.45063,0.31459,16.35237,11.36973
COMPANY_46051729_CFG,2024,Q3,9315,6,137,0.00064,0.01471,0.67325,0.27291,18.07251,12.65783
COMPANY_46051729_CFG,2024,Q4,10509,13,146,0.00124,0.01389,0.61234,0.33842,19.16991,11.28957
COMPANY_46051729_CFG,2025,Q1,12849,13,228,0.00101,0.01774,0.64175,0.25575,19.86769,10.93347
COMPANY_472898_MS,2023,Q1,10947,45,194,0.00411,0.01772,0.37826,0.27556,16.80194,12.62788
COMPANY_472898_MS,2023,Q2,10228,36,159,0.00352,0.01555,0.38397,0.1895,15.18055,10.26035
COMPANY_472898_MS,2023,Q3,11611,51,167,0.00439,0.01438,0.3917,0.28461,17.14673,10.85344
COMPANY_472898_MS,2023,Q4,12141,56,167,0.00461,0.01376,0.44849,0.34174,19.06586,13.83084
COMPANY_472898_MS,2024,Q1,8549,43,128,0.00503,0.01497,0.51426,0.36248,17.10818,13.60111
COMPANY_472898_MS,2024,Q2,9832,28,177,0.00285,0.018,0.4445,0.30294,20.8027,11.31753
COMPANY_472898_MS,2024,Q3,10980,47,190,0.00428,0.0173,0.41311,0.29917,18.67268,11.19619
COMPANY_472898_MS,2024,Q4,13044,58,192,0.00445,0.01472,0.48788,0.30656,18.85448,12.46375
COMPANY_526573_TPR,2023,Q2,11659,74,157,0.00635,0.01347,0.43917,0.36451,18.07962,14.27735
COMPANY_526573_TPR,2023,Q3,9966,36,128,0.00361,0.01284,0.35185,0.32966,17.34862,14.81358
COMPANY_526573_TPR,2023,Q4,10881,52,150,0.00478,0.01379,0.41772,0.38402,17.06262,14.37719
COMPANY_526573_TPR,2024,Q1,11832,61,178,0.00516,0.01504,0.45899,0.35317,17.11814,14.60628
COMPANY_526573_TPR,2024,Q2,11000,48,161,0.00436,0.01464,0.54676,0.35836,17.70656,12.7174
COMPANY_526573_TPR,2024,Q3,10468,26,160,0.00248,0.01528,0.4188,0.35304,16.79978,13.32708
COMPANY_526573_TPR,2024,Q4,11292,40,146,0.00354,0.01293,0.41609,0.36108,18.27921,12.42973
COMPANY_526573_TPR,2025,Q1,11445,35,170,0.00306,0.01485,0.41707,0.39259,16.33218,13.34709
COMPANY_526573_TPR,2025,Q2,10936,43,140,0.00393,0.0128,0.2861,0.38822,14.62944,13.26732
COMPANY_526573_TPR,2025,Q3,11153,34,167,0.00305,0.01497,0.49807,0.40108,18.20555,13.70814
COMPANY_527542_XEL,2023,Q1,7341,18,166,0.00245,0.02261,0.45178,0.29368,18.13547,12.50669
COMPANY_527542_XEL,2023,Q2,8749,36,178,0.00411,0.02035,0.36083,0.30819,17.26265,11.95609
COMPANY_527542_XEL,2023,Q3,10300,35,208,0.0034,0.02019,0.44851,0.29587,19.87931,13.08802
COMPANY_527542_XEL,2023,Q4,9413,22,172,0.00234,0.01827,0.20881,0.29813,16.36846,11.41595
COMPANY_527542_XEL,2024,Q1,9224,28,176,0.00304,0.01908,0.43832,0.33074,20.05733,13.07006
COMPANY_527542_XEL,2024,Q2,8386,41,196,0.00489,0.02337,0.30606,0.28513,19.10066,13.11427
COMPANY_527542_XEL,2024,Q3,10864,41,228,0.00377,0.02099,0.39309,0.33721,17.51854,12.27335
COMPANY_527542_XEL,2024,Q4,9441,34,166,0.0036,0.01758,0.43245,0.32008,20.14944,12.53018
COMPANY_527542_XEL,2025,Q1,10396,31,195,0.00298,0.01876,0.41162,0.30025,17.69663,12.69242
COMPANY_528325_MCO,2023,Q1,13084,84,202,0.00642,0.01544,0.37527,0.21695,18.53563,13.31748
COMPANY_472898_MS,2025,Q1,10777,39,185,0.00362,0.01717,0.31307,0.23585,15.29499,12.57238
COMPANY_473342_MMC,2023,Q1,10325,27,168,0.00262,0.01627,0.64757,0.34061,19.25594,11.37575
COMPANY_473342_MMC,2023,Q2,9904,32,183,0.00323,0.01848,0.28423,0.33416,15.83267,11.04984
COMPANY_473342_MMC,2023,Q3,10199,48,141,0.00471,0.01382,0.32667,0.24166,17.48585,10.35182
COMPANY_473342_MMC,2023,Q4,10081,33,170,0.00327,0.01686,0.44475,0.34095,16.45222,9.71503
COMPANY_473342_MMC,2024,Q1,10930,47,161,0.0043,0.01473,0.41733,0.3325,18.28587,11.46868
COMPANY_473342_MMC,2024,Q2,10381,31,165,0.00299,0.01589,0.46243,0.29554,18.41631,11.1268
COMPANY_473342_MMC,2024,Q3,9656,23,158,0.00238,0.01636,0.53611,0.24418,17.18682,12.07617
COMPANY_473342_MMC,2024,Q4,10420,29,147,0.00278,0.01411,0.38349,0.2437,16.56467,10.08057
COMPANY_473342_MMC,2025,Q1,10189,21,185,0.00206,0.01816,0.33317,0.26217,14.61254,11.28037
COMPANY_4773318_EPAM,2023,Q1,10329,91,185,0.00881,0.01791,0.33784,0.27397,20.79208,13.36108
COMPANY_4773318_EPAM,2023,Q2,10521,79,189,0.00751,0.01796,0.47301,0.25961,22.77494,12.5078
COMPANY_4773318_EPAM,2023,Q3,10364,67,219,0.00646,0.02113,0.36282,0.26447,21.51246,12.70099
COMPANY_4773318_EPAM,2023,Q4,9956,54,188,0.00542,0.01888,0.39383,0.30632,23.01462,13.68297
COMPANY_4773318_EPAM,2024,Q1,10577,55,210,0.0052,0.01985,0.43997,0.24069,22.46298,13.71798
COMPANY_4773318_EPAM,2024,Q2,10388,86,201,0.00828,0.01935,0.38732,0.29833,21.58755,14.89998
COMPANY_4773318_EPAM,2024,Q3,9858,77,188,0.00781,0.01907,0.39816,0.32218,19.76729,12.37365
COMPANY_4773318_EPAM,2024,Q4,10063,61,174,0.00606,0.01729,0.48679,0.33158,19.60327,12.41751
COMPANY_4773318_EPAM,2025,Q1,10098,57,178,0.00564,0.01763,0.48878,0.33901,19.40445,12.77866
COMPANY_526573_TPR,2023,Q1,10762,46,160,0.00427,0.01487,0.4848,0.33594,18.11584,14.04895
COMPANY_528325_MCO,2023,Q2,13524,100,224,0.00739,0.01656,0.42107,0.21401,18.70372,11.47991
COMPANY_528325_MCO,2023,Q3,12166,63,187,0.00518,0.01537,0.34448,0.13796,16.87451,12.34385
COMPANY_528325_MCO,2023,Q4,13789,127,198,0.00921,0.01436,0.34735,0.118,19.74872,14.267
COMPANY_528325_MCO,2024,Q1,13095,83,225,0.00634,0.01718,0.35089,0.25238,15.92067,11.12813
COMPANY_528325_MCO,2024,Q2,11500,83,233,0.00722,0.02026,0.47864,0.17978,18.46556,11.74253
COMPANY_528325_MCO,2024,Q3,13053,52,222,0.00398,0.01701,0.33118,0.21961,18.22021,11.17186
COMPANY_528325_MCO,2024,Q4,12186,80,186,0.00656,0.01526,0.33241,0.21147,18.4407,11.47867
COMPANY_528325_MCO,2025,Q1,10072,57,175,0.00566,0.01737,0.3479,0.11201,17.93423,12.99086
COMPANY_546623668_FOXA,2023,Q1,6144,20,94,0.00326,0.0153,0.37578,0.31591,18.09638,14.03997
COMPANY_546623668_FOXA,2023,Q2,6863,32,95,0.00466,0.01384,0.26219,0.30615,16.78563,13.55056
COMPANY_546623668_FOXA,2023,Q3,5766,40,73,0.00694,0.01266,0.36216,0.32807,16.79123,14.09319
COMPANY_546623668_FOXA,2023,Q4,6547,22,103,0.00336,0.01573,0.1276,0.30056,16.82376,14.36783
COMPANY_546623668_FOXA,2024,Q1,6189,30,84,0.00485,0.01357,0.26605,0.29261,15.93664,14.57817
COMPANY_546623668_FOXA,2024,Q2,5549,26,87,0.00469,0.01568,0.40705,0.30511,15.13509,14.06325
COMPANY_546623668_FOXA,2024,Q3,5923,30,66,0.00507,0.01114,0.42564,0.31511,16.85374,13.16418
COMPANY_546623668_FOXA,2025,Q1,6053,24,106,0.00396,0.01751,0.3726,0.29624,15.78169,11.89496
COMPANY_546623668_FOXA,2025,Q2,5492,39,85,0.0071,0.01548,0.308,0.32353,14.64641,12.57039
COMPANY_546623668_FOXA,2025,Q3,6666,29,85,0.00435,0.01275,0.40685,0.37378,16.34623,11.85476
COMPANY_59502420_APTV,2023,Q1,10374,100,215,0.00964,0.02072,0.54185,0.35567,21.28038,13.47071
COMPANY_59502420_APTV,2023,Q2,9682,78,187,0.00806,0.01931,0.50343,0.35025,21.01995,14.26322
COMPANY_59502420_APTV,2023,Q3,10496,75,207,0.00715,0.01972,0.3683,0.29777,19.73389,12.58256
COMPANY_59502420_APTV,2023,Q4,12533,101,257,0.00806,0.02051,0.47442,0.35155,21.18283,13.90612
COMPANY_59502420_APTV,2024,Q1,11658,132,234,0.01132,0.02007,0.44258,0.32322,20.36153,14.46771
COMPANY_59502420_APTV,2024,Q2,10615,109,192,0.01027,0.01809,0.46085,0.26818,19.10626,12.93349
COMPANY_59502420_APTV,2024,Q3,10970,97,242,0.00884,0.02206,0.46256,0.31711,18.0275,14.03535
COMPANY_59502420_APTV,2024,Q4,10189,65,193,0.00638,0.01894,0.45181,0.27312,21.7685,13.32443
COMPANY_59502420_APTV,2025,Q1,8215,61,178,0.00743,0.02167,0.51985,0.32564,22.55711,12.99645
COMPANY_598655_GRMN,2023,Q1,6452,27,125,0.00418,0.01937,0.37805,0.26622,16.72981,11.1945
COMPANY_598655_GRMN,2023,Q2,5848,18,99,0.00308,0.01693,0.42609,0.25778,18.01054,10.45225
COMPANY_598655_GRMN,2023,Q3,5997,18,89,0.003,0.01484,0.32425,0.25415,17.36692,10.31912
COMPANY_598655_GRMN,2023,Q4,6342,17,114,0.00268,0.01798,0.38444,0.30801,17.17136,9.69309
COMPANY_598655_GRMN,2024,Q1,4675,9,87,0.00193,0.01861,0.39173,0.27519,18.0279,11.06376
COMPANY_598655_GRMN,2024,Q2,6289,14,118,0.00223,0.01876,0.41038,0.31036,15.75715,9.79178
COMPANY_598655_GRMN,2024,Q3,5157,12,78,0.00233,0.01513,0.47652,0.21302,17.23153,10.12908
COMPANY_598655_GRMN,2024,Q4,7361,15,118,0.00204,0.01603,0.58955,0.31342,19.79684,9.37418
COMPANY_598655_GRMN,2025,Q1,6833,15,143,0.0022,0.02093,0.23652,0.24586,16.27905,10.07091
COMPANY_61036_IP,2023,Q1,11420,47,249,0.00412,0.0218,0.45856,0.27935,19.28957,13.09352
COMPANY_61036_IP,2023,Q2,11068,29,231,0.00262,0.02087,0.53292,0.2591,19.02671,13.81984
COMPANY_61036_IP,2023,Q3,9387,59,176,0.00629,0.01875,0.40105,0.32483,15.83704,13.14689
COMPANY_61036_IP,2023,Q4,9999,56,141,0.0056,0.0141,0.40696,0.28804,17.30564,13.08226
COMPANY_6477196_MA,2025,Q1,11853,110,181,0.00928,0.01527,0.34106,0.27938,17.40482,12.60245
COMPANY_6479558_SMCI,2023,Q1,6565,76,143,0.01158,0.02178,0.57083,0.33744,17.45465,11.40167
COMPANY_6479558_SMCI,2023,Q2,6885,43,146,0.00625,0.02121,0.49864,0.28574,17.66136,10.58373
COMPANY_6479558_SMCI,2023,Q3,6253,65,138,0.0104,0.02207,0.43884,0.27564,17.96256,10.35802
COMPANY_6479558_SMCI,2023,Q4,6998,86,145,0.01229,0.02072,0.48202,0.33643,15.47259,11.63032
COMPANY_6479558_SMCI,2024,Q1,5859,64,125,0.01092,0.02133,0.46936,0.31304,18.7097,11.6159
COMPANY_6479558_SMCI,2024,Q2,7230,50,150,0.00692,0.02075,0.47099,0.38736,17.24067,10.6948
COMPANY_6479558_SMCI,2024,Q3,7074,49,124,0.00693,0.01753,0.45423,0.34002,17.26728,10.9806
COMPANY_6479558_SMCI,2024,Q4,8607,85,165,0.00988,0.01917,0.47306,0.28465,16.3499,10.13467
COMPANY_6479558_SMCI,2025,Q1,7609,61,160,0.00802,0.02103,0.5068,0.26008,16.76949,8.8548
COMPANY_6479558_SMCI,2025,Q2,8852,82,160,0.00926,0.01808,0.3225,0.25734,15.98857,10.4629
COMPANY_6479558_SMCI,2025,Q3,6878,77,138,0.0112,0.02006,0.36586,0.3045,17.02017,10.77306
COMPANY_6569181_PM,2023,Q1,10989,25,200,0.00228,0.0182,0.31613,0.33925,16.28093,12.74286
COMPANY_6569181_PM,2023,Q2,10506,22,164,0.00209,0.01561,0.49196,0.27498,18.00923,12.92214
COMPANY_6569181_PM,2023,Q3,8915,19,152,0.00213,0.01705,0.34582,0.25909,17.57175,12.71607
COMPANY_6569181_PM,2023,Q4,11336,25,146,0.00221,0.01288,0.47176,0.26789,18.2549,13.38852
COMPANY_6569181_PM,2024,Q1,9781,24,115,0.00245,0.01176,0.40132,0.34124,16.92124,13.51788
COMPANY_6569181_PM,2024,Q2,10985,17,171,0.00155,0.01557,0.44486,0.32057,16.69893,13.88163
COMPANY_6569181_PM,2024,Q3,8872,18,125,0.00203,0.01409,0.46942,0.29155,19.76532,13.50565
COMPANY_6569181_PM,2024,Q4,12117,23,172,0.0019,0.01419,0.51204,0.31824,19.25703,13.12527
COMPANY_61036_IP,2024,Q1,8887,38,143,0.00428,0.01609,0.45125,0.31449,20.25621,11.69135
COMPANY_61036_IP,2024,Q2,10456,49,152,0.00469,0.01454,0.41322,0.30562,16.10307,11.94753
COMPANY_61036_IP,2024,Q3,11202,60,153,0.00536,0.01366,0.37472,0.34125,16.14632,12.03301
COMPANY_61036_IP,2024,Q4,12343,46,168,0.00373,0.01361,0.32558,0.25081,16.43657,12.97519
COMPANY_61036_IP,2025,Q1,12933,64,223,0.00495,0.01724,0.35917,0.24108,16.60645,12.30263
COMPANY_61206100_GM,2023,Q1,11537,34,191,0.00295,0.01656,0.35008,0.30774,16.84467,13.44882
COMPANY_61206100_GM,2023,Q2,11766,70,198,0.00595,0.01683,0.28859,0.28009,15.97778,13.33125
COMPANY_61206100_GM,2023,Q3,11708,62,201,0.0053,0.01717,0.43274,0.35101,17.9671,13.01498
COMPANY_61206100_GM,2023,Q4,11283,76,204,0.00674,0.01808,0.35938,0.31252,16.82077,12.94171
COMPANY_61206100_GM,2024,Q1,11448,55,199,0.0048,0.01738,0.3968,0.33651,17.49071,12.46996
COMPANY_61206100_GM,2024,Q2,11691,62,217,0.0053,0.01856,0.31344,0.34158,16.45238,12.92802
COMPANY_61206100_GM,2024,Q3,11681,43,221,0.00368,0.01892,0.45841,0.35718,17.74392,13.53691
COMPANY_61206100_GM,2024,Q4,11695,36,200,0.00308,0.0171,0.4838,0.34157,17.14527,13.15329
COMPANY_61206100_GM,2025,Q1,11440,46,223,0.00402,0.01949,0.47092,0.30166,18.51112,14.36958
COMPANY_618908_PODD,2023,Q1,13148,56,183,0.00426,0.01392,0.44076,0.34411,18.15146,14.22341
COMPANY_618908_PODD,2023,Q2,12679,47,210,0.00371,0.01656,0.51709,0.33641,17.23554,14.19793
COMPANY_618908_PODD,2023,Q3,12442,33,179,0.00265,0.01439,0.43282,0.29049,18.00555,14.11782
COMPANY_618908_PODD,2023,Q4,12892,43,176,0.00334,0.01365,0.52395,0.3343,17.63342,13.35376
COMPANY_618908_PODD,2024,Q1,12232,52,186,0.00425,0.01521,0.47404,0.26655,18.50401,12.73075
COMPANY_618908_PODD,2024,Q2,12752,37,182,0.0029,0.01427,0.38185,0.24826,17.96822,13.13477
COMPANY_687261_BG,2023,Q2,10777,16,213,0.00148,0.01976,0.61149,0.35821,20.03117,12.6905
COMPANY_687261_BG,2023,Q3,9160,22,150,0.0024,0.01638,0.56955,0.26968,19.82614,13.64777
COMPANY_687261_BG,2023,Q4,10209,22,192,0.00215,0.01881,0.47987,0.30461,17.58728,13.99567
COMPANY_687261_BG,2024,Q1,8376,11,126,0.00131,0.01504,0.45421,0.17766,18.11099,13.10849
COMPANY_687261_BG,2024,Q2,7960,19,135,0.00239,0.01696,0.43274,0.31661,16.5397,10.2991
COMPANY_687261_BG,2024,Q3,8334,9,132,0.00108,0.01584,0.38053,0.33782,23.68235,12.30175
COMPANY_687261_BG,2024,Q4,10248,34,187,0.00332,0.01825,0.36414,0.21611,15.49339,11.28491
COMPANY_687261_BG,2025,Q1,7989,15,168,0.00188,0.02103,0.31311,0.29168,15.09072,10.92398
COMPANY_739693_MDLZ,2023,Q1,9491,25,170,0.00263,0.01791,0.41127,0.35948,16.90784,11.79451
COMPANY_739693_MDLZ,2023,Q2,9509,14,120,0.00147,0.01262,0.47384,0.31926,18.43171,9.19769
COMPANY_739693_MDLZ,2023,Q3,10095,24,131,0.00238,0.01298,0.36233,0.31937,15.83103,11.55088
COMPANY_739693_MDLZ,2023,Q4,10292,29,159,0.00282,0.01545,0.43786,0.30456,18.63282,11.18226
COMPANY_739693_MDLZ,2024,Q1,9094,18,124,0.00198,0.01364,0.44542,0.33434,18.20228,11.92709
COMPANY_739693_MDLZ,2024,Q2,9454,18,136,0.0019,0.01439,0.57039,0.36853,18.30018,11.52479
COMPANY_739693_MDLZ,2024,Q3,9195,13,124,0.00141,0.01349,0.47952,0.3907,18.19084,11.61611
COMPANY_739693_MDLZ,2024,Q4,9679,28,138,0.00289,0.01426,0.43125,0.30474,19.0659,11.65256
COMPANY_739693_MDLZ,2025,Q1,9952,23,115,0.00231,0.01156,0.32671,0.39038,17.22252,11.57961
COMPANY_740535_NDAQ,2023,Q1,13027,168,242,0.0129,0.01858,0.36216,0.36314,19.23935,14.86976
COMPANY_740535_NDAQ,2023,Q2,11323,127,176,0.01122,0.01554,0.41579,0.34447,18.96214,14.56413
COMPANY_740535_NDAQ,2023,Q3,10953,142,207,0.01296,0.0189,0.46341,0.35049,18.52108,14.80671
COMPANY_6569181_PM,2025,Q1,8490,12,120,0.00141,0.01413,0.49296,0.31295,19.9667,12.8651
COMPANY_658776_JPM,2023,Q1,10185,11,171,0.00108,0.01679,0.4806,0.1766,9.55676,11.77942
COMPANY_658776_JPM,2023,Q2,11483,14,214,0.00122,0.01864,0.20813,0.25041,17.01898,13.48644
COMPANY_658776_JPM,2023,Q3,11582,17,215,0.00147,0.01856,0.27652,0.25526,16.74229,12.78788
COMPANY_658776_JPM,2023,Q4,8908,25,160,0.00281,0.01796,0.38609,0.23463,19.14204,13.55081
COMPANY_658776_JPM,2024,Q1,11948,10,195,0.00084,0.01632,0.30392,0.2362,15.7472,13.66459
COMPANY_658776_JPM,2024,Q2,10661,7,168,0.00066,0.01576,0.3629,0.24933,19.05926,13.53025
COMPANY_658776_JPM,2024,Q3,12666,23,184,0.00182,0.01453,0.30398,0.23967,14.83622,12.05501
COMPANY_658776_JPM,2024,Q4,9517,21,158,0.00221,0.0166,0.33147,0.33752,18.38834,14.04677
COMPANY_658776_JPM,2025,Q1,12211,26,259,0.00213,0.02121,0.39523,0.21888,15.86466,12.50893
COMPANY_671980_BX,2023,Q1,12169,44,217,0.00362,0.01783,0.4142,0.31292,15.09216,12.42705
COMPANY_671980_BX,2023,Q2,11010,46,145,0.00418,0.01317,0.39805,0.2404,17.80921,12.5704
COMPANY_671980_BX,2023,Q3,11679,51,186,0.00437,0.01593,0.44901,0.32091,18.42549,13.67711
COMPANY_671980_BX,2023,Q4,10881,36,186,0.00331,0.01709,0.5035,0.24862,18.2309,13.04969
COMPANY_671980_BX,2024,Q1,11412,80,162,0.00701,0.0142,0.47183,0.28277,18.81037,14.34219
COMPANY_671980_BX,2024,Q2,10914,59,166,0.00541,0.01521,0.34864,0.3528,17.22113,12.64807
COMPANY_671980_BX,2024,Q3,11383,68,179,0.00597,0.01573,0.45496,0.38496,18.94042,12.6018
COMPANY_671980_BX,2024,Q4,13147,95,210,0.00723,0.01597,0.38553,0.31999,17.60508,12.0766
COMPANY_671980_BX,2025,Q1,11191,67,200,0.00599,0.01787,0.49282,0.29575,18.77504,14.25459
COMPANY_687261_BG,2023,Q1,10658,28,156,0.00263,0.01464,0.41359,0.31498,17.99055,12.17441
COMPANY_618908_PODD,2024,Q3,11984,45,151,0.00376,0.0126,0.4722,0.29277,17.24694,11.90395
COMPANY_618908_PODD,2024,Q4,10465,44,142,0.0042,0.01357,0.37949,0.30916,16.56886,12.39402
COMPANY_618908_PODD,2025,Q1,8659,49,122,0.00566,0.01409,0.4568,0.35121,17.58747,12.84197
COMPANY_620281_CARR,2023,Q1,12893,106,229,0.00822,0.01776,0.43496,0.36875,17.82235,9.96811
COMPANY_620281_CARR,2023,Q2,11310,40,194,0.00354,0.01715,0.31694,0.29698,18.5992,9.96525
COMPANY_620281_CARR,2023,Q3,11249,34,184,0.00302,0.01636,0.4764,0.25394,17.61481,11.65311
COMPANY_620281_CARR,2023,Q4,11836,35,196,0.00296,0.01656,0.38218,0.27564,17.43097,8.82557
COMPANY_620281_CARR,2024,Q1,11024,58,150,0.00526,0.01361,0.39081,0.26918,18.0479,10.27404
COMPANY_620281_CARR,2024,Q2,11190,61,199,0.00545,0.01778,0.42901,0.31913,18.18181,7.94395
COMPANY_620281_CARR,2024,Q3,11439,43,186,0.00376,0.01626,0.41115,0.28029,18.4889,8.82726
COMPANY_620281_CARR,2024,Q4,11243,43,160,0.00382,0.01423,0.45854,0.28488,18.25748,11.40757
COMPANY_620281_CARR,2025,Q1,11952,21,212,0.00176,0.01774,0.40872,0.31568,18.92261,8.99378
COMPANY_6477196_MA,2023,Q1,10867,104,162,0.00957,0.01491,0.44876,0.30488,17.22121,11.67362
COMPANY_6477196_MA,2023,Q2,10890,125,144,0.01148,0.01322,0.28003,0.25791,16.4496,12.1439
COMPANY_6477196_MA,2023,Q3,11444,94,179,0.00821,0.01564,0.44364,0.22506,16.79864,10.74865
COMPANY_6477196_MA,2023,Q4,11144,133,151,0.01193,0.01355,0.37083,0.27316,17.60659,12.9292
COMPANY_6477196_MA,2024,Q1,11367,101,151,0.00889,0.01328,0.47785,0.2706,18.21122,12.78021
COMPANY_6477196_MA,2024,Q2,11648,107,141,0.00919,0.01211,0.29218,0.28507,16.66187,11.63359
COMPANY_6477196_MA,2024,Q3,11731,89,159,0.00759,0.01355,0.30909,0.29595,17.57983,11.5778
COMPANY_6477196_MA,2024,Q4,11881,87,158,0.00732,0.0133,0.35679,0.25455,16.73826,11.46583
COMPANY_740535_NDAQ,2023,Q4,11667,126,163,0.0108,0.01397,0.36889,0.35832,17.10083,13.72588
COMPANY_740535_NDAQ,2024,Q1,13720,135,192,0.00984,0.01399,0.40212,0.40016,19.08402,14.89055
COMPANY_740535_NDAQ,2024,Q2,11452,87,167,0.0076,0.01458,0.52153,0.37547,19.64426,13.68499
COMPANY_740535_NDAQ,2024,Q3,11609,100,183,0.00861,0.01576,0.34004,0.39202,18.82793,14.26336
COMPANY_740535_NDAQ,2024,Q4,12329,161,170,0.01306,0.01379,0.39048,0.39061,18.7859,13.58887
COMPANY_740535_NDAQ,2025,Q1,11337,137,167,0.01208,0.01473,0.40408,0.36562,18.62625,13.97257
COMPANY_768440_DD,2023,Q1,10874,35,238,0.00322,0.02189,0.46174,0.27989,19.12136,9.68019
COMPANY_768440_DD,2023,Q2,9817,29,218,0.00295,0.02221,0.47193,0.23565,19.68435,10.0571
COMPANY_768440_DD,2023,Q3,11308,30,264,0.00265,0.02335,0.34575,0.27866,18.25681,10.92502
COMPANY_768440_DD,2023,Q4,11012,31,290,0.00282,0.02633,0.39062,0.27782,18.33914,10.36668
COMPANY_768440_DD,2024,Q1,8575,20,167,0.00233,0.01948,0.43373,0.27537,16.84164,11.57806
COMPANY_768440_DD,2024,Q2,9641,32,200,0.00332,0.02074,0.42949,0.31314,19.24796,11.41507
COMPANY_768440_DD,2024,Q3,8156,29,170,0.00356,0.02084,0.46498,0.25758,18.23496,11.62505
COMPANY_768440_DD,2024,Q4,8550,25,171,0.00292,0.02,0.48438,0.27425,17.42927,11.74322
COMPANY_768440_DD,2025,Q1,10858,36,208,0.00332,0.01916,0.42974,0.28121,20.21955,10.15833
COMPANY_7844318_MSCI,2023,Q1,12559,28,244,0.00223,0.01943,0.15252,0.30003,18.97371,12.11766
COMPANY_7844318_MSCI,2023,Q2,11511,41,221,0.00356,0.0192,0.37969,0.32964,19.31423,12.75097
COMPANY_7844318_MSCI,2023,Q3,10141,40,196,0.00394,0.01933,0.57434,0.33702,22.08409,12.59046
COMPANY_7844318_MSCI,2023,Q4,10051,81,145,0.00806,0.01443,0.39289,0.37049,18.71242,12.70021
COMPANY_7844318_MSCI,2024,Q1,8697,58,142,0.00667,0.01633,0.45035,0.32899,18.80213,12.14783
COMPANY_792424_LYB,2024,Q4,9803,50,164,0.0051,0.01673,0.49459,0.3161,19.6264,14.92615
COMPANY_792424_LYB,2025,Q1,9684,46,185,0.00475,0.0191,0.39294,0.25158,18.23832,14.47837
COMPANY_7959935_VST,2023,Q1,8769,18,173,0.00205,0.01973,0.51265,0.32314,16.28967,12.35819
COMPANY_7959935_VST,2023,Q2,10498,15,183,0.00143,0.01743,0.3676,0.26459,16.20285,12.53131
COMPANY_7959935_VST,2023,Q3,9096,15,158,0.00165,0.01737,0.34839,0.3803,18.43675,14.00625
COMPANY_7959935_VST,2023,Q4,8950,12,155,0.00134,0.01732,0.36043,0.36409,21.98993,13.0198
COMPANY_7959935_VST,2024,Q1,10333,21,175,0.00203,0.01694,0.24571,0.28537,16.14069,14.43404
COMPANY_7959935_VST,2024,Q2,9774,15,167,0.00153,0.01709,0.46008,0.31883,17.5147,13.41266
COMPANY_7959935_VST,2024,Q3,9719,23,163,0.00237,0.01677,0.38182,0.31566,18.3104,14.84823
COMPANY_7959935_VST,2024,Q4,11446,21,176,0.00183,0.01538,0.38356,0.27743,20.65465,13.64679
COMPANY_7959935_VST,2025,Q1,10828,31,189,0.00286,0.01745,0.4505,0.31657,18.28707,14.05292
COMPANY_8057672_EXR,2023,Q1,6090,9,113,0.00148,0.01856,0.40597,0.24607,17.37518,12.12522
COMPANY_8057672_EXR,2023,Q2,9584,29,216,0.00303,0.02254,0.29241,0.21566,15.9138,10.96011
COMPANY_8057672_EXR,2023,Q3,7561,19,163,0.00251,0.02156,0.25361,0.15665,14.44836,12.15723
COMPANY_8057672_EXR,2023,Q4,9245,15,201,0.00162,0.02174,0.41383,0.22349,15.12624,9.50205
COMPANY_8057672_EXR,2024,Q1,8608,21,176,0.00244,0.02045,0.3477,0.24966,16.29702,11.94376
COMPANY_8057672_EXR,2024,Q2,8106,14,187,0.00173,0.02307,0.30555,0.21578,15.27553,10.3612
COMPANY_8057672_EXR,2024,Q3,8447,10,173,0.00118,0.02048,0.13451,0.17183,13.59517,10.51571
COMPANY_8057672_EXR,2024,Q4,9844,16,206,0.00163,0.02093,0.26358,0.24997,16.92577,10.07169
COMPANY_8057672_EXR,2025,Q1,9524,19,260,0.00199,0.0273,0.32273,0.25393,14.74356,9.39841
COMPANY_7844318_MSCI,2024,Q2,9562,59,149,0.00617,0.01558,0.47932,0.31455,19.52247,14.68571
COMPANY_7844318_MSCI,2024,Q3,11080,65,182,0.00587,0.01643,0.52602,0.36796,19.30965,13.02658
COMPANY_7844318_MSCI,2024,Q4,11749,58,207,0.00494,0.01762,0.55232,0.40784,18.45296,13.38685
COMPANY_7844318_MSCI,2025,Q1,11168,53,220,0.00475,0.0197,0.33971,0.28301,15.46546,12.80216
COMPANY_78749412_GNRC,2023,Q1,16047,94,228,0.00586,0.01421,0.42371,0.27038,21.80221,15.09903
COMPANY_78749412_GNRC,2023,Q2,14995,53,278,0.00353,0.01854,0.47935,0.24026,20.85717,13.85327
COMPANY_78749412_GNRC,2023,Q3,11621,43,181,0.0037,0.01558,0.64109,0.29832,23.22686,12.87366
COMPANY_78749412_GNRC,2023,Q4,16261,86,260,0.00529,0.01599,0.56059,0.2692,22.2674,12.80098
COMPANY_78749412_GNRC,2024,Q1,13319,45,241,0.00338,0.01809,0.5695,0.29414,24.2829,14.46129
COMPANY_78749412_GNRC,2024,Q2,12456,56,200,0.0045,0.01606,0.57802,0.3187,22.65982,13.58165
COMPANY_78749412_GNRC,2024,Q3,12054,50,183,0.00415,0.01518,0.41096,0.30082,21.21857,14.15374
COMPANY_78749412_GNRC,2024,Q4,14843,63,193,0.00424,0.013,0.53172,0.34621,21.42329,13.93553
COMPANY_78749412_GNRC,2025,Q1,12484,50,208,0.00401,0.01666,0.46585,0.26619,20.42851,14.46497
COMPANY_792424_LYB,2023,Q1,9860,66,162,0.00669,0.01643,0.40592,0.32869,18.33988,12.9673
COMPANY_792424_LYB,2023,Q2,9972,80,170,0.00802,0.01705,0.432,0.28249,18.15677,13.72719
COMPANY_792424_LYB,2023,Q3,9512,54,177,0.00568,0.01861,0.40237,0.34691,19.08133,13.2498
COMPANY_792424_LYB,2023,Q4,9854,61,168,0.00619,0.01705,0.44875,0.26288,18.52126,13.94415
COMPANY_792424_LYB,2024,Q1,9720,52,172,0.00535,0.0177,0.49467,0.32652,18.85855,15.42554
COMPANY_792424_LYB,2024,Q2,9841,43,140,0.00437,0.01423,0.36261,0.35399,17.48841,14.28111
COMPANY_792424_LYB,2024,Q3,9411,63,155,0.00669,0.01647,0.37913,0.30863,18.69637,14.14903
COMPANY_816889_REG,2023,Q2,10602,21,227,0.00198,0.02141,0.43964,0.28664,18.81518,12.33848
COMPANY_816889_REG,2023,Q3,10394,13,190,0.00125,0.01828,0.56362,0.26219,15.81335,12.84153
COMPANY_816889_REG,2023,Q4,12202,13,263,0.00107,0.02155,0.58226,0.31985,16.64624,10.99821
COMPANY_816889_REG,2024,Q1,12453,24,228,0.00193,0.01831,0.50377,0.27615,17.33771,12.88081
COMPANY_816889_REG,2024,Q2,8405,9,183,0.00107,0.02177,0.51931,0.33919,19.55336,13.00064
COMPANY_816889_REG,2024,Q3,9067,10,186,0.0011,0.02051,0.45684,0.29049,17.00365,11.37676
COMPANY_816889_REG,2024,Q4,9233,11,164,0.00119,0.01776,0.48512,0.33854,19.33743,12.88325
COMPANY_816889_REG,2025,Q1,8813,12,183,0.00136,0.02076,0.40238,0.2763,21.16301,11.98627
COMPANY_885779_AXON,2023,Q1,10659,47,168,0.00441,0.01576,0.36162,0.32764,17.03142,12.2161
COMPANY_885779_AXON,2023,Q2,11229,44,132,0.00392,0.01176,0.2913,0.32018,17.82147,13.73276
COMPANY_885779_AXON,2023,Q3,11431,45,140,0.00394,0.01225,0.462,0.34567,19.26471,11.79975
COMPANY_885779_AXON,2023,Q4,11707,45,174,0.00384,0.01486,0.45364,0.35559,18.24305,12.43097
COMPANY_885779_AXON,2024,Q1,9645,42,125,0.00435,0.01296,0.3098,0.30664,19.9692,12.36925
COMPANY_885779_AXON,2024,Q2,12469,47,169,0.00377,0.01355,0.33626,0.31273,15.47282,10.79081
COMPANY_885779_AXON,2024,Q3,12945,40,191,0.00309,0.01475,0.336,0.34152,15.93779,11.73408
COMPANY_885779_AXON,2024,Q4,12833,46,177,0.00358,0.01379,0.37867,0.35403,18.14362,11.34435
COMPANY_885779_AXON,2025,Q1,12620,44,208,0.00349,0.01648,0.35326,0.32862,19.53902,11.62178
COMPANY_890498_MOS,2023,Q1,7977,8,149,0.001,0.01868,0.35885,0.16148,14.61728,11.63134
COMPANY_890498_MOS,2023,Q2,8968,22,169,0.00245,0.01884,0.27528,0.2272,16.54853,11.77558
COMPANY_890498_MOS,2023,Q3,9833,38,185,0.00386,0.01881,0.37799,0.24629,16.8777,12.17069
COMPANY_890498_MOS,2023,Q4,8531,17,176,0.00199,0.02063,0.40986,0.25865,16.10584,13.49654
COMPANY_890498_MOS,2024,Q1,9642,16,172,0.00166,0.01784,0.28023,0.21177,16.95714,13.79898
COMPANY_890498_MOS,2024,Q2,10755,18,211,0.00167,0.01962,0.36954,0.23878,15.99307,12.54531
COMPANY_890498_MOS,2024,Q3,9950,19,195,0.00191,0.0196,0.29861,0.20678,19.42295,12.83105
COMPANY_890498_MOS,2024,Q4,9537,19,145,0.00199,0.0152,0.31569,0.214,15.88982,12.4661
COMPANY_890498_MOS,2025,Q1,10001,16,218,0.0016,0.0218,0.21624,0.22298,17.61969,12.15623
COMPANY_89450_CLX,2023,Q1,9606,15,217,0.00156,0.02259,0.41301,0.19037,15.66075,12.68599
COMPANY_89450_CLX,2023,Q2,11972,9,238,0.00075,0.01988,0.51896,0.23266,18.41116,12.25811
COMPANY_89450_CLX,2023,Q3,12196,21,243,0.00172,0.01992,0.22908,0.22006,16.79282,13.02526
COMPANY_89450_CLX,2023,Q4,12114,21,228,0.00173,0.01882,0.52049,0.28339,19.97736,13.17215
COMPANY_89450_CLX,2024,Q1,8806,21,193,0.00238,0.02192,0.41444,0.21331,18.96916,14.39602
COMPANY_89450_CLX,2024,Q2,12425,22,241,0.00177,0.0194,0.26776,0.26203,17.58075,13.80467
COMPANY_89450_CLX,2024,Q3,9491,12,193,0.00126,0.02034,0.31276,0.27275,19.92975,12.54001
COMPANY_89450_CLX,2024,Q4,13416,33,238,0.00246,0.01774,0.48333,0.26598,17.1272,13.37846
COMPANY_89450_CLX,2025,Q1,11917,10,220,0.00084,0.01846,0.47933,0.2718,17.67877,11.81796
COMPANY_89450_CLX,2025,Q2,13680,60,287,0.00439,0.02098,0.35803,0.27475,17.24525,11.83884
COMPANY_89450_CLX,2025,Q3,12182,24,234,0.00197,0.01921,0.50815,0.28272,17.25539,11.43623
COMPANY_90323_FFIV,2023,Q1,10662,89,208,0.00835,0.01951,0.32521,0.24236,20.23259,13.72723
COMPANY_90323_FFIV,2023,Q2,8720,29,131,0.00333,0.01502,0.30973,0.28163,22.95784,13.37208
COMPANY_90323_FFIV,2023,Q3,9903,74,158,0.00747,0.01595,0.39739,0.25087,19.77307,14.03669
COMPANY_8106523_TEL,2023,Q1,10730,25,218,0.00233,0.02032,0.4307,0.27281,16.56611,11.93858
COMPANY_8106523_TEL,2023,Q2,11703,43,243,0.00367,0.02076,0.42721,0.27638,17.82763,12.90028
COMPANY_8106523_TEL,2023,Q3,10832,37,210,0.00342,0.01939,0.37423,0.28885,16.87082,12.36857
COMPANY_8106523_TEL,2023,Q4,10578,44,186,0.00416,0.01758,0.40943,0.27831,17.80812,11.60069
COMPANY_8106523_TEL,2024,Q1,11208,39,203,0.00348,0.01811,0.49787,0.30818,17.82546,12.04681
COMPANY_8106523_TEL,2024,Q2,10122,54,167,0.00533,0.0165,0.50101,0.27837,17.53371,14.10795
COMPANY_8106523_TEL,2024,Q3,10756,67,192,0.00623,0.01785,0.48359,0.29879,17.73941,11.63344
COMPANY_8106523_TEL,2024,Q4,10709,56,197,0.00523,0.0184,0.41344,0.32494,16.3018,11.49186
COMPANY_8106523_TEL,2025,Q1,9994,72,189,0.0072,0.01891,0.45227,0.27543,18.7766,11.31342
COMPANY_8106523_TEL,2025,Q2,10295,46,206,0.00447,0.02001,0.34974,0.22689,16.3061,11.17243
COMPANY_813574_GPN,2023,Q1,12029,85,182,0.00707,0.01513,0.462,0.38784,19.89759,13.29794
COMPANY_813574_GPN,2023,Q2,12759,175,214,0.01372,0.01677,0.50229,0.49472,21.81897,17.06975
COMPANY_813574_GPN,2023,Q3,11846,148,222,0.01249,0.01874,0.49192,0.39899,18.70134,14.53162
COMPANY_813574_GPN,2023,Q4,11949,147,179,0.0123,0.01498,0.57256,0.46691,23.43102,17.26678
COMPANY_813574_GPN,2024,Q1,11795,145,181,0.01229,0.01535,0.46193,0.41742,21.21833,16.31523
COMPANY_813574_GPN,2024,Q2,12154,156,190,0.01284,0.01563,0.49601,0.37915,21.82465,14.72098
COMPANY_813574_GPN,2024,Q3,13126,126,218,0.0096,0.01661,0.48747,0.41058,20.18918,14.41353
COMPANY_813574_GPN,2024,Q4,12393,215,219,0.01735,0.01767,0.47719,0.41614,21.20153,16.42297
COMPANY_813574_GPN,2025,Q1,14354,277,223,0.0193,0.01554,0.45668,0.45689,21.00525,16.98059
COMPANY_816889_REG,2023,Q1,11424,12,213,0.00105,0.01864,0.37678,0.27857,19.34355,11.48349
COMPANY_99186_MSI,2025,Q1,10127,66,204,0.00652,0.02014,0.44987,0.32623,19.28583,13.47991
COMPANY_997111_AOS,2023,Q1,7876,5,155,0.00063,0.01968,0.37795,0.26847,18.91315,9.41069
COMPANY_997111_AOS,2023,Q2,7683,8,115,0.00104,0.01497,0.50913,0.2537,17.53081,11.81659
COMPANY_997111_AOS,2023,Q3,4621,7,90,0.00151,0.01948,0.41692,0.25755,15.63451,12.5853
COMPANY_997111_AOS,2023,Q4,7776,11,125,0.00141,0.01608,0.43198,0.28515,20.19618,9.53909
COMPANY_997111_AOS,2024,Q1,7697,13,132,0.00169,0.01715,0.4053,0.21889,15.93137,9.59194
COMPANY_997111_AOS,2024,Q2,8064,11,138,0.00136,0.01711,0.36402,0.28922,20.18273,10.17769
COMPANY_997111_AOS,2024,Q3,10167,21,189,0.00207,0.01859,0.46984,0.2836,16.57508,11.42774
COMPANY_997111_AOS,2024,Q4,11895,24,217,0.00202,0.01824,0.36307,0.29976,16.65376,11.3732
COMPANY_997111_AOS,2025,Q1,8905,15,187,0.00168,0.021,0.38665,0.309,16.95954,13.92943
COMPANY_90323_FFIV,2023,Q4,12496,85,193,0.0068,0.01544,0.42139,0.25103,19.81258,14.23067
COMPANY_90323_FFIV,2024,Q1,10200,99,169,0.00971,0.01657,0.33388,0.25404,19.79479,12.67972
COMPANY_90323_FFIV,2024,Q2,9526,142,142,0.01491,0.01491,0.31624,0.25441,20.16779,13.93558
COMPANY_90323_FFIV,2024,Q3,9641,145,162,0.01504,0.0168,0.41366,0.35857,19.74228,14.02256
COMPANY_90323_FFIV,2024,Q4,11573,130,174,0.01123,0.01503,0.36686,0.33178,19.53397,13.41781
COMPANY_90323_FFIV,2025,Q1,12066,120,213,0.00995,0.01765,0.328,0.3477,18.12581,11.50829
COMPANY_90323_FFIV,2025,Q2,10424,135,175,0.01295,0.01679,0.45497,0.30355,19.93107,13.28179
COMPANY_91093_CRL,2023,Q1,12881,54,240,0.00419,0.01863,0.37661,0.30576,19.19555,12.80908
COMPANY_91093_CRL,2023,Q2,13720,54,242,0.00394,0.01764,0.45897,0.30037,19.50202,13.07281
COMPANY_91093_CRL,2023,Q3,15675,30,294,0.00191,0.01876,0.30443,0.28542,17.6704,12.03192
COMPANY_91093_CRL,2023,Q4,13950,45,192,0.00323,0.01376,0.50511,0.32845,19.97092,15.48526
COMPANY_91093_CRL,2024,Q1,11568,21,178,0.00182,0.01539,0.43796,0.27915,20.06285,12.91034
COMPANY_91093_CRL,2024,Q2,13470,47,182,0.00349,0.01351,0.38889,0.18813,19.34334,13.24439
COMPANY_91093_CRL,2024,Q3,14498,46,248,0.00317,0.01711,0.36985,0.27512,19.76008,13.86227
COMPANY_91093_CRL,2024,Q4,12329,54,220,0.00438,0.01784,0.35491,0.22371,19.52505,13.06004
COMPANY_91093_CRL,2025,Q1,14226,88,200,0.00619,0.01406,0.42405,0.24965,20.40296,14.21576
COMPANY_92001_AXP,2023,Q1,10326,10,121,0.00097,0.01172,0.28972,0.34149,16.17242,11.9693
COMPANY_92001_AXP,2023,Q2,10154,35,157,0.00345,0.01546,0.31011,0.35067,16.30596,12.15774
COMPANY_92001_AXP,2023,Q3,8806,27,153,0.00307,0.01737,0.33254,0.3678,16.86366,12.34759
COMPANY_92001_AXP,2023,Q4,9983,36,159,0.00361,0.01593,0.47091,0.34974,16.77613,12.26376
COMPANY_93339_TMUS,2024,Q2,11933,79,216,0.00662,0.0181,0.45261,0.34074,15.68287,10.38665
COMPANY_93339_TMUS,2024,Q3,12130,56,211,0.00462,0.01739,0.33419,0.32761,15.65624,10.00268
COMPANY_93339_TMUS,2024,Q4,11407,102,202,0.00894,0.01771,0.41941,0.37514,17.10466,12.903
COMPANY_93339_TMUS,2025,Q1,12211,42,167,0.00344,0.01368,0.46636,0.2942,15.6551,9.84517
COMPANY_934467_NXPI,2023,Q1,9540,28,198,0.00294,0.02075,0.30151,0.20893,17.40414,12.45489
COMPANY_934467_NXPI,2023,Q2,10177,24,236,0.00236,0.02319,0.32587,0.21312,20.24166,11.59517
COMPANY_934467_NXPI,2023,Q3,9702,27,200,0.00278,0.02061,0.10475,0.23095,16.32364,12.42554
COMPANY_934467_NXPI,2023,Q4,10246,32,240,0.00312,0.02342,0.29147,0.19343,16.11198,12.5574
COMPANY_934467_NXPI,2024,Q1,10323,37,222,0.00358,0.02151,0.12796,0.16333,16.00915,12.71726
COMPANY_934467_NXPI,2024,Q2,10041,27,198,0.00269,0.01972,0.07314,0.20111,15.85147,11.00793
COMPANY_934467_NXPI,2024,Q3,10651,21,238,0.00197,0.02235,0.29383,0.21668,17.9935,12.53785
COMPANY_934467_NXPI,2024,Q4,9645,55,224,0.0057,0.02322,0.24677,0.14534,17.83965,12.28617
COMPANY_934467_NXPI,2025,Q1,9810,43,199,0.00438,0.02029,0.37735,0.19614,17.25047,12.75253
COMPANY_93624_WBA,2023,Q1,10447,24,129,0.0023,0.01235,0.34027,0.24935,15.73313,12.16068
COMPANY_93624_WBA,2023,Q2,9940,24,119,0.00241,0.01197,0.4326,0.27777,16.6381,11.58918
COMPANY_93624_WBA,2023,Q3,11510,53,150,0.0046,0.01303,0.45241,0.30289,17.27051,12.81674
COMPANY_93624_WBA,2023,Q4,10007,41,124,0.0041,0.01239,0.51084,0.33592,19.09588,13.05416
COMPANY_93624_WBA,2024,Q1,10876,61,143,0.00561,0.01315,0.43576,0.361,17.25303,12.57223
COMPANY_93624_WBA,2024,Q2,10858,59,178,0.00543,0.01639,0.47187,0.35201,19.44238,14.12563
COMPANY_93624_WBA,2024,Q3,11537,47,156,0.00407,0.01352,0.3027,0.32592,17.05235,13.48521
COMPANY_96161_OMC,2023,Q2,8076,60,133,0.00743,0.01647,0.30957,0.25143,18.3879,11.42132
COMPANY_96161_OMC,2023,Q3,7729,14,124,0.00181,0.01604,0.29971,0.30391,18.08417,12.41199
COMPANY_96161_OMC,2023,Q4,9379,44,119,0.00469,0.01269,0.43723,0.34254,18.34635,13.07515
COMPANY_96161_OMC,2024,Q1,9226,67,173,0.00726,0.01875,0.38114,0.25059,20.87577,12.79735
COMPANY_96161_OMC,2024,Q2,9814,51,172,0.0052,0.01753,0.43577,0.31856,19.82978,13.52562
COMPANY_96161_OMC,2024,Q3,8799,39,126,0.00443,0.01432,0.47944,0.38585,20.53976,12.52986
COMPANY_96161_OMC,2024,Q4,8559,52,134,0.00608,0.01566,0.41436,0.31778,18.69828,13.03287
COMPANY_96161_OMC,2025,Q1,8969,32,131,0.00357,0.01461,0.34853,0.18148,17.28005,11.77216
COMPANY_97023_TMO,2023,Q1,9950,38,159,0.00382,0.01598,0.47396,0.38796,17.76869,10.85248
COMPANY_97023_TMO,2023,Q2,10835,40,180,0.00369,0.01661,0.28018,0.3114,17.45327,13.68752
COMPANY_97023_TMO,2023,Q3,10106,37,148,0.00366,0.01464,0.37891,0.36696,19.51239,13.81837
COMPANY_97023_TMO,2023,Q4,10428,37,139,0.00355,0.01333,0.48311,0.38365,20.79814,13.46469
COMPANY_97023_TMO,2024,Q1,9513,38,146,0.00399,0.01535,0.53619,0.34178,17.80949,11.85704
COMPANY_97023_TMO,2024,Q2,9749,40,134,0.0041,0.01374,0.46385,0.38086,18.45159,12.05289
COMPANY_97023_TMO,2024,Q3,10740,41,155,0.00382,0.01443,0.50323,0.35834,19.0561,11.45502
COMPANY_97023_TMO,2024,Q4,10467,52,135,0.00497,0.0129,0.50497,0.40528,18.98639,12.28101
COMPANY_97023_TMO,2025,Q1,10912,36,163,0.0033,0.01494,0.48826,0.2775,18.11894,12.34131
COMPANY_97199_NOC,2023,Q1,9063,53,171,0.00585,0.01887,0.34787,0.31499,17.73208,13.41229
COMPANY_97199_NOC,2023,Q2,9203,27,202,0.00293,0.02195,0.51715,0.32921,17.32779,11.63791
COMPANY_97199_NOC,2023,Q3,9500,30,158,0.00316,0.01663,0.38347,0.27561,17.4609,12.1543
COMPANY_92001_AXP,2024,Q1,8444,20,148,0.00237,0.01753,0.33569,0.30576,14.02631,10.85176
COMPANY_92001_AXP,2024,Q2,8567,23,125,0.00268,0.01459,0.49545,0.36956,20.20759,11.25235
COMPANY_92001_AXP,2024,Q3,8965,30,132,0.00335,0.01472,0.46685,0.34904,16.10828,12.26272
COMPANY_92001_AXP,2024,Q4,10490,28,158,0.00267,0.01506,0.50935,0.34883,17.99019,12.31102
COMPANY_92001_AXP,2025,Q1,9688,50,163,0.00516,0.01682,0.2552,0.18969,15.19278,12.82634
COMPANY_92817_COST,2023,Q1,11327,6,149,0.00053,0.01315,0.13338,0.20365,14.74579,11.78481
COMPANY_92817_COST,2023,Q2,11089,5,155,0.00045,0.01398,0.00455,0.17695,16.4145,12.22844
COMPANY_92817_COST,2023,Q3,12236,12,137,0.00098,0.0112,0.30728,0.19019,17.18536,11.64064
COMPANY_92817_COST,2023,Q4,11136,6,188,0.00054,0.01688,0.07025,0.23829,9.53279,11.36817
COMPANY_92817_COST,2024,Q1,10748,2,175,0.00019,0.01628,0.1366,0.18817,8.0,11.21819
COMPANY_92817_COST,2024,Q2,13166,5,169,0.00038,0.01284,0.05848,0.24079,12.55634,10.96073
COMPANY_92817_COST,2024,Q3,12720,35,200,0.00275,0.01572,0.4043,0.2883,16.1223,9.24664
COMPANY_92817_COST,2024,Q4,11117,22,154,0.00198,0.01385,0.36318,0.24772,18.21736,9.6447
COMPANY_92817_COST,2025,Q1,12392,20,203,0.00161,0.01638,0.47726,0.25814,15.87469,9.38289
COMPANY_92817_COST,2025,Q2,11966,23,161,0.00192,0.01345,0.32676,0.24926,16.28264,8.83193
COMPANY_93339_TMUS,2023,Q1,12853,69,208,0.00537,0.01618,0.56172,0.35172,17.47967,11.33791
COMPANY_93339_TMUS,2023,Q2,11804,87,207,0.00737,0.01754,0.38106,0.33276,16.63016,11.23596
COMPANY_93339_TMUS,2023,Q3,12365,96,238,0.00776,0.01925,0.4784,0.31123,17.48714,11.50559
COMPANY_93339_TMUS,2023,Q4,12436,101,253,0.00812,0.02034,0.42408,0.33683,16.96548,11.55543
COMPANY_93339_TMUS,2024,Q1,12375,88,192,0.00711,0.01552,0.38311,0.34763,14.99675,11.18008
COMPANY_94728_TER,2023,Q1,10703,44,219,0.00411,0.02046,0.21604,0.21055,17.17885,10.2776
COMPANY_94728_TER,2023,Q2,9638,45,195,0.00467,0.02023,0.20329,0.23533,16.33274,11.13553
COMPANY_94728_TER,2023,Q3,9821,42,196,0.00428,0.01996,0.25169,0.21193,15.49,10.23696
COMPANY_94728_TER,2023,Q4,9996,51,185,0.0051,0.01851,0.28512,0.24581,15.66462,11.78105
COMPANY_94728_TER,2024,Q1,10059,37,142,0.00368,0.01412,0.27767,0.18728,16.75279,11.98983
COMPANY_94728_TER,2024,Q2,11344,81,215,0.00714,0.01895,0.32406,0.26209,15.7895,10.94626
COMPANY_94728_TER,2024,Q3,10959,59,172,0.00538,0.01569,0.28415,0.27081,18.25428,12.04104
COMPANY_94728_TER,2024,Q4,12406,81,232,0.00653,0.0187,0.31669,0.27966,15.91081,11.07109
COMPANY_94728_TER,2025,Q1,7388,33,136,0.00447,0.01841,0.35629,0.18822,19.28947,12.28195
COMPANY_96078_JBL,2023,Q1,9334,31,132,0.00332,0.01414,0.39275,0.23912,18.67405,12.22199
COMPANY_96078_JBL,2023,Q2,8113,22,148,0.00271,0.01824,0.40444,0.29477,19.31893,12.3264
COMPANY_96078_JBL,2023,Q3,8505,49,147,0.00576,0.01728,0.64361,0.41069,23.06004,12.76584
COMPANY_96078_JBL,2023,Q4,13249,88,225,0.00664,0.01698,0.52096,0.33542,18.59406,12.32675
COMPANY_96078_JBL,2024,Q1,10994,36,190,0.00327,0.01728,0.39921,0.25465,17.42316,11.38528
COMPANY_96078_JBL,2024,Q2,10365,59,158,0.00569,0.01524,0.46994,0.31414,19.47437,12.06459
COMPANY_96078_JBL,2024,Q3,8960,41,174,0.00458,0.01942,0.32326,0.21958,18.36174,11.01595
COMPANY_96078_JBL,2024,Q4,15745,212,246,0.01346,0.01562,0.47424,0.35954,19.75968,11.9531
COMPANY_96078_JBL,2025,Q1,9384,96,172,0.01023,0.01833,0.3186,0.31078,15.96482,10.5746
COMPANY_96078_JBL,2025,Q2,8455,78,162,0.00923,0.01916,0.37725,0.31972,16.76674,10.95413
COMPANY_96161_OMC,2023,Q1,7877,20,114,0.00254,0.01447,0.3752,0.3292,19.18318,12.11573
COMPANY_9830660_DOW,2024,Q1,9031,19,160,0.0021,0.01772,0.26666,0.2277,18.73122,12.90486
COMPANY_9830660_DOW,2024,Q2,10193,17,174,0.00167,0.01707,0.23565,0.27927,18.55237,12.51403
COMPANY_9830660_DOW,2024,Q3,9348,23,151,0.00246,0.01615,0.31815,0.28869,19.66053,12.12483
COMPANY_9830660_DOW,2024,Q4,9807,27,181,0.00275,0.01846,0.43618,0.26663,18.08976,12.45191
COMPANY_9830660_DOW,2025,Q1,10334,24,175,0.00232,0.01693,0.39224,0.22535,20.26354,13.4688
COMPANY_98506_CVX,2023,Q1,10265,22,246,0.00214,0.02396,0.16665,0.22328,15.05599,11.60219
COMPANY_98506_CVX,2023,Q2,9821,23,200,0.00234,0.02036,0.34763,0.16678,16.42411,12.49842
COMPANY_98506_CVX,2023,Q3,10107,16,229,0.00158,0.02266,0.12922,0.18696,15.55802,9.91168
COMPANY_98506_CVX,2023,Q4,9951,21,213,0.00211,0.0214,0.23422,0.25822,18.80424,14.04788
COMPANY_98506_CVX,2024,Q1,9226,33,174,0.00358,0.01886,0.29199,0.26077,16.4668,11.47022
COMPANY_98506_CVX,2024,Q2,9064,30,158,0.00331,0.01743,0.34897,0.30364,16.16946,11.25705
COMPANY_98506_CVX,2024,Q3,10756,30,176,0.00279,0.01636,0.33737,0.21503,17.98474,11.18172
COMPANY_98506_CVX,2024,Q4,12003,31,220,0.00258,0.01833,0.37353,0.29031,16.22787,11.15754
COMPANY_98506_CVX,2025,Q1,9007,13,215,0.00144,0.02387,0.30862,0.24519,18.93033,10.94304
COMPANY_98873_HSY,2023,Q1,7599,22,177,0.0029,0.02329,0.35608,0.30584,15.63508,10.37097
COMPANY_98873_HSY,2023,Q2,7734,7,208,0.00091,0.02689,0.32296,0.2355,20.75204,8.91784
COMPANY_98873_HSY,2023,Q3,8426,10,177,0.00119,0.02101,0.37901,0.31788,18.09154,10.69269
COMPANY_98873_HSY,2023,Q4,7568,33,160,0.00436,0.02114,0.27795,0.33524,15.81056,10.31006
COMPANY_98873_HSY,2024,Q1,6896,15,152,0.00218,0.02204,0.13423,0.21651,12.63092,10.70029
COMPANY_98873_HSY,2024,Q2,8727,20,218,0.00229,0.02498,0.3175,0.27873,17.22846,9.89152
COMPANY_93624_WBA,2024,Q4,11870,35,176,0.00295,0.01483,0.33506,0.30934,18.38276,14.20777
COMPANY_93624_WBA,2025,Q1,10248,44,142,0.00429,0.01386,0.53955,0.40429,19.71953,14.91597
COMPANY_93625_CVS,2023,Q1,10324,62,135,0.00601,0.01308,0.54077,0.39002,18.6669,12.75945
COMPANY_93625_CVS,2023,Q2,10340,51,146,0.00493,0.01412,0.53971,0.36318,20.8311,14.60798
COMPANY_93625_CVS,2023,Q3,11115,49,122,0.00441,0.01098,0.49604,0.34257,18.68595,13.62682
COMPANY_93625_CVS,2023,Q4,10940,49,166,0.00448,0.01517,0.38295,0.31713,16.66925,13.01677
COMPANY_93625_CVS,2024,Q1,11338,25,138,0.0022,0.01217,0.48304,0.27177,20.01168,14.15863
COMPANY_93625_CVS,2024,Q2,11316,36,177,0.00318,0.01564,0.47576,0.29512,20.87767,15.49744
COMPANY_93625_CVS,2024,Q3,10987,39,138,0.00355,0.01256,0.58945,0.35665,20.47029,15.94309
COMPANY_93625_CVS,2024,Q4,11282,63,152,0.00558,0.01347,0.44178,0.39951,20.70002,16.1519
COMPANY_93625_CVS,2025,Q1,11039,42,132,0.0038,0.01196,0.46592,0.35749,19.44573,14.92423
COMPANY_94614_SYK,2023,Q1,13188,19,206,0.00144,0.01562,0.36649,0.29408,15.58766,9.38328
COMPANY_94614_SYK,2023,Q2,12418,29,169,0.00234,0.01361,0.48371,0.32083,15.13214,9.32251
COMPANY_94614_SYK,2023,Q3,10443,38,175,0.00364,0.01676,0.39709,0.27057,14.98432,9.95184
COMPANY_94614_SYK,2023,Q4,15786,41,216,0.0026,0.01368,0.35504,0.33138,13.78731,9.24863
COMPANY_94614_SYK,2024,Q1,10659,34,165,0.00319,0.01548,0.37548,0.30907,15.55298,8.8505
COMPANY_94614_SYK,2024,Q2,14043,28,214,0.00199,0.01524,0.37179,0.26162,15.76465,8.29863
COMPANY_94614_SYK,2024,Q3,14029,41,235,0.00292,0.01675,0.40915,0.29383,16.20166,9.04129
COMPANY_94614_SYK,2024,Q4,13133,49,191,0.00373,0.01454,0.45389,0.30765,15.67934,9.84789
COMPANY_94614_SYK,2025,Q1,12441,24,202,0.00193,0.01624,0.40594,0.31748,14.58043,10.10169
COMPANY_98873_HSY,2024,Q3,7239,2,158,0.00028,0.02183,0.4908,0.28507,12.73651,9.00939
COMPANY_98873_HSY,2024,Q4,7785,15,184,0.00193,0.02364,0.25305,0.31273,12.88769,10.36457
COMPANY_98873_HSY,2025,Q1,8975,30,180,0.00334,0.02006,0.22149,0.32877,15.39202,9.71722
COMPANY_98885_PKG,2023,Q1,6909,20,135,0.00289,0.01954,0.38198,0.2264,14.66004,11.84266
COMPANY_98885_PKG,2023,Q2,7408,13,149,0.00175,0.02011,0.28113,0.2654,23.50214,13.04211
COMPANY_98885_PKG,2023,Q3,7392,25,138,0.00338,0.01867,0.28234,0.27919,17.49491,11.86912
COMPANY_98885_PKG,2023,Q4,9387,31,154,0.0033,0.01641,0.24288,0.28111,16.58964,9.9357
COMPANY_98885_PKG,2024,Q1,8700,29,170,0.00333,0.01954,0.27309,0.25738,15.68585,10.78257
COMPANY_98885_PKG,2024,Q2,6844,21,122,0.00307,0.01783,0.31747,0.21871,15.16796,10.12547
COMPANY_98885_PKG,2024,Q3,7328,21,121,0.00287,0.01651,0.28626,0.28406,16.06198,11.48345
COMPANY_98885_PKG,2024,Q4,11784,18,205,0.00153,0.0174,0.40036,0.25089,15.9218,10.04355
COMPANY_98885_PKG,2025,Q1,9487,21,156,0.00221,0.01644,0.25518,0.25678,16.06628,11.09766
COMPANY_99186_MSI,2023,Q1,5235,19,91,0.00363,0.01738,0.53645,0.35434,19.46526,12.14397
COMPANY_99186_MSI,2023,Q2,9040,44,163,0.00487,0.01803,0.34829,0.35232,16.49571,10.13714
COMPANY_99186_MSI,2023,Q3,7856,27,144,0.00344,0.01833,0.42058,0.31793,15.98321,10.55061
COMPANY_99186_MSI,2023,Q4,9679,42,185,0.00434,0.01911,0.50549,0.35458,16.92313,11.50537
COMPANY_99186_MSI,2024,Q1,5986,11,73,0.00184,0.0122,0.43374,0.24056,17.2779,12.77755
COMPANY_99186_MSI,2024,Q2,10179,64,177,0.00629,0.01739,0.463,0.27903,17.55939,10.02747
COMPANY_99186_MSI,2024,Q3,8063,37,155,0.00459,0.01922,0.4885,0.30962,18.61178,11.22157
COMPANY_99186_MSI,2024,Q4,6750,30,126,0.00444,0.01867,0.53758,0.3505,18.29915,12.01042
COMPANY_97199_NOC,2023,Q4,10343,35,224,0.00338,0.02166,0.28797,0.29894,16.28352,11.73089
COMPANY_97199_NOC,2024,Q1,9238,54,185,0.00585,0.02003,0.38192,0.23062,18.50388,12.03998
COMPANY_97199_NOC,2024,Q2,9700,35,222,0.00361,0.02289,0.49123,0.33183,19.0899,11.73334
COMPANY_97199_NOC,2024,Q3,9601,51,221,0.00531,0.02302,0.42432,0.35792,18.37474,11.77859
COMPANY_97199_NOC,2024,Q4,9634,74,216,0.00768,0.02242,0.32088,0.34875,16.99259,10.36205
COMPANY_97199_NOC,2025,Q1,9478,55,271,0.0058,0.02859,0.40467,0.25706,18.33444,10.47313
COMPANY_972190_ACN,2023,Q1,10523,105,180,0.00998,0.01711,0.43429,0.36827,19.18687,12.73139
COMPANY_972190_ACN,2023,Q2,11103,109,190,0.00982,0.01711,0.43299,0.38319,19.4982,11.57167
COMPANY_972190_ACN,2023,Q3,11082,111,179,0.01002,0.01615,0.39845,0.34759,19.09778,11.76844
COMPANY_972190_ACN,2023,Q4,11380,112,172,0.00984,0.01511,0.42663,0.36443,19.20039,11.75385
COMPANY_972190_ACN,2024,Q1,12017,101,228,0.0084,0.01897,0.34049,0.30959,18.73068,12.08285
COMPANY_972190_ACN,2024,Q2,10526,145,166,0.01378,0.01577,0.42692,0.34088,19.16993,11.60039
COMPANY_972190_ACN,2024,Q3,10910,149,155,0.01366,0.01421,0.4093,0.37764,19.03727,11.23283
COMPANY_972190_ACN,2024,Q4,11311,97,212,0.00858,0.01874,0.37838,0.37351,19.26265,11.89401
COMPANY_972190_ACN,2025,Q1,10723,85,180,0.00793,0.01679,0.3743,0.35571,18.46411,10.89004
COMPANY_972190_ACN,2025,Q2,11126,93,210,0.00836,0.01887,0.43299,0.32539,20.79089,12.32933
COMPANY_9830660_DOW,2023,Q1,10112,36,158,0.00356,0.01562,0.44802,0.26963,20.2994,13.21975
COMPANY_9830660_DOW,2023,Q2,10348,31,143,0.003,0.01382,0.20078,0.23756,20.10972,13.6256
COMPANY_9830660_DOW,2023,Q3,10182,37,178,0.00363,0.01748,0.32612,0.27855,19.76445,13.7827
COMPANY_9830660_DOW,2023,Q4,10433,31,172,0.00297,0.01649,0.36263,0.24586,19.51521,12.7212
